{
  "CautiousBehaviour" : { },
  "PlaneAbilities" : {
    "AbilitySlot0" : {
      "abils" : [ ],
      "slot" : 0
    },
    "AbilitySlot1" : {
      "abils" : [ ],
      "slot" : 1
    },
    "AbilitySlot2" : {
      "abils" : [ ],
      "slot" : 2
    },
    "AbilitySlot3" : {
      "abils" : [ ],
      "slot" : 3
    },
    "AbilitySlot4" : {
      "abils" : [ ],
      "slot" : 4
    }
  },
  "accelerationMaxFov" : 1.4,
  "activeAntiAirAura" : 0.0,
  "aimingAccelerationModifier" : 1.0,
  "aimingAccuracyDecreaseRate" : -0.2,
  "aimingAccuracyIncreaseRate" : 0.1,
  "aimingCameraDistance" : [ 2, 0.5 ],
  "aimingCameraFovSettings" : [ 1, 0.5 ],
  "aimingCameraHeight" : [ 2, 0.5 ],
  "aimingCameraOffset" : [ 0, 1 ],
  "aimingCameraPitchSettings" : [ 0.0, -1.5, 0, 1 ],
  "aimingCameraSensitivity" : [ 0.5, 0.5 ],
  "aimingCameraYawSettings" : [ 0.0, 2.0, 1 ],
  "aimingFormation" : [ [ "WARD_formation" ], 0.1 ],
  "aimingHeight" : 5.0,
  "aimingSpeedLimits" : [ 0.5, 1.5 ],
  "aimingTime" : 15.0,
  "aimingTurnAccelerationModifier" : 1.0,
  "aimingTurnSpeedLimit" : 0.3,
  "airBrakesDeploymentTime" : 1.0,
  "airBreakEffect" : "particles/airplanes/Air_break.xml",
  "airBrokenPartsEffect" : "particles/airplanes/Air_brokenParts.xml",
  "airDeathEffects" : [ "particles/airplanes/Air_death_1.xml", "particles/airplanes/Air_death_2.xml", "particles/airplanes/Air_death_3.xml" ],
  "airDestroyEffects" : [ "particles/airplanes/Air_explosion_1.xml", "particles/airplanes/Air_explosion_2.xml" ],
  "airExplosionEffects" : [ "particles/airplanes/Air_explosion_1.xml", "particles/airplanes/Air_explosion_3.xml" ],
  "airFireEffect" : "particles/airplanes/Air_state_4_fire.xml",
  "airGunfireEffect" : "particles/airplanes/Air_gunfire.xml",
  "airHitEffect" : "particles/airplanes/Air_hit_1.xml",
  "airSmokeEffects" : [ "particles/airplanes/Air_state_1_smoke.xml", "particles/airplanes/Air_state_2_smoke.xml", "particles/airplanes/Air_state_3_smoke.xml" ],
  "angleOfClimb" : 35.0,
  "angleOfDive" : -75.0,
  "attackAngle" : null,
  "attackCooldown" : 5,
  "attackCount" : 1,
  "attackInterval" : 1,
  "attackPreparationFormation" : [ [ "WARD_formation" ], 0.1 ],
  "attackerDamageTakenMultiplier" : 0.7,
  "attackerDisengageTime" : 10.0,
  "attackerHeight" : 3.0,
  "attackerSize" : 1,
  "bombFallingTime" : 0.3,
  "bombFallingTimeGround" : 0.3,
  "bombName" : "PAPB007_500lbs_ANM64",
  "bombSalvoCoef" : [ 1.0, 1.0 ],
  "bombSalvoCoefDefense" : [ 1.5, 1.5 ],
  "bombSalvoCoefGround" : [ 1, 1 ],
  "bombSalvoCoefGroundDefense" : [ 1.5, 1.5 ],
  "bombingAttackAngle" : 90.0,
  "bombingAttackAngleGround" : 90.0,
  "bombingAttackPointDistance" : 20.0,
  "bombingAttackPointDistanceGround" : 20.0,
  "bombingAttackPointHeight" : 15,
  "bombingAttackPointHeightGround" : 15,
  "bombingDelay" : 0.01,
  "bombingDelayGround" : 0.01,
  "bombingDeploymentDistance" : 5,
  "bombingDropPointTime" : 1.2,
  "bombingDropPointTimeGround" : 1.2,
  "bombingRunAwayDistance" : 0.1,
  "bombingRunAwayDistanceGround" : 0.1,
  "bombingRunAwayHeight" : 15,
  "bombingRunAwayHeightGround" : 15,
  "bombingStartPointDistance" : 33.3,
  "bombingStartPointDistanceGround" : 33.3,
  "bombingStartPointHeight" : 5,
  "bombingStartPointHeightGround" : 5,
  "bombingStartTime" : 0.1,
  "bombingStartTimeGround" : 0.1,
  "climbSpeedCoef" : 0.8,
  "costCR" : 350,
  "customProjRenderSets" : [ [ "stub", "pylon_bomb_custom_BlendBone" ], [ "stub1", "pylon_torpedo_custom_BlendBone" ], [ "stub2", "pylon_rocket_custom_BlendBone" ] ],
  "deathCameraJumpDelay" : 120.0,
  "deathCameraSlowdownTime" : 3.0,
  "deathPenalty" : 2.5,
  "decelerationMinFov" : 0.8,
  "defaultCameraDistance" : [ 0.3, 1 ],
  "defaultCameraFovSettings" : [ 1, 0.5 ],
  "defaultCameraHeight" : [ 0.3, 1 ],
  "defaultCameraOffset" : [ 0, 1 ],
  "defaultCameraPitchSettings" : [ 0.0, -0.5, 0, 1 ],
  "defaultCameraSensitivity" : [ 1, 1 ],
  "defaultCameraYawSettings" : [ 0.0, 3.5, 0.5 ],
  "defaultLerpStep" : 10,
  "defenceTracerName" : "PCPP003_Default_Defence",
  "delayBeforeCamJumpAfterAttack" : 0,
  "depletedForsageThreshold" : 0.25,
  "disableAfterSplitTime" : 4,
  "disableHeightIncrease" : 99,
  "disableHeightTime" : 5,
  "disableSpeed" : 2.0,
  "diveBomberBrakesStrength" : 0.75,
  "diveCameraDistance" : [ 1, 2 ],
  "diveCameraFovSettings" : [ 1, 0.5 ],
  "diveCameraHeight" : [ 1, 2 ],
  "diveCameraOffset" : [ 0, 1 ],
  "diveCameraPitchSettings" : [ 0.0, 0.0, 0.0, 1 ],
  "diveCameraSensitivity" : [ 1, 1 ],
  "diveCameraYawSettings" : [ 0.0, 3.0, 1 ],
  "diveHeightDecrease" : 1,
  "diveSpeedCoef" : 0.66,
  "diveTime" : 0.1,
  "drawAttackTimer" : false,
  "drawClientAttackPoint" : false,
  "drawClientPlanePos" : false,
  "drawClientPos" : false,
  "drawServerAttackPoint" : false,
  "drawServerPlanePos" : false,
  "drawServerPos" : false,
  "emptyReturnSpeedMultiplier" : 1,
  "engineFireEffect" : "particles/airplanes/Air_state_3_fire.xml",
  "engineLightEffect" : "particles/airplanes/Air_enginelight.xml",
  "engineSoundType" : "Standard",
  "escortPlaneFollowDistance" : 0,
  "escortShipAttackDist" : 130.0,
  "escortShipChaseDist" : 150.0,
  "escortShipFollowDistance" : 100.0,
  "fightTracerName" : "",
  "fightingFormationDistance" : 1,
  "fightingStartDistance" : 1,
  "fightingStopDistance" : 1,
  "finalAttackCameraJumpDelay" : 120.0,
  "finalAttackCameraSlowdownTime" : 3.0,
  "flightHeight" : 20.0,
  "flightRadius" : 40.0,
  "flyScreenEffect" : "particles/airplanes/Air_screen_fly.xml",
  "formationAttack" : [ [ "DiveBombing" ], 1.0 ],
  "formationAttackMove" : [ [ "DiveBombing" ], 1.0 ],
  "formationAvoidThreat" : [ [ "AllTypesAvoidThreatRight", "AllTypesAvoidThreatLeft" ], 3.0 ],
  "formationBombing" : [ [ "DiveBombing" ], 1.0 ],
  "formationEscortPlane" : [ [ "USBomberMove" ], 1.0 ],
  "formationEscortShip" : [ [ "USBomberMove" ], 1.0 ],
  "formationMove" : [ [ "USBomberMove" ], 1.0 ],
  "formationMoveToTarget" : [ [ "DiveBombingHalf" ], 1.0 ],
  "formationSpinAround" : [ [ "USBomberMove" ], 1.0 ],
  "forsageAcceleration" : 1,
  "forsageDeceleration" : 0.75,
  "forsageEffect" : "particles/airplanes/Air_forsage.xml",
  "forsageRegeneration" : 0.5,
  "forsageRegenerationDelay" : 0.25,
  "forsageScreenEffect" : "particles/airplanes/Air_forsage_screen.xml",
  "fuelTime" : 180.0,
  "groundDestroyEffects" : [ "particles/airplane_ground_destroy.xml", "particles/airplane_ground_destroy_2.xml" ],
  "hangarSettings" : {
    "maxValue" : 0,
    "restoreAmount" : 1,
    "startValue" : 0,
    "timeToRestore" : 0.1
  },
  "id" : 4281237488,
  "inLandingQueueFlightHeight" : 10.0,
  "inLandingQueueFlightRadius" : 19.0,
  "index" : "PAAD013",
  "isConsumablePlane" : false,
  "keyboardTurnStrength" : 0.5,
  "launchCameraDistance" : [ -4.0, 1 ],
  "launchCameraFovSettings" : [ 1, 0.5 ],
  "launchCameraHeight" : [ 0.3, 1 ],
  "launchCameraOffset" : [ 0, 1 ],
  "launchCameraPitchSettings" : [ -0.2, -0.5, 0.0, 1 ],
  "launchCameraSensitivity" : [ 1, 1 ],
  "launchCameraYawSettings" : [ 0.0, 3.5, 0.5 ],
  "launchDelayStep" : -0.4,
  "launchMeetingTime" : 0.1,
  "launchPrepareTime" : 0.1,
  "lerpThreshold" : 0.5,
  "level" : 7,
  "lowLodDist" : 210,
  "maneuverFormation" : [ [ "WARD_formation" ], 1.0 ],
  "maxAimAttackerDist" : 25,
  "maxAirBrakesPitch" : 1.4,
  "maxForsageAmount" : 20,
  "maxHealth" : 14.3,
  "maxLaunchDelay" : 2,
  "maxRotateSpeed" : 1,
  "maxRudderYaw" : 1.0,
  "maxSpread" : [ 3, 3 ],
  "maxTorpedoTime" : 0,
  "maxVisibilityFactor" : 10.0,
  "maxVisibilityFactorByPlane" : 10.0,
  "minLaunchDelay" : 0.1,
  "minLerpStep" : 10,
  "minSpread" : [ 1, 1 ],
  "minTorpedoTime" : 0,
  "minVisibilityFactor" : 10.0,
  "minVisibilityFactorByPlane" : 10.0,
  "model" : "content/gameplay/usa/aircraft/dive/AAD009_Douglas_SBD5/AAD009_Douglas_SBD5.model",
  "mouseTurnStrength" : [ [ 1, 0.2 ], [ 2, 0.225 ], [ 3, 0.25 ], [ 4, 0.275 ], [ 5, 0.3 ], [ 6, 0.35 ], [ 7, 0.4 ], [ 8, 0.45 ], [ 9, 0.5 ], [ 15, 0.5 ], [ 16, 0.4 ], [ 17, 0.3 ], [ 18, 0.2 ], [ 19, 0.1 ], [ 20, 0 ] ],
  "movementAcknowledgeDelay" : 0.0,
  "name" : "PAAD013_Douglas_SBD5",
  "normalLodDist" : 190,
  "numFloats" : 0,
  "numPlanesInSquadron" : 1,
  "passiveAntiAirAura" : 0.13,
  "pitchChangeRate" : 300,
  "planeMaxPitchSpeed" : 1.5,
  "planePitchAccelerationTime" : 1.5,
  "planeSpeedupCoef" : 2,
  "planeTurnRadius" : 3.23,
  "planeYawAccelerationTime" : 1.5,
  "postAttackInvulnerabilityDuration" : 3.5,
  "preparationAccelerationModifier" : 1.0,
  "preparationAccuracyDecreaseRate" : -0.2,
  "preparationAccuracyIncreaseRate" : 0.1,
  "preparationCameraDistance" : [ 3, 1 ],
  "preparationCameraFovSettings" : [ 1, 0.5 ],
  "preparationCameraHeight" : [ 3, 1 ],
  "preparationCameraOffset" : [ 0, 1 ],
  "preparationCameraPitchSettings" : [ 0.0, -1.0, 0, 1 ],
  "preparationCameraSensitivity" : [ 0.75, 0.75 ],
  "preparationCameraYawSettings" : [ 0.0, 1.0, 1 ],
  "preparationHeight" : 30.0,
  "preparationSpeedLimits" : [ 0.5, 1.5 ],
  "preparationTime" : 1.0,
  "preparationTurnAccelerationModifier" : 1.0,
  "preparationTurnSpeedLimit" : 0.3,
  "prepareTime" : 5.4,
  "propellerRPM" : 9999999,
  "renversementLeft" : [ [ 0, 10, 20 ], [ -40, 10, 20 ], [ -20, 0, 0 ] ],
  "renversementRight" : [ [ 0, 10, 20 ], [ 40, 10, 20 ], [ 20, 0, 0 ] ],
  "rotateAcceleration" : 9999,
  "rotateDeceleration" : 9999,
  "rudderTurnTime" : 1.5,
  "shootdownAirFrictionRelativeDeceleration" : 0.25,
  "shootdownFallAcceleration" : 2.0,
  "shootdownFallAccelerationDelta" : 1.0,
  "shootdownMaxRollSpeed" : 1000.0,
  "shootdownMinHorizontalSpeed" : 0.1,
  "shootdownRollAcceleration" : 360.0,
  "shootdownSideRelativeAcceleration" : 0.5,
  "speedAttack" : 137.0,
  "speedAttackMove" : 137.0,
  "speedDefense" : 103.0,
  "speedEscort" : 137.0,
  "speedFastAcceleration" : 0.1,
  "speedFastDeceleration" : 0.1,
  "speedLanding" : 80.0,
  "speedMax" : 1.5,
  "speedMin" : 0.8,
  "speedMove" : 171.0,
  "speedMoveWithBomb" : 137.0,
  "speedSlowAcceleration" : 0.1,
  "speedSlowDeceleration" : 0.1,
  "speedSpinAround" : 60.0,
  "squadronTurnRadius" : 6.46,
  "startAngle" : -13.8,
  "stormingFormation" : [ [ "WARD_formation_attack" ], 1.0 ],
  "stormingMoveAttackFormation" : [ [ "WARD_formation_attack" ], 0.1 ],
  "stormingTracerName" : "PCPP001_Default_Storming",
  "throttleBrakesStrength" : 0.5,
  "torpedoAimDist" : 100,
  "torpedoSpreading" : 10,
  "torpedoSpreadingDefense" : 10,
  "torpedoSpreadingGround" : 10,
  "torpedoSpreadingGroundDefense" : 10,
  "turnSettings" : [ [ 0.01, 0.0, 1.45 ], [ 0.02, 0.2, 1.35 ], [ 0.03, 0.4, 1.25 ], [ 0.04, 0.6, 1.15 ], [ 0.05, 0.8, 1.05 ], [ 0.06, 1.0, 0.95 ], [ 0.07, 1.2, 0.9 ], [ 0.08, 1.4, 0.85 ], [ 0.09, 1.6, 0.8 ] ],
  "typeinfo" : {
    "nation" : "USA",
    "species" : "Dive",
    "type" : "Aircraft"
  },
  "visionRayToShip" : 0.0,
  "visionToPlane" : 20.0,
  "visionToShip" : 20.0,
  "visionToTorpedo" : 0,
  "vitalityTimeAir" : 14.3,
  "waterDestroyEffects" : [ "particles/airplanes/Air_water_explosion_1.xml", "particles/airplanes/Air_water_explosion_2.xml", "particles/airplanes/Air_water_explosion_3.xml" ],
  "waterEffect" : "particles/airplane_water_effect.xml",
  "waterstepEffect" : "particles/airplanes/Air_waterstep.xml"
}