{
    "acidProb" : 0.0,
    "additionalShips" : [ ],
    "affectedByPTZ" : false,
    "alphaDamage" : 8100.0,
    "alphaPiercingCS" : 0,
    "alphaPiercingHE" : 0.0,
    "ammoType" : "AP",
    "applyPTZCoeff" : false,
    "bonusOffset" : 0,
    "bulletAirDrag" : 0.435,
    "bulletAlwaysRicochetAt" : 60.0,
    "bulletCap" : true,
    "bulletCapNormalizeMaxAngle" : 6.0,
    "bulletDetonator" : 0.033,
    "bulletDetonatorSpread" : 0.0,
    "bulletDetonatorThreshold" : 51.0,
    "bulletDiametr" : 0.305,
    "bulletKrupp" : 2408.0,
    "bulletMass" : 394.6,
    "bulletPenetrationSpread" : 0.0,
    "bulletRicochetAt" : 45.0,
    "bulletSpeed" : 823.0,
    "bulletUnderwaterDistFactor" : 0.8,
    "bulletUnderwaterPenetrationFactor" : 0.9,
    "bulletWaterDrag" : 10.0,
    "buoyancyToDamageCoeff" : {
        "DEEP_WATER" : 0.0,
        "DEEP_WATER_INVUL" : 0.0,
        "PERISCOPE" : 1.0,
        "SURFACE" : 1.0
    },
    "burnProb" : -0.5,
    "costCR" : 40,
    "customUIPostfix" : "",
    "damage" : 0.0,
    "damageVulnerabilityForShipClasses" : {
        "AirCarrier" : 1,
        "Auxiliary" : 1,
        "Battleship" : 1,
        "Cruiser" : 1,
        "Destroyer" : 1,
        "Submarine" : 1
    },
    "depthSplashRadius" : 0,
    "directDamage" : 0.0,
    "distParams" : [
        -0.12,
        0.1,
        0.12,
        0.0
    ],
    "distTile" : 3.0,
    "explosionRadius" : 200.0,
    "floodGeneration" : false,
    "ground" : [
        "particles/onGroundExplosion360mm_AP.xml",
        "particles/onGroundExplosion360mm_2_AP.xml"
    ],
    "groundHitDecalSize" : 1.0,
    "groundHorizontal" : [
        "particles/onGroundExplosion360mm_horizontal_AP.xml",
        "particles/onGroundExplosion360mm_horizontal_AP_1.xml",
        "particles/onGroundExplosion360mm_horizontal_AP_2.xml"
    ],
    "groundVertical" : [
        "particles/onGroundExplosion360mm_vertical_AP.xml",
        "particles/onGroundExplosion360mm_vertical_AP_1.xml",
        "particles/onGroundExplosion360mm_vertical_AP_2.xml",
        "particles/onGroundExplosion360mm_vertical_AP_3.xml"
    ],
    "hatTracerTexture" : "particles/trails/Trail_Shell_Hat.dds",
    "hitDecalSize" : 0.33,
    "id" : 4268737520,
    "ignoreBuoyancyStates" : [
        "DEEP_WATER",
        "DEEP_WATER_INVUL"
    ],
    "ignoreClasses" : [ ],
    "index" : "PAPA025",
    "isBomb" : false,
    "name" : "PAPA025_Shell_305mm_AP_AP",
    "onHit" : { },
    "ownHatTracerTexture" : "particles/trails/Trail_Shell_Hat_Own.dds",
    "ownTracerEffect" : "",
    "ownTracerTexture" : "particles/trails/Trail_GK_Own.dds",
    "pointsOfDamage" : [
        [
            0,
            0.165
        ],
        [
            1,
            0.165
        ]
    ],
    "projDestroyedEffect" : [
        "particles/Explosion_360_AP.xml",
        "particles/Explosion_360_2_AP.xml"
    ],
    "projDestroyedEffectHorizontal" : [
        "particles/Explosion_horizontal_360_AP_2.xml",
        "particles/Explosion_horizontal_360_AP.xml"
    ],
    "projDestroyedEffectVertical" : [
        "particles/Explosion_vertical_360_AP_2.xml",
        "particles/Explosion_vertical_360_AP.xml"
    ],
    "projHitCitadelEffectHorizontal" : [
        "particles/Explosion_Citadel_2.xml"
    ],
    "projHitCitadelEffectVertical" : [
        "particles/Explosion_Citadel_2.xml"
    ],
    "projHitNoPenetrationEffectHorizontal" : [
        "particles/Explosion_notCutThrough_1.xml",
        "particles/notCutThrough_horizontal.xml"
    ],
    "projHitNoPenetrationEffectVertical" : [
        "particles/Explosion_notCutThrough_1.xml",
        "particles/notCutThrough_vertical.xml"
    ],
    "projOverPenetrationEffectHorizontal" : [
        "particles/Explosion_CutThrough.xml"
    ],
    "projOverPenetrationEffectVertical" : [
        "particles/Explosion_CutThrough.xml"
    ],
    "projRicochetEffectHorizontal" : [
        "particles/Ricochet_1.xml",
        "particles/Ricochet_2.xml"
    ],
    "projRicochetEffectVertical" : [
        "particles/Ricochet_1.xml",
        "particles/Ricochet_2.xml"
    ],
    "shellDistortTexture" : "particles/trails/Trail_Distort_Neutral.dds",
    "shellGlow" : 2.5,
    "shellLength" : 2.5,
    "shellModelScale" : 0.12,
    "shellTint" : [
        0.53,
        0.855,
        0.925
    ],
    "shipDestroyEffect" : "particles/Empty_FX.xml",
    "smokeAlphaFalloff" : 70.0,
    "smokeDistortTexture" : "particles/trails/Trail_Distort_Smoke.dds",
    "smokeOpacity" : 0.37,
    "smokeTexture" : "particles/trails/Trail_Smoke.dds",
    "smokeThickness" : 0.2,
    "smokeTileLength" : 2.0,
    "smokeTint" : [
        1.0,
        1.0,
        1.0
    ],
    "splashArmorCoeff" : 0.0,
    "splashCubeSize" : 0.0,
    "timeFactor" : 1.0,
    "tracerEffect" : "",
    "tracerLength" : 75.0,
    "tracerOpacity" : 1.0,
    "tracerTexture" : "particles/trails/Trail_GK.dds",
    "tracerThickness" : 0.077,
    "typeinfo" : {
        "nation" : "USA",
        "species" : "Artillery",
        "type" : "Projectile"
    },
    "useSpecialShellModel" : false,
    "uvSpeed" : -0.2,
    "uwCritical" : 0.0,
    "volume" : 0.0,
    "water" : [
        "particles/onWaterExplosion200mm_AP.xml",
        "particles/onWaterExplosion200mm_AP_1.xml",
        "particles/onWaterExplosion200mm_AP_2.xml",
        "particles/onWaterExplosion200mm_AP_3.xml",
        "particles/onWaterExplosion200mm_AP_4.xml"
    ],
    "waterEffectMaxIntensity" : 10.0,
    "waterEffectMinIntensity" : 0.1,
    "waterRefractionReflectDeltaAngleInterval" : [
        2.0,
        6.0
    ]
}