{
    "affectedByPTZ" : false,
    "alphaDamage" : 13100.0,
    "alphaPiercingCS" : 0,
    "alphaPiercingHE" : 0.0,
    "ammoType" : "AP",
    "applyPTZCoeff" : false,
    "bulletAirDrag" : 0.352,
    "bulletAlwaysRicochetAt" : 60.0,
    "bulletCap" : true,
    "bulletCapNormalizeMaxAngle" : 6.0,
    "bulletDetonator" : 0.033,
    "bulletDetonatorSpread" : 0.0,
    "bulletDetonatorThreshold" : 68.0,
    "bulletDiametr" : 0.406,
    "bulletKrupp" : 2598.0,
    "bulletMass" : 1225.0,
    "bulletPenetrationSpread" : 0.0,
    "bulletRicochetAt" : 45.0,
    "bulletSpeed" : 701.0,
    "bulletUnderwaterDistFactor" : 0.8,
    "bulletUnderwaterPenetrationFactor" : 0.9,
    "bulletWaterDrag" : 10.0,
    "buoyancyToDamageCoeff" : {
        "0" : 1.0,
        "1" : 1.0,
        "2" : 0.0,
        "3" : 0.0
    },
    "burnProb" : -0.5,
    "costCR" : 150,
    "crewSmokeTexture" : "particles/trails/Trail_smoke_commander_R.dds",
    "customTrails" : {
        "PAW404_Ovechkin" : "particles/trails/Trail_smoke_commander_B.dds",
        "PAW405_OvechkinPrem" : "particles/trails/Trail_smoke_commander_B.dds",
        "PAW406_OvechkinPremHell" : "particles/trails/Trail_smoke_commander_B.dds",
        "PBW100_Cunningham" : "particles/trails/Trail_smoke_commander_B.dds",
        "PFW405_Auboyneau" : "particles/trails/Trail_smoke_commander_LB.dds",
        "PGW103_Lutjens" : "particles/trails/Trail_smoke_commander_R.dds",
        "PIW101_Sansonetti" : "particles/trails/Trail_smoke_commander_R.dds",
        "PRW404_Ovechkin" : "particles/trails/Trail_smoke_commander_B.dds",
        "PRW406_Kuznetsov" : "particles/trails/Trail_smoke_commander_Kuznetsov.dds",
        "PWW010_Swirski" : "particles/trails/Trail_smoke_commander_B.dds",
        "default" : "particles/trails/Trail_smoke_commander_R.dds"
    },
    "damage" : 0.0,
    "depthSplashRadius" : 0,
    "directDamage" : 0.0,
    "floodGeneration" : false,
    "ground" : "particles/onGroundExplosion360mm.xml",
    "hatTracerTexture" : "particles/trails/Trail_Shell_Hat_Enemy.dds",
    "hitDecalSize" : 0.53,
    "id" : 4211065840,
    "index" : "PAPA080",
    "name" : "PAPA080_406MM_AP_MASS",
    "ownHatTracerTexture" : "particles/trails/Trail_Shell_Hat.dds",
    "ownTracerEffect" : "",
    "ownTracerTexture" : "particles/trails/Trail_Gk.dds",
    "pointsOfDamage" : [
        [
            0,
            0.33
        ],
        [
            0.33,
            0.33
        ],
        [
            0.3301,
            0.165
        ],
        [
            1,
            0.165
        ]
    ],
    "projDestroyedEffect" : "particles/Explosion_360_AP_Void.xml",
    "shellGlow" : 10.0,
    "shellLength" : 1.6,
    "shellModelScale" : 0.1,
    "shipDestroyEffect" : "particles/onWaterExplosion127mm.xml",
    "shotSound" : "GameLogic.Shot.GK.IncomingShell",
    "smokeAlphaFalloff" : 70.0,
    "smokeOpacity" : 0.37,
    "smokeTexture" : "particles/trails/Trail_smoke.dds",
    "smokeThickness" : 0.2,
    "smokeTileLength" : 22.0,
    "splashArmorCoeff" : 0.0,
    "splashCubeSize" : 0.0,
    "tracerEffect" : "",
    "tracerLength" : 75.0,
    "tracerOpacity" : 1.0,
    "tracerTexture" : "particles/trails/Trail_Gk_Enemy.dds",
    "tracerThickness" : 0.077,
    "typeinfo" : {
        "nation" : "USA",
        "species" : "Artillery",
        "type" : "Projectile"
    },
    "useSpecialShellModel" : false,
    "uwCritical" : 0.0,
    "volume" : 0.0,
    "water" : "particles/onWaterExplosion360mm.xml",
    "waterRefractionReflectDeltaAngleInterval" : [
        2.0,
        6.0
    ]
}