{
    "affectedByPTZ" : false,
    "alphaDamage" : 5000.0,
    "alphaPiercingCS" : 0,
    "alphaPiercingHE" : 59.0,
    "ammoType" : "HE",
    "applyPTZCoeff" : false,
    "bulletAirDrag" : 0.325,
    "bulletAlwaysRicochetAt" : 60.0,
    "bulletCap" : true,
    "bulletCapNormalizeMaxAngle" : 8.0,
    "bulletDetonator" : 0.001,
    "bulletDetonatorSpread" : 0.0,
    "bulletDetonatorThreshold" : 2.0,
    "bulletDiametr" : 0.356,
    "bulletKrupp" : 395.0,
    "bulletMass" : 578.34,
    "bulletPenetrationSpread" : 0.0,
    "bulletRicochetAt" : 91.0,
    "bulletSpeed" : 861.0,
    "bulletUnderwaterDistFactor" : 0.8,
    "bulletUnderwaterPenetrationFactor" : 0.9,
    "bulletWaterDrag" : 10.0,
    "buoyancyToDamageCoeff" : {
        "0" : 1.0,
        "1" : 1.0,
        "2" : 0.0,
        "3" : 0.0
    },
    "burnProb" : 0.3,
    "costCR" : 60,
    "crewSmokeTexture" : "particles/trails/Trail_smoke_commander_R.dds",
    "customTrails" : {
        "PAW404_Ovechkin" : "particles/trails/Trail_smoke_commander_B.dds",
        "PAW405_OvechkinPrem" : "particles/trails/Trail_smoke_commander_B.dds",
        "PAW406_OvechkinPremHell" : "particles/trails/Trail_smoke_commander_B.dds",
        "PBW100_Cunningham" : "particles/trails/Trail_smoke_commander_B.dds",
        "PFW405_Auboyneau" : "particles/trails/Trail_smoke_commander_LB.dds",
        "PGW103_Lutjens" : "particles/trails/Trail_smoke_commander_R.dds",
        "PIW101_Sansonetti" : "particles/trails/Trail_smoke_commander_R.dds",
        "PRW404_Ovechkin" : "particles/trails/Trail_smoke_commander_B.dds",
        "PRW406_Kuznetsov" : "particles/trails/Trail_smoke_commander_Kuznetsov.dds",
        "default" : "particles/trails/Trail_smoke_commander_R.dds"
    },
    "damage" : 3570.0,
    "depthSplashRadius" : 4.13,
    "directDamage" : 0.0,
    "floodGeneration" : false,
    "ground" : "particles/onGroundExplosion360mm.xml",
    "hatTracerTexture" : "particles/trails/Trail_Shell_Hat_HE_Enemy.dds",
    "hitDecalSize" : 0.5,
    "id" : 4287611888,
    "index" : "PAPA007",
    "name" : "PAPA007_Shell_356mm_HE_HC_Mk_22",
    "ownHatTracerTexture" : "particles/trails/Trail_Shell_Hat_HE.dds",
    "ownTracerEffect" : "",
    "ownTracerTexture" : "particles/trails/Trail_Gk_HE.dds",
    "pointsOfDamage" : [
        [
            0,
            0.33
        ],
        [
            0.33,
            0.33
        ],
        [
            0.3301,
            0.165
        ],
        [
            1,
            0.165
        ]
    ],
    "projDestroyedEffect" : "particles/Explosion_360_HE_Void.xml",
    "shellGlow" : 10.0,
    "shellLength" : 3.5,
    "shellModelScale" : 0.11,
    "shipDestroyEffect" : "particles/onWaterExplosion127mm.xml",
    "shotSound" : "GameLogic.Shot.GK.IncomingShell",
    "smokeAlphaFalloff" : 70.0,
    "smokeOpacity" : 0.8,
    "smokeTexture" : "particles/trails/Trail_smoke_R.dds",
    "smokeThickness" : 0.2,
    "smokeTileLength" : 22.0,
    "splashArmorCoeff" : -0.15,
    "splashCubeSize" : 2.01,
    "tracerEffect" : "",
    "tracerLength" : 75.0,
    "tracerOpacity" : 1.0,
    "tracerTexture" : "particles/trails/Trail_Gk_HE_Enemy.dds",
    "tracerThickness" : 0.11,
    "typeinfo" : {
        "nation" : "USA",
        "species" : "Artillery",
        "type" : "Projectile"
    },
    "useSpecialShellModel" : false,
    "uwCritical" : 0.0,
    "volume" : 4.97,
    "water" : "particles/onWaterExplosion360mm.xml",
    "waterRefractionReflectDeltaAngleInterval" : [
        2.0,
        6.0
    ]
}