{
    "acidProb" : 0.0,
    "additionalShips" : [ ],
    "affectedByPTZ" : false,
    "alphaDamage" : 2200.0,
    "alphaPiercingCS" : 0,
    "alphaPiercingHE" : 0.0,
    "ammoType" : "AP",
    "applyPTZCoeff" : false,
    "bonusOffset" : 0,
    "bulletAirDrag" : 0.36,
    "bulletAlwaysRicochetAt" : 60.0,
    "bulletCap" : true,
    "bulletCapNormalizeMaxAngle" : 10.0,
    "bulletDetonator" : 0.01,
    "bulletDetonatorSpread" : 0.0,
    "bulletDetonatorThreshold" : 21.0,
    "bulletDiametr" : 0.127,
    "bulletKrupp" : 1400.0,
    "bulletMass" : 22.7,
    "bulletPenetrationSpread" : 0.0,
    "bulletRicochetAt" : 45.0,
    "bulletSpeed" : 960.0,
    "bulletUnderwaterDistFactor" : 0.8,
    "bulletUnderwaterPenetrationFactor" : 0.9,
    "bulletWaterDrag" : 10.0,
    "buoyancyToDamageCoeff" : {
        "DEEP_WATER" : 0.0,
        "DEEP_WATER_INVUL" : 0.0,
        "PERISCOPE" : 1.0,
        "SURFACE" : 1.0
    },
    "burnProb" : -0.5,
    "costCR" : 0,
    "crewSmokeTexture" : "particles/trails/Trail_smoke_commander_R.dds",
    "customTrails" : {
        "PAW404_Ovechkin" : "particles/trails/Trail_smoke_commander_B.dds",
        "PAW405_OvechkinPrem" : "particles/trails/Trail_smoke_commander_B.dds",
        "PAW406_OvechkinPremHell" : "particles/trails/Trail_smoke_commander_B.dds",
        "PBW100_Cunningham" : "particles/trails/Trail_smoke_commander_B.dds",
        "PFW405_Auboyneau" : "particles/trails/Trail_smoke_commander_LB.dds",
        "PGW103_Lutjens" : "particles/trails/Trail_smoke_commander_R.dds",
        "PIW101_Sansonetti" : "particles/trails/Trail_smoke_commander_R.dds",
        "PRW404_Ovechkin" : "particles/trails/Trail_smoke_commander_B.dds",
        "PRW406_Kuznetsov" : "particles/trails/Trail_smoke_commander_Kuznetsov.dds",
        "PWW010_Swirski" : "particles/trails/Trail_smoke_commander_B.dds",
        "default" : "particles/trails/Trail_smoke_commander_R.dds"
    },
    "damage" : 0.0,
    "damageVulnerabilityForShipClasses" : {
        "AirCarrier" : 1,
        "Auxiliary" : 1,
        "Battleship" : 1,
        "Cruiser" : 1,
        "Destroyer" : 1,
        "Submarine" : 1
    },
    "depthSplashRadius" : 0,
    "directDamage" : 0.0,
    "explosionRadius" : 200.0,
    "floodGeneration" : false,
    "ground" : "particles/onGroundExplosion127mm.xml",
    "hatTracerTexture" : "particles/trails/Trail_Shell_Hat_Enemy.dds",
    "hitDecalSize" : 0.3,
    "id" : 4246717424,
    "ignoreBuoyancyStates" : [
        "DEEP_WATER",
        "DEEP_WATER_INVUL"
    ],
    "ignoreClasses" : [ ],
    "index" : "PAPA046",
    "isBomb" : false,
    "name" : "PAPA046_Shell_127_AP_C_Mk_15",
    "onHit" : { },
    "ownHatTracerTexture" : "particles/trails/Trail_Shell_Hat.dds",
    "ownTracerEffect" : "",
    "ownTracerTexture" : "particles/trails/Trail_Gk.dds",
    "pointsOfDamage" : [
        [
            0,
            0.165
        ],
        [
            1,
            0.165
        ]
    ],
    "projDestroyedEffect" : "particles/Explosion_127_AP_void.xml",
    "shellGlow" : 10.0,
    "shellLength" : 1.6,
    "shellModelScale" : 0.1,
    "shipDestroyEffect" : "particles/onWaterExplosion127mm.xml",
    "shotSound" : "GameLogic.Shot.GK.IncomingShell",
    "smokeAlphaFalloff" : 70.0,
    "smokeOpacity" : 0.37,
    "smokeTexture" : "particles/trails/Trail_smoke.dds",
    "smokeThickness" : 0.2,
    "smokeTileLength" : 22.0,
    "splashArmorCoeff" : 0.0,
    "splashCubeSize" : 0.0,
    "tracerEffect" : "",
    "tracerLength" : 75.0,
    "tracerOpacity" : 1.0,
    "tracerTexture" : "particles/trails/Trail_Gk_Enemy.dds",
    "tracerThickness" : 0.077,
    "typeinfo" : {
        "nation" : "USA",
        "species" : "Artillery",
        "type" : "Projectile"
    },
    "useSpecialShellModel" : false,
    "uwCritical" : 0.0,
    "volume" : 0.0,
    "water" : "particles/onWaterExplosion127mm.xml",
    "waterRefractionReflectDeltaAngleInterval" : [
        2.0,
        6.0
    ]
}