{
    "acidProb" : 0.0,
    "additionalShips" : [ ],
    "affectedByPTZ" : false,
    "alphaDamage" : 1100.0,
    "alphaPiercingCS" : 0,
    "alphaPiercingHE" : 25.0,
    "ammoType" : "HE",
    "applyPTZCoeff" : false,
    "bonusOffset" : 0,
    "bulletAirDrag" : 0.315,
    "bulletAlwaysRicochetAt" : 60.0,
    "bulletCap" : true,
    "bulletCapNormalizeMaxAngle" : 8.0,
    "bulletDetonator" : 0.01,
    "bulletDetonatorSpread" : 0.0,
    "bulletDetonatorThreshold" : 2.0,
    "bulletDiametr" : 0.152,
    "bulletKrupp" : 320.0,
    "bulletMass" : 47.6,
    "bulletPenetrationSpread" : 0.0,
    "bulletRicochetAt" : 91.0,
    "bulletSpeed" : 853.0,
    "bulletUnderwaterDistFactor" : 0.8,
    "bulletUnderwaterPenetrationFactor" : 0.9,
    "bulletWaterDrag" : 10.0,
    "buoyancyToDamageCoeff" : {
        "DEEP_WATER" : 0.0,
        "DEEP_WATER_INVUL" : 0.0,
        "PERISCOPE" : 1.0,
        "SURFACE" : 1.0
    },
    "burnProb" : 0.12,
    "costCR" : 0,
    "customUIPostfix" : "",
    "damage" : 395.0,
    "damageVulnerabilityForShipClasses" : {
        "AirCarrier" : 1,
        "Auxiliary" : 1,
        "Battleship" : 1,
        "Cruiser" : 1,
        "Destroyer" : 1,
        "Submarine" : 1
    },
    "depthSplashRadius" : 3.02,
    "directDamage" : 0.0,
    "distParams" : [
        -0.12,
        0.1,
        0.12,
        0.0
    ],
    "distTile" : 3.0,
    "explosionRadius" : 200.0,
    "floodGeneration" : false,
    "ground" : [
        "particles/onGroundExplosion127mm_HE.xml",
        "particles/onGroundExplosion127mm_2_HE.xml"
    ],
    "groundHitDecalSize" : 1.0,
    "groundHorizontal" : [
        "particles/onGroundExplosion127mm_horizontal_HE.xml",
        "particles/onGroundExplosion127mm_horizontal_HE_1.xml",
        "particles/onGroundExplosion127mm_horizontal_HE_2.xml"
    ],
    "groundVertical" : [
        "particles/onGroundExplosion127mm_vertical_HE.xml",
        "particles/onGroundExplosion127mm_vertical_HE_1.xml",
        "particles/onGroundExplosion127mm_vertical_HE_2.xml",
        "particles/onGroundExplosion127mm_vertical_HE_3.xml"
    ],
    "hatTracerTexture" : "particles/trails/Trail_Shell_Hat.dds",
    "hitDecalSize" : 0.37,
    "id" : 4245668848,
    "ignoreBuoyancyStates" : [
        "DEEP_WATER",
        "DEEP_WATER_INVUL"
    ],
    "ignoreClasses" : [ ],
    "index" : "PAPA047",
    "isBomb" : false,
    "name" : "PAPA047_Shell_152mm_HE_HC_Mk_34",
    "onHit" : { },
    "ownHatTracerTexture" : "particles/trails/Trail_Shell_Hat_Own.dds",
    "ownTracerEffect" : "",
    "ownTracerTexture" : "particles/trails/Trail_GK_Own.dds",
    "pointsOfDamage" : [
        [
            0,
            0.165
        ],
        [
            1,
            0.165
        ]
    ],
    "projDestroyedEffect" : [
        "particles/Explosion_127_HE.xml",
        "particles/Explosion_127_2_HE.xml"
    ],
    "projDestroyedEffectHorizontal" : [
        "particles/Explosion_horizontal_127_HE_2.xml",
        "particles/Explosion_horizontal_127_HE.xml"
    ],
    "projDestroyedEffectVertical" : [
        "particles/Explosion_vertical_127_HE_2.xml",
        "particles/Explosion_vertical_127_HE.xml"
    ],
    "projHitCitadelEffectHorizontal" : [
        "particles/Explosion_Citadel_2.xml"
    ],
    "projHitCitadelEffectVertical" : [
        "particles/Explosion_Citadel_2.xml"
    ],
    "projHitNoPenetrationEffectHorizontal" : [
        "particles/Explosion_horizontal_127_HE_2.xml",
        "particles/Explosion_horizontal_127_HE.xml"
    ],
    "projHitNoPenetrationEffectVertical" : [
        "particles/Explosion_vertical_127_HE_2.xml",
        "particles/Explosion_vertical_127_HE.xml"
    ],
    "projOverPenetrationEffectHorizontal" : [
        "particles/Explosion_horizontal_127_HE_2.xml",
        "particles/Explosion_horizontal_127_HE.xml"
    ],
    "projOverPenetrationEffectVertical" : [
        "particles/Explosion_vertical_127_HE_2.xml",
        "particles/Explosion_vertical_127_HE.xml"
    ],
    "projRicochetEffectHorizontal" : [
        "particles/Ricochet_1.xml",
        "particles/Ricochet_2.xml"
    ],
    "projRicochetEffectVertical" : [
        "particles/Ricochet_1.xml",
        "particles/Ricochet_2.xml"
    ],
    "shellDistortTexture" : "particles/trails/Trail_Distort_Neutral.dds",
    "shellGlow" : 10.0,
    "shellLength" : 1.5,
    "shellModelScale" : 0.1,
    "shellTint" : [
        1.0,
        0.325,
        0.06
    ],
    "shipDestroyEffect" : "particles/Empty_FX.xml",
    "smokeAlphaFalloff" : 70.0,
    "smokeDistortTexture" : "particles/trails/Trail_Distort_Smoke.dds",
    "smokeOpacity" : 0.37,
    "smokeTexture" : "particles/trails/Trail_Smoke.dds",
    "smokeThickness" : 0.2,
    "smokeTileLength" : 2.0,
    "smokeTint" : [
        1.0,
        1.0,
        1.0
    ],
    "splashArmorCoeff" : -0.23,
    "splashCubeSize" : 0.58,
    "timeFactor" : 1.0,
    "tracerEffect" : "",
    "tracerLength" : 75.0,
    "tracerOpacity" : 1.0,
    "tracerTexture" : "particles/trails/Trail_GK.dds",
    "tracerThickness" : 0.077,
    "typeinfo" : {
        "nation" : "USA",
        "species" : "Artillery",
        "type" : "Projectile"
    },
    "useSpecialShellModel" : false,
    "uvSpeed" : -0.2,
    "uwCritical" : 0.0,
    "volume" : 1.1,
    "water" : [
        "particles/onWaterExplosion127mm_HE.xml",
        "particles/onWaterExplosion127mm_HE_1.xml",
        "particles/onWaterExplosion127mm_HE_2.xml",
        "particles/onWaterExplosion127mm_HE_3.xml",
        "particles/onWaterExplosion127mm_HE_4.xml"
    ],
    "waterEffectMaxIntensity" : 10.0,
    "waterEffectMinIntensity" : 0.1,
    "waterRefractionReflectDeltaAngleInterval" : [
        2.0,
        6.0
    ]
}