{
  "alphaDamage" : 5900.0,
  "alphaPiercingCS" : 0,
  "alphaPiercingHE" : 0,
  "ammoType" : "AP",
  "bulletAirDrag" : 0.35,
  "bulletAlwaysRicochetAt" : 60.0,
  "bulletCap" : true,
  "bulletCapNormalizeMaxAngle" : 45.0,
  "bulletDetonator" : 0.025,
  "bulletDetonatorSpread" : 0.0,
  "bulletDetonatorThreshold" : 25.0,
  "bulletDiametr" : 0.254,
  "bulletKrupp" : 2800.0,
  "bulletMass" : 288.0,
  "bulletPenetrationSpread" : 0.0,
  "bulletRicochetAt" : 45.0,
  "bulletSpeed" : 410.0,
  "bulletUnderwaterDistFactor" : 0.8,
  "bulletUnderwaterPenetrationFactor" : 1.0,
  "bulletWaterDrag" : 10.0,
  "burnProb" : -0.5,
  "costCR" : 5,
  "createDepthCharge" : false,
  "customTrails" : {
    "PAW404_Ovechkin" : "particles/trails/Trail_smoke_commander_B.dds",
    "PAW405_OvechkinPrem" : "particles/trails/Trail_smoke_commander_B.dds",
    "PAW406_OvechkinPremHell" : "particles/trails/Trail_smoke_commander_B.dds",
    "PFW405_Auboyneau" : "particles/trails/Trail_smoke_commander_LB.dds",
    "PGW103_Lutjens" : "particles/trails/Trail_smoke_commander_R.dds",
    "PIW101_Sansonetti" : "particles/trails/Trail_smoke_commander_R.dds",
    "PRW404_Ovechkin" : "particles/trails/Trail_smoke_commander_B.dds",
    "PRW406_Kuznetsov" : "particles/trails/Trail_smoke_commander_Kuznetsov.dds",
    "default" : "particles/trails/Trail_smoke_commander_R.dds"
  },
  "damage" : 0.0,
  "depthChargeName" : "PCPD010",
  "directDamage" : 0.0,
  "fallingTimeCoef" : 1.0,
  "fallingTracerEffect" : "particles/airplanes/Air_bomb.xml",
  "ground" : "particles/airBomb_ground.xml",
  "hatTracerTexture" : "particles/trails/Trail_Shell_Hat_Enemy.dds",
  "hitDecalSize" : 0.45,
  "id" : 3762242544,
  "index" : "PAPB508",
  "innerBombsPercentage" : 75.0,
  "innerSalvoSize" : [ 1.26, 5.04 ],
  "model" : "content/gameplay/usa/projectile/bomb/APB004_AN_M67_GP1600lb/APB004_AN_M67_GP1600lb.model",
  "name" : "PAPB508_Enterprise_stock",
  "outterSalvoSize" : [ 1.67, 6.67 ],
  "ownHatTracerTexture" : "particles/trails/Trail_Shell_Hat.dds",
  "ownTracerEffect" : "",
  "ownTracerTexture" : "particles/trails/Trail_Gk.dds",
  "planeAmmoType" : "bomb",
  "projDestroyedEffect" : "particles/airBomb_ship.xml",
  "shellGlow" : 10.0,
  "shellLength" : 2.4,
  "shellModelScale" : 0.1,
  "shipDestroyEffect" : "particles/onWaterExplosion127mm.xml",
  "shotSound" : "GameLogic.Shot.GK.IncomingShell",
  "smokeAlphaFalloff" : 1.0,
  "smokeOpacity" : 0,
  "smokeTexture" : "particles/trails/Trail_smoke.dds",
  "smokeThickness" : 0.22,
  "smokeTileLength" : 22.0,
  "splashArmorCoeff" : 0.0,
  "splashCubeSize" : 2.0,
  "tracerEffect" : "",
  "tracerLength" : 1.0,
  "tracerOpacity" : 0,
  "tracerTexture" : "particles/trails/Trail_Gk_Enemy.dds",
  "tracerThickness" : 0.077,
  "typeinfo" : {
    "nation" : "USA",
    "species" : "Bomb",
    "type" : "Projectile"
  },
  "useSpecialShellModel" : false,
  "uwAbility" : false,
  "uwCritical" : 0.0,
  "volume" : 1.0,
  "water" : "particles/airBomb_water.xml",
  "waterRefractionReflectDeltaAngleInterval" : [ 2.0, 6.0 ]
}