{
    "additionalShips" : [ ],
    "affectedByPTZ" : false,
    "alphaDamage" : 5400.0,
    "alphaPiercingCS" : 0,
    "alphaPiercingHE" : 64.0,
    "ammoType" : "HE",
    "applyPTZCoeff" : false,
    "bulletAirDrag" : 0.35,
    "bulletAlwaysRicochetAt" : 60.0,
    "bulletCap" : true,
    "bulletCapNormalizeMaxAngle" : 68.0,
    "bulletDetonator" : 0.01,
    "bulletDetonatorSpread" : 0.0,
    "bulletDetonatorThreshold" : 54.0,
    "bulletDiametr" : 0.305,
    "bulletKrupp" : 3.0,
    "bulletMass" : 113.0,
    "bulletPenetrationSpread" : 0.0,
    "bulletRicochetAt" : 60.0,
    "bulletSpeed" : 500.0,
    "bulletUnderwaterDistFactor" : 0.8,
    "bulletUnderwaterPenetrationFactor" : 1.0,
    "bulletWaterDrag" : 10.0,
    "buoyancyToDamageCoeff" : {
        "DEEP_WATER" : 0.0,
        "DEEP_WATER_INVUL" : 0.0,
        "PERISCOPE" : 1.0,
        "SURFACE" : 1.0
    },
    "burnProb" : 1.2,
    "costCR" : 5,
    "customTrails" : {
        "PAW404_Ovechkin" : "particles/trails/Trail_smoke_commander_B.dds",
        "PAW405_OvechkinPrem" : "particles/trails/Trail_smoke_commander_B.dds",
        "PAW406_OvechkinPremHell" : "particles/trails/Trail_smoke_commander_B.dds",
        "PBW100_Cunningham" : "particles/trails/Trail_smoke_commander_B.dds",
        "PFW405_Auboyneau" : "particles/trails/Trail_smoke_commander_LB.dds",
        "PGW103_Lutjens" : "particles/trails/Trail_smoke_commander_R.dds",
        "PIW101_Sansonetti" : "particles/trails/Trail_smoke_commander_R.dds",
        "PRW404_Ovechkin" : "particles/trails/Trail_smoke_commander_B.dds",
        "PRW406_Kuznetsov" : "particles/trails/Trail_smoke_commander_Kuznetsov.dds",
        "PWW010_Swirski" : "particles/trails/Trail_smoke_commander_B.dds",
        "default" : "particles/trails/Trail_smoke_commander_R.dds"
    },
    "damage" : 2300.0,
    "depthSplashRadius" : 4,
    "directDamage" : 0.0,
    "fallingTimeCoef" : 1.0,
    "fallingTracerEffect" : "particles/airplanes/Air_bomb.xml",
    "floodGeneration" : false,
    "ground" : "particles/airBomb_ground.xml",
    "hatTracerTexture" : "particles/trails/Trail_Shell_Hat_Enemy.dds",
    "hitDecalSize" : 0.45,
    "id" : 4288627696,
    "ignoreBuoyancyStates" : [
        "DEEP_WATER",
        "DEEP_WATER_INVUL"
    ],
    "ignoreClasses" : [ ],
    "index" : "PAPB006",
    "innerBombsPercentage" : 33.33,
    "innerSalvoSize" : [
        1.5,
        2.5
    ],
    "model" : "",
    "name" : "PAPB006_250lbs_ANM57",
    "outterSalvoSize" : [
        3.24,
        8.1
    ],
    "ownHatTracerTexture" : "particles/trails/Trail_Shell_Hat.dds",
    "ownTracerEffect" : "",
    "ownTracerTexture" : "particles/trails/Trail_Gk.dds",
    "planeAmmoType" : "bomb",
    "pointsOfDamage" : [
        [
            0,
            0.165
        ],
        [
            1,
            0.165
        ]
    ],
    "projDestroyedEffect" : "particles/airBomb_ship.xml",
    "shellGlow" : 10.0,
    "shellLength" : 2.4,
    "shellModelScale" : 0.1,
    "shipDestroyEffect" : "particles/onWaterExplosion127mm.xml",
    "shotSound" : "GameLogic.Shot.GK.IncomingShell",
    "smokeAlphaFalloff" : 1.0,
    "smokeOpacity" : 0,
    "smokeTexture" : "particles/trails/Trail_smoke_R.dds",
    "smokeThickness" : 0.2,
    "smokeTileLength" : 22.0,
    "splashArmorCoeff" : -0.3,
    "splashCubeSize" : 1.08,
    "tracerEffect" : "",
    "tracerLength" : 1.0,
    "tracerOpacity" : 0,
    "tracerTexture" : "particles/trails/Trail_Gk_Enemy.dds",
    "tracerThickness" : 0.077,
    "typeinfo" : {
        "nation" : "USA",
        "species" : "Bomb",
        "type" : "Projectile"
    },
    "useSpecialShellModel" : false,
    "uwCritical" : 0.0,
    "volume" : 4.51,
    "water" : "particles/airBomb_water.xml",
    "waterRefractionReflectDeltaAngleInterval" : [
        2.0,
        6.0
    ]
}