{
    "acidProb" : 0.0,
    "additionalShips" : [ ],
    "affectedByPTZ" : false,
    "alphaDamage" : 1500.0,
    "alphaPiercingCS" : 0,
    "alphaPiercingHE" : 0,
    "ammoType" : "AP",
    "applyPTZCoeff" : false,
    "bonusOffset" : 0,
    "bulletAirDrag" : 0.35,
    "bulletAlwaysRicochetAt" : 180.0,
    "bulletCap" : true,
    "bulletCapNormalizeMaxAngle" : 90.0,
    "bulletDetonator" : 5.0E-4,
    "bulletDetonatorSpread" : 0.0,
    "bulletDetonatorThreshold" : 10000.0,
    "bulletDiametr" : 0.152,
    "bulletKrupp" : 135.0,
    "bulletMass" : 58.85,
    "bulletPenetrationSpread" : 0.0,
    "bulletRicochetAt" : 180.0,
    "bulletSpeed" : 768.0,
    "bulletUnderwaterDistFactor" : 0.8,
    "bulletUnderwaterPenetrationFactor" : 1.0,
    "bulletWaterDrag" : 10.0,
    "buoyancyToDamageCoeff" : {
        "DEEP_WATER" : 0.0,
        "DEEP_WATER_INVUL" : 0.0,
        "PERISCOPE" : 1.0,
        "SURFACE" : 1.0
    },
    "burnProb" : -0.5,
    "costCR" : 5,
    "customUIPostfix" : "",
    "damage" : 1.0,
    "damageVulnerabilityForShipClasses" : {
        "AirCarrier" : 1,
        "Auxiliary" : 1,
        "Battleship" : 1,
        "Cruiser" : 1,
        "Destroyer" : 1,
        "Submarine" : 1
    },
    "depthSplashRadius" : 4,
    "directDamage" : 0.0,
    "distParams" : [
        -0.12,
        0.1,
        0.12,
        0.0
    ],
    "distTile" : 3.0,
    "explosionRadius" : 200.0,
    "fallingTimeCoef" : 1.0,
    "fallingTracerEffect" : "particles/airplanes/Air_bomb.xml",
    "floodGeneration" : false,
    "ground" : [
        "particles/onGroundExplosion360mm_vertical_HE_1.xml",
        "particles/onGroundExplosion360mm_vertical_HE_2.xml",
        "particles/onGroundExplosion360mm_vertical_HE_3.xml"
    ],
    "groundHitDecalSize" : 1.0,
    "groundHorizontal" : [
        "particles/onGroundExplosion360mm_horizontal_HE.xml",
        "particles/onGroundExplosion360mm_horizontal_HE_1.xml",
        "particles/onGroundExplosion360mm_horizontal_HE_2.xml"
    ],
    "groundVertical" : [
        "particles/onGroundExplosion360mm_vertical_HE.xml",
        "particles/onGroundExplosion360mm_vertical_HE_1.xml",
        "particles/onGroundExplosion360mm_vertical_HE_2.xml",
        "particles/onGroundExplosion360mm_vertical_HE_3.xml"
    ],
    "hatTracerTexture" : "/",
    "hitDecalSize" : 0.2,
    "id" : 3332326384,
    "ignoreBuoyancyStates" : [
        "DEEP_WATER",
        "DEEP_WATER_INVUL"
    ],
    "ignoreClasses" : [ ],
    "index" : "PAPB918",
    "isBomb" : false,
    "model" : "content/gameplay/japan/projectile/bomb/JPB001/JPB001.model",
    "name" : "PAPB918_1000lbs_ANM65_Independence",
    "onHit" : { },
    "ownHatTracerTexture" : "/",
    "ownTracerEffect" : "",
    "ownTracerTexture" : "/",
    "planeAmmoType" : "bomb",
    "pointsOfDamage" : [
        [
            0,
            0.165
        ],
        [
            1,
            0.165
        ]
    ],
    "projDestroyedEffect" : [
        "particles/airBomb_ship.xml",
        "particles/airRocket_ship_1.xml"
    ],
    "projDestroyedEffectHorizontal" : [
        "particles/airBomb_ship.xml",
        "particles/airRocket_ship_1.xml"
    ],
    "projDestroyedEffectVertical" : [
        "particles/airBomb_ship.xml",
        "particles/airRocket_ship_1.xml"
    ],
    "projHitCitadelEffectHorizontal" : [
        "particles/airBomb_ship.xml",
        "particles/airRocket_ship_1.xml"
    ],
    "projHitCitadelEffectVertical" : [
        "particles/airBomb_ship.xml",
        "particles/airRocket_ship_1.xml"
    ],
    "projHitNoPenetrationEffectHorizontal" : [
        "particles/airBomb_ship.xml",
        "particles/airRocket_ship_1.xml"
    ],
    "projHitNoPenetrationEffectVertical" : [
        "particles/airBomb_ship.xml",
        "particles/airRocket_ship_1.xml"
    ],
    "projOverPenetrationEffectHorizontal" : [
        "particles/airBomb_ship.xml",
        "particles/airRocket_ship_1.xml"
    ],
    "projOverPenetrationEffectVertical" : [
        "particles/airBomb_ship.xml",
        "particles/airRocket_ship_1.xml"
    ],
    "projRicochetEffectHorizontal" : [
        "particles/airBomb_ship.xml",
        "particles/airRocket_ship_1.xml"
    ],
    "projRicochetEffectVertical" : [
        "particles/airBomb_ship.xml",
        "particles/airRocket_ship_1.xml"
    ],
    "shellDistortTexture" : "particles/trails/Trail_Distort_Neutral.dds",
    "shellGlow" : 1.0,
    "shellLength" : 1.5,
    "shellModelScale" : 0.1,
    "shellTint" : [
        1.0,
        1.0,
        1.0
    ],
    "shipDestroyEffect" : "particles/Empty_FX.xml",
    "smokeAlphaFalloff" : 28.0,
    "smokeDistortTexture" : "particles/trails/Trail_Distort_Smoke.dds",
    "smokeOpacity" : 0.65,
    "smokeTexture" : "",
    "smokeThickness" : 0.1,
    "smokeTileLength" : 2.0,
    "smokeTint" : [
        1.0,
        1.0,
        1.0
    ],
    "splashArmorCoeff" : 0.0,
    "splashCubeSize" : 0.1,
    "timeFactor" : 1.0,
    "tracerEffect" : "",
    "tracerLength" : 30.0,
    "tracerOpacity" : 0.8,
    "tracerTexture" : "/",
    "tracerThickness" : 0.05,
    "typeinfo" : {
        "nation" : "USA",
        "species" : "Bomb",
        "type" : "Projectile"
    },
    "useSpecialShellModel" : false,
    "uvSpeed" : -0.2,
    "uwCritical" : 0.0,
    "volume" : 1.0,
    "water" : [
        "particles/airBomb_water.xml",
        "particles/airBomb_water_1.xml"
    ],
    "waterEffectMaxIntensity" : 10.0,
    "waterEffectMinIntensity" : 0.1,
    "waterRefractionReflectDeltaAngleInterval" : [
        2.0,
        6.0
    ]
}