{
    "additionalShips" : [ ],
    "affectedByPTZ" : true,
    "alertDist" : 100,
    "alphaDamage" : 3600.0,
    "alphaPiercingHE" : 0.0,
    "ammoType" : "depthcharge",
    "applyPTZCoeff" : true,
    "blowUpEffect" : "particles/submarines/Sub_explo_water.xml",
    "buoyancyToDamageCoeff" : {
        "DEEP_WATER" : 1.0,
        "DEEP_WATER_INVUL" : 0.33,
        "PERISCOPE" : 0.0,
        "SURFACE" : 0.0
    },
    "burnProb" : 0.2,
    "damage" : 600.0,
    "depthSplashRadius" : 25,
    "directDamage" : 0.0,
    "floodGeneration" : true,
    "ground" : "particles/onGroundExplosion127mm.xml",
    "hitDecalSize" : 0.0,
    "id" : 4293805040,
    "ignoreBuoyancyStates" : [
        "SURFACE",
        "PERISCOPE"
    ],
    "ignoreClasses" : [
        "Destroyer",
        "Cruiser",
        "Auxiliary",
        "AirCarrier",
        "Battleship"
    ],
    "index" : "PAPD001",
    "integralPower" : 10,
    "model" : "content/gameplay/usa/projectile/depthcharge/APD004_Depth_Charge/APD004_Depth_Charge.model",
    "name" : "PAPD001_mk6_mod1",
    "ownTracerEffect" : "particles/submarines/Sub_bomb_trace.xml",
    "pointsOfDamage" : [
        [
            0,
            1
        ],
        [
            0.1,
            1
        ],
        [
            0.101,
            0.33
        ],
        [
            0.5,
            0.33
        ],
        [
            0.501,
            0.165
        ],
        [
            1,
            0.165
        ]
    ],
    "projDestroyedEffect" : "particles/submarines/Sub_explo_underwater.xml",
    "secondsToEffects" : [
        [
            2.0,
            "particles/submarines/Sub_bomb_trace_deep1.xml"
        ],
        [
            5.0,
            "particles/submarines/Sub_bomb_trace_deep2.xml"
        ],
        [
            8.0,
            "particles/submarines/Sub_bomb_trace_deep3.xml"
        ]
    ],
    "shipDestroyEffect" : "particles/onWaterExplosion127mm.xml",
    "speed" : 10.0,
    "splashArmorCoeff" : -0.18,
    "splashCubeSize" : 1.39,
    "timers" : [
        1,
        3,
        5
    ],
    "tracerAirEffect" : "particles/guns/bomb_tracer.xml",
    "tracerEffect" : "particles/submarines/Sub_bomb_trace.xml",
    "typeinfo" : {
        "nation" : "USA",
        "species" : "DepthCharge",
        "type" : "Projectile"
    },
    "uwAbility" : true,
    "uwCritical" : 0.43,
    "visibilityFactor" : 1.5,
    "volume" : 7.58,
    "water" : "particles/submarines/Sub_explo_underwater.xml"
}