{
    "alphaDamage" : 1900.0,
    "alphaPiercingCS" : 0,
    "alphaPiercingHE" : 27.8,
    "ammoType" : "HE",
    "bulletAirDrag" : 0.35,
    "bulletAlwaysRicochetAt" : 60.0,
    "bulletCap" : true,
    "bulletCapNormalizeMaxAngle" : 45.0,
    "bulletDetonator" : 0.03,
    "bulletDetonatorSpread" : 0.0,
    "bulletDetonatorThreshold" : 25.0,
    "bulletDiametr" : 0.04,
    "bulletKrupp" : 3.0,
    "bulletMass" : 36.29,
    "bulletPenetrationSpread" : 0.0,
    "bulletRicochetAt" : 45.0,
    "bulletSpeed" : 217.0,
    "bulletUnderwaterDistFactor" : 0.8,
    "bulletUnderwaterPenetrationFactor" : 0.9,
    "bulletWaterDrag" : 10.0,
    "burnProb" : 0.07,
    "costCR" : 5,
    "createDepthCharge" : false,
    "customTrails" : {
        "PAW404_Ovechkin" : "particles/trails/Trail_smoke_commander_B.dds",
        "PAW405_OvechkinPrem" : "particles/trails/Trail_smoke_commander_B.dds",
        "PAW406_OvechkinPremHell" : "particles/trails/Trail_smoke_commander_B.dds",
        "PFW405_Auboyneau" : "particles/trails/Trail_smoke_commander_LB.dds",
        "PGW103_Lutjens" : "particles/trails/Trail_smoke_commander_R.dds",
        "PIW101_Sansonetti" : "particles/trails/Trail_smoke_commander_R.dds",
        "PRW404_Ovechkin" : "particles/trails/Trail_smoke_commander_B.dds",
        "PRW406_Kuznetsov" : "particles/trails/Trail_smoke_commander_Kuznetsov.dds",
        "default" : "particles/trails/Trail_smoke_commander_R.dds"
    },
    "damage" : 1100.0,
    "depthChargeName" : "PCPD010",
    "directDamage" : 0.0,
    "fallingTimeCoef" : 0.784,
    "fallingTracerEffect" : "particles/airplanes/Air_rocket.xml",
    "ground" : "particles/airBomb_ground.xml",
    "hatTracerTexture" : "particles/trails/Trail_Shell_Hat_Enemy.dds",
    "hitDecalSize" : 0.45,
    "id" : 4183245808,
    "index" : "PAPR106",
    "innerBombsPercentage" : 75.0,
    "innerSalvoSize" : [
        1.7,
        1.02
    ],
    "model" : "content/gameplay/usa/projectile/rocket/APR003_FFAR/APR003_FFAR.model",
    "name" : "PAPR106_Ranger_stock",
    "outterSalvoSize" : [
        2.93,
        1.76
    ],
    "ownHatTracerTexture" : "particles/trails/Trail_Shell_Hat.dds",
    "ownTracerEffect" : "",
    "ownTracerTexture" : "particles/trails/Trail_Gk.dds",
    "planeAmmoType" : "rocket",
    "projDestroyedEffect" : "particles/airBomb_ship.xml",
    "shellGlow" : 10.0,
    "shellLength" : 2.4,
    "shellModelScale" : 0.1,
    "shipDestroyEffect" : "particles/onWaterExplosion127mm.xml",
    "shotSound" : "GameLogic.Shot.GK.IncomingShell",
    "smokeAlphaFalloff" : 1.0,
    "smokeOpacity" : 0,
    "smokeTexture" : "particles/trails/Trail_smoke.dds",
    "smokeThickness" : 0.2,
    "smokeTileLength" : 22.0,
    "splashArmorCoeff" : -0.4,
    "splashCubeSize" : 0.46,
    "tracerEffect" : "",
    "tracerLength" : 1.0,
    "tracerOpacity" : 0,
    "tracerTexture" : "particles/trails/Trail_Gk_Enemy.dds",
    "tracerThickness" : 0.077,
    "typeinfo" : {
        "nation" : "USA",
        "species" : "Rocket",
        "type" : "Projectile"
    },
    "useSpecialShellModel" : false,
    "uwAbility" : false,
    "uwCritical" : 0.0,
    "volume" : 1.01,
    "water" : "particles/airBomb_water.xml",
    "waterHitEffects" : [
        "particles/airplanes/Air_water_rocket_explo_1.xml",
        "particles/airplanes/Air_water_rocket_explo_2.xml",
        "particles/airplanes/Air_water_rocket_explo_3.xml"
    ],
    "waterRefractionReflectDeltaAngleInterval" : [
        2.0,
        6.0
    ]
}