{
    "additionalShips" : [ ],
    "affectedByPTZ" : false,
    "alphaDamage" : 5400.0,
    "alphaPiercingCS" : 0,
    "alphaPiercingHE" : 68.5,
    "ammoType" : "HE",
    "applyPTZCoeff" : false,
    "bonusOffset" : 0,
    "bulletAirDrag" : 0.35,
    "bulletAlwaysRicochetAt" : 60.0,
    "bulletCap" : true,
    "bulletCapNormalizeMaxAngle" : 45.0,
    "bulletDetonator" : 0.03,
    "bulletDetonatorSpread" : 0.0,
    "bulletDetonatorThreshold" : 25.0,
    "bulletDiametr" : 0.04,
    "bulletKrupp" : 3.0,
    "bulletMass" : 36.29,
    "bulletPenetrationSpread" : 0.0,
    "bulletRicochetAt" : 45.0,
    "bulletSpeed" : 217.0,
    "bulletUnderwaterDistFactor" : 0.8,
    "bulletUnderwaterPenetrationFactor" : 0.9,
    "bulletWaterDrag" : 10.0,
    "buoyancyToDamageCoeff" : {
        "DEEP_WATER" : 0.0,
        "DEEP_WATER_INVUL" : 0.0,
        "PERISCOPE" : 1.0,
        "SURFACE" : 1.0
    },
    "burnProb" : 0.33,
    "costCR" : 5,
    "customTrails" : {
        "PAW404_Ovechkin" : "particles/trails/Trail_smoke_commander_B.dds",
        "PAW405_OvechkinPrem" : "particles/trails/Trail_smoke_commander_B.dds",
        "PAW406_OvechkinPremHell" : "particles/trails/Trail_smoke_commander_B.dds",
        "PBW100_Cunningham" : "particles/trails/Trail_smoke_commander_B.dds",
        "PFW405_Auboyneau" : "particles/trails/Trail_smoke_commander_LB.dds",
        "PGW103_Lutjens" : "particles/trails/Trail_smoke_commander_R.dds",
        "PIW101_Sansonetti" : "particles/trails/Trail_smoke_commander_R.dds",
        "PRW404_Ovechkin" : "particles/trails/Trail_smoke_commander_B.dds",
        "PRW406_Kuznetsov" : "particles/trails/Trail_smoke_commander_Kuznetsov.dds",
        "PWW010_Swirski" : "particles/trails/Trail_smoke_commander_B.dds",
        "default" : "particles/trails/Trail_smoke_commander_R.dds"
    },
    "damage" : 3700.0,
    "depthSplashRadius" : 3.6,
    "directDamage" : 0.0,
    "fallingTimeCoef" : 0.807,
    "fallingTracerEffect" : "particles/airplanes/Air_rocket.xml",
    "floodGeneration" : false,
    "ground" : "particles/airBomb_ground.xml",
    "hatTracerTexture" : "particles/trails/Trail_Shell_Hat_Enemy.dds",
    "hitDecalSize" : 0.45,
    "id" : 3751232496,
    "ignoreBuoyancyStates" : [
        "DEEP_WATER",
        "DEEP_WATER_INVUL"
    ],
    "ignoreClasses" : [ ],
    "index" : "PAPR518",
    "innerBombsPercentage" : 75.0,
    "innerSalvoSize" : [
        2.52,
        1.01
    ],
    "model" : "content/gameplay/usa/projectile/rocket/APR002_Tiny_Tim/APR002_Tiny_Tim.model",
    "name" : "PAPR518_Saipan_stock",
    "outterSalvoSize" : [
        3.33,
        1.33
    ],
    "ownHatTracerTexture" : "particles/trails/Trail_Shell_Hat.dds",
    "ownTracerEffect" : "",
    "ownTracerTexture" : "particles/trails/Trail_Gk.dds",
    "planeAmmoType" : "rocket",
    "pointsOfDamage" : [
        [
            0,
            0.165
        ],
        [
            1,
            0.165
        ]
    ],
    "projDestroyedEffect" : "particles/airBomb_ship.xml",
    "shellGlow" : 10.0,
    "shellLength" : 2.4,
    "shellModelScale" : 0.1,
    "shipDestroyEffect" : "particles/onWaterExplosion127mm.xml",
    "shotSound" : "GameLogic.Shot.GK.IncomingShell",
    "smokeAlphaFalloff" : 1.0,
    "smokeOpacity" : 0,
    "smokeTexture" : "particles/trails/Trail_smoke.dds",
    "smokeThickness" : 0.2,
    "smokeTileLength" : 22.0,
    "splashArmorCoeff" : -0.1,
    "splashCubeSize" : 2.07,
    "tracerEffect" : "",
    "tracerLength" : 1.0,
    "tracerOpacity" : 0,
    "tracerTexture" : "particles/trails/Trail_Gk_Enemy.dds",
    "tracerThickness" : 0.077,
    "typeinfo" : {
        "nation" : "USA",
        "species" : "Rocket",
        "type" : "Projectile"
    },
    "useSpecialShellModel" : false,
    "uwCritical" : 0.0,
    "volume" : 8.75,
    "water" : "particles/airBomb_water.xml",
    "waterHitEffects" : [
        "particles/airplanes/Air_water_rocket_explo_1.xml",
        "particles/airplanes/Air_water_rocket_explo_2.xml",
        "particles/airplanes/Air_water_rocket_explo_3.xml"
    ],
    "waterRefractionReflectDeltaAngleInterval" : [
        2.0,
        6.0
    ]
}