{
    "acidProb" : 0.0,
    "additionalShips" : [ ],
    "affectedByPTZ" : false,
    "alphaDamage" : 5400.0,
    "alphaPiercingCS" : 0,
    "alphaPiercingHE" : 68.5,
    "ammoType" : "HE",
    "applyPTZCoeff" : false,
    "attackSequenceDurations" : [
        0.7,
        0.7,
        3.6
    ],
    "bonusOffset" : 0,
    "bulletAirDrag" : 0.35,
    "bulletAlwaysRicochetAt" : 60.0,
    "bulletCap" : true,
    "bulletCapNormalizeMaxAngle" : 45.0,
    "bulletDetonator" : 0.03,
    "bulletDetonatorSpread" : 0.0,
    "bulletDetonatorThreshold" : 25.0,
    "bulletDiametr" : 0.04,
    "bulletKrupp" : 3.0,
    "bulletMass" : 36.29,
    "bulletPenetrationSpread" : 0.0,
    "bulletRicochetAt" : 45.0,
    "bulletSpeed" : 217.0,
    "bulletUnderwaterDistFactor" : 0.8,
    "bulletUnderwaterPenetrationFactor" : 0.9,
    "bulletWaterDrag" : 10.0,
    "buoyancyToDamageCoeff" : {
        "DEEP_WATER" : 0.0,
        "DEEP_WATER_INVUL" : 0.0,
        "PERISCOPE" : 1.0,
        "SURFACE" : 1.0
    },
    "burnProb" : 0.33,
    "chaseImpactEffects" : {
        "ground" : [
            "particles/airplanes/Air_Bullet_Ground.xml"
        ],
        "projDestroyedEffect" : [
            "particles/airplanes/Air_Bullet_Sparks.xml"
        ],
        "water" : [
            "particles/airplanes/Air_Bullet_Water.xml"
        ]
    },
    "chaseStartLerpValue" : 0.75,
    "chaseTracerInterval" : 0.25,
    "chaseTracerParams" : "PCPP004_Default_PreRockets",
    "costCR" : 5,
    "customUIPostfix" : "",
    "damage" : 3700.0,
    "damageVulnerabilityForShipClasses" : {
        "AirCarrier" : 1,
        "Auxiliary" : 1,
        "Battleship" : 1,
        "Cruiser" : 1,
        "Destroyer" : 1,
        "Submarine" : 1
    },
    "depthSplashRadius" : 3.6,
    "directDamage" : 0.0,
    "distParams" : [
        -0.12,
        0.1,
        0.12,
        0.0
    ],
    "distTile" : 3.0,
    "explosionRadius" : 200.0,
    "fallDistance" : 20.0,
    "fallTime" : 20.0,
    "fallingTimeCoef" : 0.2,
    "fallingTracerEffect" : "particles/airplanes/Air_rocket.xml",
    "floodGeneration" : false,
    "ground" : [
        "particles/onGroundExplosion200mm_vertical_HE_1.xml",
        "particles/onGroundExplosion200mm_vertical_HE_2.xml",
        "particles/onGroundExplosion200mm_vertical_HE_3.xml"
    ],
    "groundHitDecalSize" : 1.0,
    "groundHorizontal" : [
        "particles/onGroundExplosion200mm_horizontal_HE.xml",
        "particles/onGroundExplosion200mm_horizontal_HE_1.xml",
        "particles/onGroundExplosion200mm_horizontal_HE_2.xml"
    ],
    "groundVertical" : [
        "particles/onGroundExplosion200mm_vertical_HE.xml",
        "particles/onGroundExplosion200mm_vertical_HE_1.xml",
        "particles/onGroundExplosion200mm_vertical_HE_2.xml",
        "particles/onGroundExplosion200mm_vertical_HE_3.xml"
    ],
    "hatTracerTexture" : "/",
    "hitDecalSize" : 0.2,
    "id" : 3751232496,
    "ignoreBuoyancyStates" : [
        "DEEP_WATER",
        "DEEP_WATER_INVUL"
    ],
    "ignoreClasses" : [ ],
    "index" : "PAPR518",
    "isBomb" : false,
    "model" : "content/gameplay/usa/projectile/rocket/APR002_Tiny_Tim/APR002_Tiny_Tim.model",
    "name" : "PAPR518_Saipan_stock",
    "onHit" : { },
    "ownHatTracerTexture" : "/",
    "ownTracerEffect" : "",
    "ownTracerTexture" : "/",
    "parachuteHeightCoeff" : 0.75,
    "parachuteModel" : "content/location/misc/gameplay/LMY052_Parachute/LMY052_Parachute.model",
    "parachuteTimeCoeff" : 0.95,
    "planeAmmoType" : "rocket",
    "pointsOfDamage" : [
        [
            0,
            0.165
        ],
        [
            1,
            0.165
        ]
    ],
    "projDestroyedEffect" : [
        "particles/airRocket_ship.xml",
        "particles/airRocket_ship_1.xml"
    ],
    "projDestroyedEffectHorizontal" : [
        "particles/airRocket_ship.xml",
        "particles/airRocket_ship_1.xml"
    ],
    "projDestroyedEffectVertical" : [
        "particles/airRocket_ship.xml",
        "particles/airRocket_ship_1.xml"
    ],
    "projHitCitadelEffectHorizontal" : [
        "particles/airRocket_ship.xml",
        "particles/airRocket_ship_1.xml"
    ],
    "projHitCitadelEffectVertical" : [
        "particles/airRocket_ship.xml",
        "particles/airRocket_ship_1.xml"
    ],
    "projHitNoPenetrationEffectHorizontal" : [
        "particles/airRocket_ship.xml",
        "particles/airRocket_ship_1.xml"
    ],
    "projHitNoPenetrationEffectVertical" : [
        "particles/airRocket_ship.xml",
        "particles/airRocket_ship_1.xml"
    ],
    "projOverPenetrationEffectHorizontal" : [
        "particles/airRocket_ship.xml",
        "particles/airRocket_ship_1.xml"
    ],
    "projOverPenetrationEffectVertical" : [
        "particles/airRocket_ship.xml",
        "particles/airRocket_ship_1.xml"
    ],
    "projRicochetEffectHorizontal" : [
        "particles/airRocket_ship.xml",
        "particles/airRocket_ship_1.xml"
    ],
    "projRicochetEffectVertical" : [
        "particles/airRocket_ship.xml",
        "particles/airRocket_ship_1.xml"
    ],
    "shellDistortTexture" : "particles/trails/Trail_Distort_Neutral.dds",
    "shellGlow" : 1.0,
    "shellLength" : 1.5,
    "shellModelScale" : 0.1,
    "shellTint" : [
        1.0,
        1.0,
        1.0
    ],
    "shipDestroyEffect" : "particles/Empty_FX.xml",
    "smokeAlphaFalloff" : 28.0,
    "smokeDistortTexture" : "particles/trails/Trail_Distort_Smoke.dds",
    "smokeOpacity" : 0.65,
    "smokeTexture" : "",
    "smokeThickness" : 0.1,
    "smokeTileLength" : 2.0,
    "smokeTint" : [
        1.0,
        1.0,
        1.0
    ],
    "splashArmorCoeff" : -0.1,
    "splashCubeSize" : 2.07,
    "timeFactor" : 1.0,
    "tracerEffect" : "",
    "tracerLength" : 30.0,
    "tracerOpacity" : 0.8,
    "tracerStopRemainingTime" : 1.0,
    "tracerTexture" : "/",
    "tracerThickness" : 0.05,
    "typeinfo" : {
        "nation" : "USA",
        "species" : "Rocket",
        "type" : "Projectile"
    },
    "useSpecialShellModel" : false,
    "uvSpeed" : -0.2,
    "uwCritical" : 0.0,
    "volume" : 8.75,
    "warningEffectInterval" : 1.0,
    "warningEffects" : {
        "ground" : [
            "particles/airplanes/Air_Bullet_Ground.xml"
        ],
        "projDestroyedEffect" : [
            "particles/airplanes/Air_Bullet_Sparks.xml"
        ],
        "water" : [
            "particles/airplanes/Air_Bullet_Water.xml"
        ]
    },
    "warningTracerInterval" : 0.5,
    "warningTracerParams" : "PCPP004_Default_PreRockets",
    "water" : [
        "particles/airplanes/Air_water_rocket_explo_1.xml",
        "particles/airplanes/Air_water_rocket_explo_2.xml",
        "particles/airplanes/Air_water_rocket_explo_3.xml"
    ],
    "waterEffectMaxIntensity" : 10.0,
    "waterEffectMinIntensity" : 0.1,
    "waterRefractionReflectDeltaAngleInterval" : [
        2.0,
        6.0
    ],
    "withParachute" : false
}