{
    "additionalShips" : [ ],
    "alertDist" : 100,
    "alphaDamage" : 53500.0,
    "alphaPiercingHE" : 1000.0,
    "ammoType" : "torpedo",
    "armingTime" : 1,
    "bulletDiametr" : 0.533,
    "burnProb" : 0.0,
    "costCR" : 300,
    "damage" : 1200.0,
    "damageUW" : 43900.0,
    "depth" : 0.14,
    "directDamage" : 0.0,
    "dropToTheGroundEffect" : "particles/airplanes/Air_torpedo_ground_1.xml",
    "fallingTimeCoef" : 1,
    "fallingTracerEffect" : "particles/airplanes/Air_state_3_fire.xml",
    "ground" : "particles/onGroundExplosionTorpedo.xml",
    "hitDecalSize" : 0.0,
    "id" : 4257629168,
    "ignoreClasses" : [ ],
    "index" : "PAPT035",
    "isDeepWater" : false,
    "maxDist" : 350.0,
    "model" : "content/gameplay/usa/projectile/torpedo/APT011_Sea_Torpedo_Mk_11/APT011_Sea_Torpedo_Mk_11.model",
    "name" : "PAPT035_TST_GEARING_1",
    "ownTracerEffect" : "particles/tracerTorpedo_avatar.xml",
    "planeAmmoType" : "torpedo",
    "projDestroyedEffect" : "particles/onShipHitTorpedo_J.xml",
    "shipDestroyEffect" : "particles/onWaterExplosion127mm.xml",
    "speed" : 66.0,
    "splashArmorCoeff" : 0.4,
    "splashCubeSize" : 1.3,
    "tracerEffect" : "particles/tracerTorpedo.xml",
    "typeinfo" : {
        "nation" : "USA",
        "species" : "Torpedo",
        "type" : "Projectile"
    },
    "uwAbility" : true,
    "uwCritical" : 3.23,
    "visibilityFactor" : 1.4,
    "volume" : 0.9,
    "water" : "particles/onShipHitTorpedo.xml"
}