{
  "additionalShips" : [ ],
  "alertDist" : 100,
  "alphaDamage" : 16100.0,
  "alphaPiercingHE" : 1000.0,
  "ammoType" : "torpedo",
  "armingTime" : 4.5,
  "bulletDiametr" : 0.569,
  "burnProb" : 0.0,
  "costCR" : 75,
  "damage" : 1100.0,
  "damageUW" : 43900.0,
  "depth" : 0.14,
  "directDamage" : 0.0,
  "dropToTheGroundEffect" : "particles/airplanes/Air_torpedo_ground_1.xml",
  "fallingTimeCoef" : 1,
  "fallingTracerEffect" : "particles/Empty_FX.xml",
  "ground" : "particles/onGroundExplosionTorpedo.xml",
  "hitDecalSize" : 0.0,
  "id" : 4076225520,
  "ignoreClasses" : [ ],
  "index" : "PAPT208",
  "isDeepWater" : false,
  "maxDist" : 117.0,
  "model" : "content/gameplay/usa/projectile/torpedo/APT013_Avia_Torpedo_Mk13_2/APT013_Avia_Torpedo_Mk13_2.model",
  "name" : "PAPT208_Lexington_top",
  "ownTracerEffect" : "particles/tracerTorpedo_avatar.xml",
  "planeAmmoType" : "torpedo",
  "projDestroyedEffect" : "particles/onShipHitTorpedo_J.xml",
  "shipDestroyEffect" : "particles/onWaterExplosion127mm.xml",
  "speed" : 35.0,
  "splashArmorCoeff" : 0.2,
  "splashCubeSize" : 0.9,
  "tracerEffect" : "particles/tracerTorpedo.xml",
  "typeinfo" : {
    "nation" : "USA",
    "species" : "Torpedo",
    "type" : "Projectile"
  },
  "uwAbility" : true,
  "uwCritical" : 0.52,
  "visibilityFactor" : 1.6,
  "volume" : 0.7,
  "water" : "particles/airplanes/Air_torpedo_drop.xml"
}