{
    "acousticDetection" : { },
    "additionalShips" : [ ],
    "affectedByPTZ" : true,
    "alertDist" : 100,
    "alphaDamage" : 10000.0,
    "alphaPiercingHE" : 1000.0,
    "ammoType" : "torpedo",
    "applyPTZCoeff" : true,
    "armingTime" : 3.0,
    "blowUpEffect" : "particles/submarines/Sub_explo_underwater.xml",
    "bulletDiametr" : 0.569,
    "buoyancyToDamageCoeff" : { },
    "burnProb" : 0.0,
    "costCR" : 75,
    "damage" : 900.0,
    "damageCoeffMaxPing" : 2.0,
    "depth" : 0.14,
    "directDamage" : 0.0,
    "dropToTheGroundEffect" : "particles/airplanes/Air_torpedo_ground_1.xml",
    "fallingTimeCoef" : 1,
    "fallingTracerEffect" : "particles/Empty_FX.xml",
    "floodGeneration" : true,
    "ground" : "particles/onGroundExplosionTorpedo.xml",
    "hitDecalSize" : 0.0,
    "id" : 4185277424,
    "ignoreBuoyancyStates" : [ ],
    "ignoreClasses" : [ ],
    "index" : "PAPT104",
    "isDeepWater" : false,
    "maxDist" : 100.0,
    "model" : "content/gameplay/usa/projectile/torpedo/APT009_Avia_Bliss_Leavitt_Mk7D/APT009_Avia_Bliss_Leavitt_Mk7D.model",
    "name" : "PAPT104_Langley_stock",
    "ownTracerEffect" : "particles/tracerTorpedo_avatar.xml",
    "planeAmmoType" : "torpedo",
    "projDestroyedEffect" : "particles/onShipHitTorpedo_J.xml",
    "shipDestroyEffect" : "particles/onWaterExplosion127mm.xml",
    "speed" : 35.0,
    "splashArmorCoeff" : 0.1,
    "splashCubeSize" : 0.7,
    "tracerEffect" : "particles/tracerTorpedo.xml",
    "typeinfo" : {
        "nation" : "USA",
        "species" : "Torpedo",
        "type" : "Projectile"
    },
    "uwCritical" : 0.33,
    "visibilityFactor" : 1.1,
    "volume" : 0.6,
    "water" : "particles/airplanes/Air_torpedo_drop.xml"
}