{
    "acidProb" : 0.0,
    "additionalShips" : [ ],
    "affectedByPTZ" : true,
    "alertDist" : 100,
    "alphaDamage" : 15900.0,
    "alphaPiercingHE" : 1000.0,
    "ammoType" : "torpedo",
    "applyPTZCoeff" : true,
    "armingTime" : 3.5,
    "blowUpEffect" : "particles/submarines/Sub_explo_underwater.xml",
    "bulletDiametr" : 0.457,
    "buoyancyToDamageCoeff" : { },
    "burnProb" : 0.0,
    "costCR" : 75,
    "customUIPostfix" : "",
    "damage" : 600.0,
    "damageCoeffMaxPing" : 2.0,
    "depth" : 0.14,
    "directDamage" : 0.0,
    "dropToTheGroundEffect" : "particles/airplanes/Air_torpedo_ground_1.xml",
    "fallDistance" : 20.0,
    "fallTime" : 20.0,
    "fallingTimeCoef" : 1,
    "fallingTracerEffect" : "particles/Empty_FX.xml",
    "floodGeneration" : true,
    "ground" : "particles/onGroundExplosionTorpedo.xml",
    "hitDecalSize" : 0.0,
    "id" : 4281746416,
    "ignoreBuoyancyStates" : [ ],
    "ignoreClasses" : [ ],
    "index" : "PAPT012",
    "isDeepWater" : false,
    "maxDist" : 102.0,
    "model" : "content/gameplay/usa/projectile/torpedo/APT009_Avia_Bliss_Leavitt_Mk7D/APT009_Avia_Bliss_Leavitt_Mk7D.model",
    "name" : "PAPT012_Bliss_Leavitt_Mk7_type_DA",
    "onHit" : { },
    "ownTracerEffect" : "particles/tracerTorpedo_avatar.xml",
    "parachuteHeightCoeff" : 0.75,
    "parachuteModel" : "content/location/misc/gameplay/LMY052_Parachute/LMY052_Parachute.model",
    "parachuteTimeCoeff" : 0.95,
    "planeAmmoType" : "torpedo",
    "projDestroyedEffect" : [
        "particles/onShipHitTorpedo.xml",
        "particles/onShipHitTorpedo_1.xml",
        "particles/onShipHitTorpedo_dirty.xml",
        "particles/onShipHitTorpedo_dirty_1.xml"
    ],
    "shipDestroyEffect" : "particles/Empty_FX.xml",
    "speed" : 35.0,
    "splashArmorCoeff" : 0.1,
    "splashCubeSize" : 0.7,
    "torpedoProjDestroyedEffect" : [
        "particles/onShipHitTorpedo.xml",
        "particles/onShipHitTorpedo_1.xml",
        "particles/onShipHitTorpedo_dirty.xml",
        "particles/onShipHitTorpedo_dirty_1.xml"
    ],
    "torpedoType" : 0,
    "tracerEffect" : "particles/tracerTorpedo.xml",
    "typeinfo" : {
        "nation" : "USA",
        "species" : "Torpedo",
        "type" : "Projectile"
    },
    "underwaterTracerEffect" : "particles/tracerTorpedo_underwater.xml",
    "useDefaultDepth" : true,
    "uwCritical" : 0.46,
    "visibilityFactor" : 1.1,
    "volume" : 0.6,
    "water" : "particles/torpedoSunk.xml",
    "withParachute" : false
}