{
    "additionalShips" : [ ],
    "alertDist" : 100,
    "alphaDamage" : 100.0,
    "alphaPiercingHE" : 1000.0,
    "ammoType" : "torpedo",
    "armingTime" : 1,
    "bulletDiametr" : 0.3,
    "bulletSplashCubesDamage" : [
        250.0,
        1000.0,
        3000.0
    ],
    "burnProb" : 0.0,
    "costCR" : 75,
    "damage" : 18750,
    "damageUW" : 43900.0,
    "depth" : 0.14,
    "directDamage" : 0.0,
    "dropToTheGroundEffect" : "particles/airplanes/Air_torpedo_ground_1.xml",
    "fallingTimeCoef" : 1,
    "fallingTracerEffect" : "particles/airplanes/Air_state_3_fire.xml",
    "ground" : "particles/onGroundExplosionTorpedo.xml",
    "hitDecalSize" : 0.0,
    "id" : 3479585776,
    "ignoreClasses" : [ ],
    "index" : "PAPT777",
    "isDeepWater" : false,
    "maxDist" : 177.78,
    "model" : "content/gameplay/common/projectile/torpedo/CPT001_Torpedo/CPT001_Torpedo.model",
    "name" : "PAPT777_Torpedo_457_prototype",
    "ownTracerEffect" : "particles/tracerTorpedo_avatar.xml",
    "planeAmmoType" : "torpedo",
    "projDestroyedEffect" : "particles/onShipHitTorpedo_A.xml",
    "shipDestroyEffect" : "particles/onWaterExplosion127mm.xml",
    "speed" : 50.0,
    "splashArmorCoeff" : 0.0,
    "splashCubeSize" : 0.934,
    "tracerEffect" : "particles/tracerTorpedo.xml",
    "typeinfo" : {
        "nation" : "USA",
        "species" : "Torpedo",
        "type" : "Projectile"
    },
    "underwaterSplashBPDamageMultiplier" : 25.0,
    "uwAbility" : true,
    "uwCritical" : 0.5,
    "visibilityFactor" : 0.9,
    "volume" : 100.0,
    "water" : "particles/onShipHitTorpedo.xml"
}