{
    "acousticDetection" : { },
    "additionalShips" : [ ],
    "affectedByPTZ" : true,
    "alertDist" : 100,
    "alphaDamage" : 15900.0,
    "alphaPiercingHE" : 1000.0,
    "ammoType" : "torpedo",
    "applyPTZCoeff" : true,
    "armingTime" : 1,
    "blowUpEffect" : "particles/submarines/Sub_explo_underwater.xml",
    "bulletDiametr" : 0.457,
    "buoyancyToDamageCoeff" : { },
    "burnProb" : 0.0,
    "costCR" : 75,
    "damage" : 600.0,
    "damageCoeffMaxPing" : 2.0,
    "depth" : 0.14,
    "directDamage" : 0.0,
    "dropToTheGroundEffect" : "particles/airplanes/Air_torpedo_ground_1.xml",
    "fallingTimeCoef" : 1,
    "fallingTracerEffect" : "particles/airplanes/Air_state_3_fire.xml",
    "floodGeneration" : true,
    "ground" : "particles/onGroundExplosionTorpedo.xml",
    "hitDecalSize" : 0.0,
    "id" : 4289086448,
    "ignoreBuoyancyStates" : [ ],
    "ignoreClasses" : [ ],
    "index" : "PAPT005",
    "isDeepWater" : false,
    "maxDist" : 150.0,
    "model" : "content/gameplay/usa/projectile/torpedo/APT004_Bliss_Leavitt_Mk7/APT004_Bliss_Leavitt_Mk7.model",
    "name" : "PAPT005_Bliss_Leavitt_Mk6",
    "ownTracerEffect" : "particles/tracerTorpedo_avatar.xml",
    "planeAmmoType" : "torpedo",
    "projDestroyedEffect" : "particles/onShipHitTorpedo_A.xml",
    "shipDestroyEffect" : "particles/onWaterExplosion127mm.xml",
    "speed" : 57.0,
    "splashArmorCoeff" : 0.1,
    "splashCubeSize" : 0.7,
    "tracerEffect" : "particles/tracerTorpedo.xml",
    "typeinfo" : {
        "nation" : "USA",
        "species" : "Torpedo",
        "type" : "Projectile"
    },
    "uwCritical" : 0.91,
    "visibilityFactor" : 0.9,
    "volume" : 0.6,
    "water" : "particles/onShipHitTorpedo.xml"
}