{
    "components" : {
        "flightControl" : {
            "AB1_FlightControl" : {
                "consumablePlanesReserve" : {
                    "Fighter" : 1,
                    "Scout" : 0
                },
                "consumableSquadrons" : [ ],
                "hasConsumablePlanes" : false,
                "planesReserveAssignment" : {
                    "Auxiliary" : 0,
                    "Bomber" : 1,
                    "Dive" : 1,
                    "Fighter" : 1,
                    "Scout" : 0,
                    "Skip" : 1
                },
                "prepareTimeFactor" : 1.0,
                "squadrons" : [
                    "Fighter",
                    "Bomber",
                    "Dive"
                ],
                "isGroundAttackEnabled" : true
            }
        },
        "airArmament" : {
            "A_AirArmament" : {
                "auraCoeff" : 1.0,
                "deckPlaceCount" : 29,
                "independentLaunchpad" : false,
                "launchPrepareTime" : 0.0,
                "launchpadType" : "deck",
                "planesReserveCapacity" : 72
            }
        },
        "airDefense" : {
            "A_AirDefense" : {
                "aaJoint" : {
                    "auraFar" : [ ],
                    "auraMedium" : [
                        {
                            "areaDamage" : 69.0,
                            "areaDamagePeriod" : 0.285714285714,
                            "bubbleDuration" : 4.75,
                            "bubbleRadius" : 1.0,
                            "enableBarrage" : true,
                            "explosionCount" : 15.0,
                            "guns" : [
                                "HP_AGA_1",
                                "HP_AGA_2",
                                "HP_AGA_7",
                                "HP_AGA_8",
                                "HP_AGA_42",
                                "HP_AGA_43",
                                "HP_AGA_44",
                                "HP_AGA_45",
                                "HP_AGA_16"
                            ],
                            "halfOuterBubbleZone" : 60.0,
                            "hitChance" : 1.0,
                            "innerBubbleSpawnTimeRange" : [
                                3.3,
                                3.8
                            ],
                            "innerBubbleZone" : 20.0,
                            "joint" : true,
                            "maxBubbleActivationDelay" : 0.5,
                            "maxDistance" : 3500.0,
                            "minBubbleActivationDelay" : 0.2,
                            "minDistance" : 100.0,
                            "outerBubbleSpawnTimeRange" : [
                                2.5,
                                3.0
                            ],
                            "shotDelay" : 0.5,
                            "shotTravelTime" : 1.5,
                            "type" : "medium"
                        }
                    ],
                    "auraNear" : [
                        {
                            "areaDamage" : 108.0,
                            "areaDamagePeriod" : 0.285714285714,
                            "bubbleDuration" : 4.75,
                            "bubbleRadius" : 1.0,
                            "enableBarrage" : true,
                            "explosionCount" : 15.0,
                            "guns" : [
                                "HP_AGA_3",
                                "HP_AGA_4",
                                "HP_AGA_5",
                                "HP_AGA_6",
                                "HP_AGA_9",
                                "HP_AGA_10",
                                "HP_AGA_11",
                                "HP_AGA_12",
                                "HP_AGA_13",
                                "HP_AGA_14",
                                "HP_AGA_15",
                                "HP_AGA_17",
                                "HP_AGA_18",
                                "HP_AGA_19",
                                "HP_AGA_20",
                                "HP_AGA_21",
                                "HP_AGA_22",
                                "HP_AGA_23",
                                "HP_AGA_24",
                                "HP_AGA_25",
                                "HP_AGA_26",
                                "HP_AGA_27",
                                "HP_AGA_28",
                                "HP_AGA_29",
                                "HP_AGA_30",
                                "HP_AGA_31",
                                "HP_AGA_32",
                                "HP_AGA_33",
                                "HP_AGA_34",
                                "HP_AGA_35",
                                "HP_AGA_36",
                                "HP_AGA_37",
                                "HP_AGA_38",
                                "HP_AGA_39",
                                "HP_AGA_40",
                                "HP_AGA_41",
                                "HP_AGA_46",
                                "HP_AGA_47",
                                "HP_AGA_48",
                                "HP_AGA_49",
                                "HP_AGA_50",
                                "HP_AGA_51",
                                "HP_AGA_52",
                                "HP_AGA_53",
                                "HP_AGA_54",
                                "HP_AGA_55",
                                "HP_AGA_56",
                                "HP_AGA_57",
                                "HP_AGA_58",
                                "HP_AGA_59",
                                "HP_AGA_60",
                                "HP_AGA_61"
                            ],
                            "halfOuterBubbleZone" : 60.0,
                            "hitChance" : 0.95,
                            "innerBubbleSpawnTimeRange" : [
                                3.3,
                                3.8
                            ],
                            "innerBubbleZone" : 20.0,
                            "joint" : true,
                            "maxBubbleActivationDelay" : 0.5,
                            "maxDistance" : 2000.0,
                            "minBubbleActivationDelay" : 0.2,
                            "minDistance" : 100.0,
                            "outerBubbleSpawnTimeRange" : [
                                2.5,
                                3.0
                            ],
                            "shotDelay" : 0.1,
                            "shotTravelTime" : 1.0,
                            "type" : "near"
                        }
                    ]
                },
                "ownerlessTracesScatterCoefficient" : 1.0,
                "sectors" : [
                    [
                        0.0,
                        180.0
                    ],
                    [
                        180.0,
                        0.0
                    ]
                ],
                "prioritySectorPhases" : [
                    [
                        5.0,
                        "linear",
                        0.035,
                        1.0,
                        1.35
                    ],
                    [
                        10.0,
                        "linear",
                        0.0,
                        1.35,
                        1.35
                    ]
                ],
                "prioritySectorPreparation" : 15.0,
                "prioritySectorDuration" : 15.0,
                "prioritySectorDamageInitial" : 0.035,
                "prioritySectorCoefficientInitial" : 1.0,
                "prioritySectorCoefficientDuring" : 1.35
            },
            "B_AirDefense" : {
                "aaJoint" : {
                    "auraFar" : [ ],
                    "auraMedium" : [
                        {
                            "areaDamage" : 179.0,
                            "areaDamagePeriod" : 0.285714285714,
                            "bubbleDuration" : 4.75,
                            "bubbleRadius" : 1.0,
                            "enableBarrage" : true,
                            "explosionCount" : 15.0,
                            "guns" : [
                                "HP_AGA_1",
                                "HP_AGA_2",
                                "HP_AGA_3",
                                "HP_AGA_4",
                                "HP_AGA_5",
                                "HP_AGA_6",
                                "HP_AGA_7",
                                "HP_AGA_8",
                                "HP_AGA_9",
                                "HP_AGA_10",
                                "HP_AGA_11",
                                "HP_AGA_12",
                                "HP_AGA_13",
                                "HP_AGA_14",
                                "HP_AGA_15",
                                "HP_AGA_16",
                                "HP_AGA_17",
                                "HP_AGA_18",
                                "HP_AGA_19",
                                "HP_AGA_20",
                                "HP_AGA_21",
                                "HP_AGA_22",
                                "HP_AGA_23",
                                "HP_AGA_24",
                                "HP_AGA_25"
                            ],
                            "halfOuterBubbleZone" : 60.0,
                            "hitChance" : 1.0,
                            "innerBubbleSpawnTimeRange" : [
                                3.3,
                                3.8
                            ],
                            "innerBubbleZone" : 20.0,
                            "joint" : true,
                            "maxBubbleActivationDelay" : 0.5,
                            "maxDistance" : 3500.0,
                            "minBubbleActivationDelay" : 0.2,
                            "minDistance" : 100.0,
                            "outerBubbleSpawnTimeRange" : [
                                2.5,
                                3.0
                            ],
                            "shotDelay" : 0.5,
                            "shotTravelTime" : 1.5,
                            "type" : "medium"
                        }
                    ],
                    "auraNear" : [
                        {
                            "areaDamage" : 32.0,
                            "areaDamagePeriod" : 0.285714285714,
                            "bubbleDuration" : 4.75,
                            "bubbleRadius" : 1.0,
                            "enableBarrage" : true,
                            "explosionCount" : 15.0,
                            "guns" : [
                                "HP_AGA_26",
                                "HP_AGA_27",
                                "HP_AGA_28",
                                "HP_AGA_29",
                                "HP_AGA_30",
                                "HP_AGA_31",
                                "HP_AGA_32",
                                "HP_AGA_33",
                                "HP_AGA_34",
                                "HP_AGA_35",
                                "HP_AGA_36",
                                "HP_AGA_37",
                                "HP_AGA_38",
                                "HP_AGA_39",
                                "HP_AGA_40",
                                "HP_AGA_41"
                            ],
                            "halfOuterBubbleZone" : 60.0,
                            "hitChance" : 0.95,
                            "innerBubbleSpawnTimeRange" : [
                                3.3,
                                3.8
                            ],
                            "innerBubbleZone" : 20.0,
                            "joint" : true,
                            "maxBubbleActivationDelay" : 0.5,
                            "maxDistance" : 2000.0,
                            "minBubbleActivationDelay" : 0.2,
                            "minDistance" : 100.0,
                            "outerBubbleSpawnTimeRange" : [
                                2.5,
                                3.0
                            ],
                            "shotDelay" : 0.1,
                            "shotTravelTime" : 1.0,
                            "type" : "near"
                        }
                    ]
                },
                "ownerlessTracesScatterCoefficient" : 1.0,
                "sectors" : [
                    [
                        0.0,
                        180.0
                    ],
                    [
                        180.0,
                        0.0
                    ]
                ],
                "prioritySectorPhases" : [
                    [
                        5.0,
                        "linear",
                        0.035,
                        1.0,
                        1.35
                    ],
                    [
                        10.0,
                        "linear",
                        0.0,
                        1.35,
                        1.35
                    ]
                ],
                "prioritySectorPreparation" : 15.0,
                "prioritySectorDuration" : 15.0,
                "prioritySectorDamageInitial" : 0.035,
                "prioritySectorCoefficientInitial" : 1.0,
                "prioritySectorCoefficientDuring" : 1.35
            }
        },
        "atba" : {
            "A_ATBA" : {
                "aaJoint" : {
                    "auraFar" : [
                        {
                            "areaDamage" : 42.0,
                            "areaDamagePeriod" : 0.285714285714,
                            "bubbleDuration" : 3.0,
                            "enableBarrage" : true,
                            "guns" : [
                                "HP_AGS_1",
                                "HP_AGS_2",
                                "HP_AGS_3",
                                "HP_AGS_4",
                                "HP_AGS_5",
                                "HP_AGS_6",
                                "HP_AGS_7",
                                "HP_AGS_8",
                                "HP_AGS_9",
                                "HP_AGS_10",
                                "HP_AGS_11",
                                "HP_AGS_12"
                            ],
                            "halfOuterBubbleZone" : 50.0,
                            "hitChance" : 1.0,
                            "innerBubbleSpawnTimeRange" : [
                                2.65,
                                3.15
                            ],
                            "innerBubbleZone" : 20.0,
                            "joint" : true,
                            "maxBubbleActivationDelay" : 0.4,
                            "maxDistance" : 5800.0,
                            "minBubbleActivationDelay" : 0.1,
                            "minDistance" : 100.0,
                            "outerBubbleSpawnTimeRange" : [
                                2.45,
                                2.65
                            ],
                            "shotDelay" : 5.0,
                            "shotTravelTime" : 1.51,
                            "type" : "far"
                        },
                        {
                            "areaDamagePeriod" : 0.285714285714,
                            "bubbleDamage" : 210.0,
                            "bubbleDuration" : 3.0,
                            "bubbleRadius" : 2.567,
                            "enableBarrage" : true,
                            "explosionCount" : 2.0,
                            "guns" : [
                                "HP_AGS_1",
                                "HP_AGS_2",
                                "HP_AGS_3",
                                "HP_AGS_4",
                                "HP_AGS_5",
                                "HP_AGS_6",
                                "HP_AGS_7",
                                "HP_AGS_8",
                                "HP_AGS_9",
                                "HP_AGS_10",
                                "HP_AGS_11",
                                "HP_AGS_12"
                            ],
                            "halfOuterBubbleZone" : 50.0,
                            "hitChance" : 1.0,
                            "innerBubbleCount" : 5.0,
                            "innerBubbleSpawnTimeRange" : [
                                2.65,
                                3.15
                            ],
                            "innerBubbleZone" : 20.0,
                            "joint" : true,
                            "maxBubbleActivationDelay" : 0.4,
                            "maxDistance" : 5800.0,
                            "minBubbleActivationDelay" : 0.1,
                            "minDistance" : 3500.0,
                            "outerBubbleCount" : 1.0,
                            "outerBubbleSpawnTimeRange" : [
                                2.45,
                                2.65
                            ],
                            "shotDelay" : 5.0,
                            "shotTravelTime" : 1.51,
                            "type" : "far"
                        }
                    ],
                    "auraMedium" : [ ],
                    "auraNear" : [ ]
                },
                "secondaries" : {
                    "PAGS022_5in38_Mk24" : {
                        "ammoList" : [
                            "PAPA018_Main_127mm_HE_C_Mk_32"
                        ],
                        "antiAirAuraDistance" : 167.0,
                        "antiAirAuraStrength" : 0.08,
                        "barrelDiameter" : 0.127,
                        "deadZone" : [ ],
                        "delim" : 0.6,
                        "horizSector" : [
                            -70.0,
                            70.0
                        ],
                        "id" : 4271302640,
                        "idealDistance" : 333.333,
                        "idealRadius" : 20.0,
                        "index" : "PAGS022",
                        "minRadius" : 1.0,
                        "name" : "PAGS022_5in38_Mk24",
                        "numBarrels" : 1,
                        "radiusOnDelim" : 0.8,
                        "radiusOnMax" : 1.0,
                        "radiusOnZero" : 0.1,
                        "rotationSpeed" : [
                            60.0,
                            1.0
                        ],
                        "shotDelay" : 6.0,
                        "smallGun" : true,
                        "smokePenalty" : 1.0E-4,
                        "typeinfo" : {
                            "nation" : "USA",
                            "species" : "Secondary",
                            "type" : "Gun"
                        },
                        "vertSector" : [
                            -2.0,
                            85.0
                        ],
                        "GSIdealRadius" : 1.0,
                        "count" : 8
                    },
                    "PAGS010_5in38_Mk32_Mod12" : {
                        "ammoList" : [
                            "PAPA018_Main_127mm_HE_C_Mk_32"
                        ],
                        "antiAirAuraDistance" : 167.0,
                        "antiAirAuraStrength" : 0.151,
                        "barrelDiameter" : 0.127,
                        "deadZone" : [ ],
                        "delim" : 0.6,
                        "horizSector" : [
                            -134.0,
                            131.0
                        ],
                        "id" : 4283885552,
                        "idealDistance" : 333.333,
                        "idealRadius" : 20.0,
                        "index" : "PAGS010",
                        "minRadius" : 1.0,
                        "name" : "PAGS010_5in38_Mk32_Mod12",
                        "numBarrels" : 2,
                        "radiusOnDelim" : 0.8,
                        "radiusOnMax" : 1.0,
                        "radiusOnZero" : 0.1,
                        "rotationSpeed" : [
                            60.0,
                            1.0
                        ],
                        "shotDelay" : 6.0,
                        "smallGun" : true,
                        "smokePenalty" : 1.0E-4,
                        "typeinfo" : {
                            "nation" : "USA",
                            "species" : "Secondary",
                            "type" : "Gun"
                        },
                        "vertSector" : [
                            -2.0,
                            85.0
                        ],
                        "GSIdealRadius" : 1.0,
                        "count" : 4
                    }
                },
                "maxDist" : 4500.0,
                "minDistH" : 50.0,
                "minDistV" : 110.0,
                "sigmaCount" : 1.0,
                "GSIdealRadius" : 1.0
            },
            "B_ATBA" : {
                "aaJoint" : {
                    "auraFar" : [
                        {
                            "areaDamage" : 40.0,
                            "areaDamagePeriod" : 0.285714285714,
                            "bubbleDuration" : 3.0,
                            "enableBarrage" : true,
                            "guns" : [
                                "HP_AGS_1",
                                "HP_AGS_2",
                                "HP_AGS_3",
                                "HP_AGS_4",
                                "HP_AGS_5",
                                "HP_AGS_6",
                                "HP_AGS_7",
                                "HP_AGS_8",
                                "HP_AGS_9",
                                "HP_AGS_10",
                                "HP_AGS_11",
                                "HP_AGS_12"
                            ],
                            "halfOuterBubbleZone" : 50.0,
                            "hitChance" : 1.0,
                            "innerBubbleSpawnTimeRange" : [
                                2.65,
                                3.15
                            ],
                            "innerBubbleZone" : 20.0,
                            "joint" : true,
                            "maxBubbleActivationDelay" : 0.4,
                            "maxDistance" : 5800.0,
                            "minBubbleActivationDelay" : 0.1,
                            "minDistance" : 100.0,
                            "outerBubbleSpawnTimeRange" : [
                                2.45,
                                2.65
                            ],
                            "shotDelay" : 5.0,
                            "shotTravelTime" : 1.51,
                            "type" : "far"
                        },
                        {
                            "areaDamagePeriod" : 0.285714285714,
                            "bubbleDamage" : 210.0,
                            "bubbleDuration" : 3.0,
                            "bubbleRadius" : 2.567,
                            "enableBarrage" : true,
                            "explosionCount" : 2.0,
                            "guns" : [
                                "HP_AGS_1",
                                "HP_AGS_2",
                                "HP_AGS_3",
                                "HP_AGS_4",
                                "HP_AGS_5",
                                "HP_AGS_6",
                                "HP_AGS_7",
                                "HP_AGS_8",
                                "HP_AGS_9",
                                "HP_AGS_10",
                                "HP_AGS_11",
                                "HP_AGS_12"
                            ],
                            "halfOuterBubbleZone" : 50.0,
                            "hitChance" : 1.0,
                            "innerBubbleCount" : 5.0,
                            "innerBubbleSpawnTimeRange" : [
                                2.65,
                                3.15
                            ],
                            "innerBubbleZone" : 20.0,
                            "joint" : true,
                            "maxBubbleActivationDelay" : 0.4,
                            "maxDistance" : 5800.0,
                            "minBubbleActivationDelay" : 0.1,
                            "minDistance" : 3500.0,
                            "outerBubbleCount" : 1.0,
                            "outerBubbleSpawnTimeRange" : [
                                2.45,
                                2.65
                            ],
                            "shotDelay" : 5.0,
                            "shotTravelTime" : 1.51,
                            "type" : "far"
                        }
                    ],
                    "auraMedium" : [ ],
                    "auraNear" : [ ]
                },
                "secondaries" : {
                    "PAGS022_5in38_Mk24" : {
                        "ammoList" : [
                            "PAPA018_Main_127mm_HE_C_Mk_32"
                        ],
                        "antiAirAuraDistance" : 167.0,
                        "antiAirAuraStrength" : 0.08,
                        "barrelDiameter" : 0.127,
                        "deadZone" : [ ],
                        "delim" : 0.6,
                        "horizSector" : [
                            -70.0,
                            70.0
                        ],
                        "id" : 4271302640,
                        "idealDistance" : 333.333,
                        "idealRadius" : 20.0,
                        "index" : "PAGS022",
                        "minRadius" : 1.0,
                        "name" : "PAGS022_5in38_Mk24",
                        "numBarrels" : 1,
                        "radiusOnDelim" : 0.8,
                        "radiusOnMax" : 1.0,
                        "radiusOnZero" : 0.1,
                        "rotationSpeed" : [
                            60.0,
                            1.0
                        ],
                        "shotDelay" : 6.0,
                        "smallGun" : true,
                        "smokePenalty" : 1.0E-4,
                        "typeinfo" : {
                            "nation" : "USA",
                            "species" : "Secondary",
                            "type" : "Gun"
                        },
                        "vertSector" : [
                            -2.0,
                            85.0
                        ],
                        "GSIdealRadius" : 1.0,
                        "count" : 8
                    },
                    "PAGS010_5in38_Mk32_Mod12" : {
                        "ammoList" : [
                            "PAPA018_Main_127mm_HE_C_Mk_32"
                        ],
                        "antiAirAuraDistance" : 167.0,
                        "antiAirAuraStrength" : 0.151,
                        "barrelDiameter" : 0.127,
                        "deadZone" : [ ],
                        "delim" : 0.6,
                        "horizSector" : [
                            -134.0,
                            131.0
                        ],
                        "id" : 4283885552,
                        "idealDistance" : 333.333,
                        "idealRadius" : 20.0,
                        "index" : "PAGS010",
                        "minRadius" : 1.0,
                        "name" : "PAGS010_5in38_Mk32_Mod12",
                        "numBarrels" : 2,
                        "radiusOnDelim" : 0.8,
                        "radiusOnMax" : 1.0,
                        "radiusOnZero" : 0.1,
                        "rotationSpeed" : [
                            60.0,
                            1.0
                        ],
                        "shotDelay" : 6.0,
                        "smallGun" : true,
                        "smokePenalty" : 1.0E-4,
                        "typeinfo" : {
                            "nation" : "USA",
                            "species" : "Secondary",
                            "type" : "Gun"
                        },
                        "vertSector" : [
                            -2.0,
                            85.0
                        ],
                        "GSIdealRadius" : 1.0,
                        "count" : 4
                    }
                },
                "maxDist" : 4500.0,
                "minDistH" : 50.0,
                "minDistV" : 110.0,
                "sigmaCount" : 1.0,
                "GSIdealRadius" : 1.0
            }
        },
        "hull" : {
            "A_Hull" : {
                "backwardPowerCoef" : 4.0,
                "buoyancy" : 200000.0,
                "buoyancyRudderTime" : 1.0,
                "burnNodes" : [
                    [
                        0.8002,
                        1.0,
                        5.0
                    ],
                    [
                        0.8002,
                        1.0,
                        5.0
                    ],
                    [
                        0.8002,
                        1.0,
                        5.0
                    ],
                    [
                        0.8002,
                        1.0,
                        5.0
                    ]
                ],
                "burnProb" : 0.8002,
                "burnDamage" : 1.0,
                "burnTime" : 5.0,
                "burnSize" : 4,
                "deckHeight" : 17.45,
                "dockYOffset" : -0.23,
                "draft" : 9.9,
                "enginePower" : 180000.0,
                "floodNodes" : [
                    [
                        0.28,
                        0.25,
                        30.0
                    ],
                    [
                        0.28,
                        0.25,
                        30.0
                    ]
                ],
                "floodProb" : 0.28,
                "floodProtection" : 15.999999999999986,
                "floodDamage" : 0.25,
                "floodTime" : 30.0,
                "floodSize" : 2,
                "health" : 54300.0,
                "mass" : 4.77E7,
                "maxRudderAngle" : 30.0,
                "maxSpeed" : 33.0,
                "pushingMaxRudderAngle" : 16.0,
                "pushingMinRudderAngle" : 1.0,
                "rollEffect" : 72.0,
                "rudderPower" : 4.2E7,
                "rudderTime" : 28.6,
                "sideDragCoef" : 2400000.0,
                "size" : [
                    277.2,
                    33.7,
                    41.64
                ],
                "smokeScanRadius" : 27.0,
                "speedCoef" : 1.0,
                "tonnage" : 38725.0,
                "torpedoImpactMassImpulseCoeff" : 0.5,
                "turningRadius" : 1180.0,
                "visibilityCoefATBA" : 1.0E-6,
                "visibilityCoefATBAByPlane" : 1.0E-6,
                "visibilityCoefFire" : 2.0,
                "visibilityCoefFireByPlane" : 3.0,
                "visibilityCoefGK" : 1.0E-6,
                "visibilityCoefGKByPlane" : 1.0E-6,
                "visibilityCoefGKInSmoke" : 1.0E-6,
                "visibilityCoeff" : 20.0,
                "visibilityFactor" : 14.96,
                "visibilityFactorByPlane" : 10.02,
                "visibilityFactorInSmoke" : 1.0E-6,
                "burnSizeSkill" : 4
            },
            "B_Hull" : {
                "backwardPowerCoef" : 4.0,
                "buoyancy" : 200000.0,
                "buoyancyRudderTime" : 1.0,
                "burnNodes" : [
                    [
                        0.8002,
                        1.0,
                        5.0
                    ],
                    [
                        0.8002,
                        1.0,
                        5.0
                    ],
                    [
                        0.8002,
                        1.0,
                        5.0
                    ],
                    [
                        0.8002,
                        1.0,
                        5.0
                    ]
                ],
                "burnProb" : 0.8002,
                "burnDamage" : 1.0,
                "burnTime" : 5.0,
                "burnSize" : 4,
                "deckHeight" : 17.45,
                "dockYOffset" : -0.23,
                "draft" : 9.9,
                "enginePower" : 180000.0,
                "floodNodes" : [
                    [
                        0.28,
                        0.25,
                        30.0
                    ],
                    [
                        0.28,
                        0.25,
                        30.0
                    ]
                ],
                "floodProb" : 0.28,
                "floodProtection" : 15.999999999999986,
                "floodDamage" : 0.25,
                "floodTime" : 30.0,
                "floodSize" : 2,
                "health" : 57300.0,
                "mass" : 4.77E7,
                "maxRudderAngle" : 30.0,
                "maxSpeed" : 33.0,
                "pushingMaxRudderAngle" : 16.0,
                "pushingMinRudderAngle" : 1.0,
                "rollEffect" : 72.0,
                "rudderPower" : 4.2E7,
                "rudderTime" : 20.4,
                "sideDragCoef" : 2400000.0,
                "size" : [
                    277.2,
                    33.7,
                    41.64
                ],
                "smokeScanRadius" : 27.0,
                "speedCoef" : 1.0,
                "tonnage" : 47700.0,
                "torpedoImpactMassImpulseCoeff" : 0.5,
                "turningRadius" : 1180.0,
                "visibilityCoefATBA" : 1.0E-6,
                "visibilityCoefATBAByPlane" : 1.0E-6,
                "visibilityCoefFire" : 2.0,
                "visibilityCoefFireByPlane" : 3.0,
                "visibilityCoefGK" : 1.0E-6,
                "visibilityCoefGKByPlane" : 1.0E-6,
                "visibilityCoefGKInSmoke" : 1.0E-6,
                "visibilityCoeff" : 20.0,
                "visibilityFactor" : 14.96,
                "visibilityFactorByPlane" : 10.02,
                "visibilityFactorInSmoke" : 1.0E-6,
                "burnSizeSkill" : 4
            }
        },
        "engine" : {
            "AB_Engine" : {
                "backwardEngineForsag" : 2.5,
                "backwardEngineForsagMaxSpeed" : 2.5,
                "backwardEngineUpTime" : 30.0,
                "backwardSpeedOnFlood" : -0.6,
                "damagedEnginePowerMultiplier" : -0.6,
                "damagedEnginePowerTimeMultiplier" : 7.0,
                "forwardEngineForsag" : 2.5,
                "forwardEngineForsagMaxSpeed" : 2.5,
                "forwardEngineUpTime" : 60.0,
                "forwardSpeedOnFlood" : -0.3,
                "histEnginePower" : 180000.0
            }
        }
    },
    "shipAbilities" : {
        "AbilitySlot0" : {
            "abils" : [
                [
                    "PCY037_CrashCrewAuto",
                    "CV"
                ]
            ],
            "slot" : 0
        },
        "AbilitySlot1" : {
            "abils" : [
                [
                    "PCY038_FighterAuto",
                    "CV_USA_8"
                ]
            ],
            "slot" : 1
        },
        "AbilitySlot2" : {
            "slot" : 2
        },
        "AbilitySlot3" : {
            "slot" : 3
        },
        "AbilitySlot4" : {
            "slot" : 4
        }
    },
    "shipUpgradeInfo" : {
        "components" : {
            "flightControl" : [
                {
                    "name" : "PAUF791_FC1_LEXINGTON",
                    "ucType" : "_FlightControl",
                    "ucTypeShort" : "flightControl",
                    "position" : 1,
                    "elem" : 0,
                    "prevType" : "flightControl",
                    "prevPosition" : 0,
                    "components" : {
                        "flightControl" : [
                            "AB1_FlightControl"
                        ]
                    },
                    "image" : "https://cdn.wowsft.com/images/modules/icon_module_FlightControl.png"
                }
            ],
            "artillery" : [ ],
            "hull" : [
                {
                    "name" : "PAUH713_Lexington_1942",
                    "ucType" : "_Hull",
                    "ucTypeShort" : "hull",
                    "position" : 1,
                    "elem" : 2,
                    "prevType" : "hull",
                    "prevPosition" : 0,
                    "components" : {
                        "airArmament" : [
                            "A_AirArmament"
                        ],
                        "airDefense" : [
                            "A_AirDefense"
                        ],
                        "artillery" : [ ],
                        "atba" : [
                            "A_ATBA"
                        ],
                        "depthCharges" : [ ],
                        "hull" : [
                            "A_Hull"
                        ],
                        "hydrophone" : [ ],
                        "pinger" : [ ],
                        "torpedoes" : [ ]
                    },
                    "image" : "https://cdn.wowsft.com/images/modules/icon_module_Hull.png"
                },
                {
                    "nextShips" : [
                        "PASA110_Midway"
                    ],
                    "name" : "PAUH714_Lexington_1944",
                    "prev" : "PAUH713_Lexington_1942",
                    "ucType" : "_Hull",
                    "ucTypeShort" : "hull",
                    "position" : 2,
                    "elem" : 2,
                    "prevType" : "hull",
                    "prevPosition" : 1,
                    "prevElem" : 2,
                    "components" : {
                        "airArmament" : [
                            "A_AirArmament"
                        ],
                        "airDefense" : [
                            "B_AirDefense"
                        ],
                        "artillery" : [ ],
                        "atba" : [
                            "B_ATBA"
                        ],
                        "depthCharges" : [ ],
                        "hull" : [
                            "B_Hull"
                        ],
                        "hydrophone" : [ ],
                        "pinger" : [ ],
                        "torpedoes" : [ ]
                    },
                    "image" : "https://cdn.wowsft.com/images/modules/icon_module_Hull.png"
                }
            ],
            "torpedoes" : [ ],
            "suo" : [ ],
            "fighter" : [
                {
                    "name" : "PAUI705_CV8_F_STOCK",
                    "ucType" : "_Fighter",
                    "ucTypeShort" : "fighter",
                    "position" : 1,
                    "elem" : 5,
                    "prevType" : "fighter",
                    "prevPosition" : 0,
                    "components" : {
                        "fighter" : [
                            "AB1_Fighter"
                        ]
                    },
                    "image" : "https://cdn.wowsft.com/images/modules/icon_module_Fighter.png"
                },
                {
                    "name" : "PAUI706_CV8_F_TOP",
                    "prev" : "PAUI705_CV8_F_STOCK",
                    "ucType" : "_Fighter",
                    "ucTypeShort" : "fighter",
                    "position" : 2,
                    "elem" : 5,
                    "prevType" : "fighter",
                    "prevPosition" : 1,
                    "prevElem" : 5,
                    "components" : {
                        "fighter" : [
                            "AB2_Fighter"
                        ]
                    },
                    "image" : "https://cdn.wowsft.com/images/modules/icon_module_Fighter.png"
                },
                {
                    "name" : "PAUI707_CV8_F_TOP",
                    "prev" : "PAUI706_CV8_F_TOP",
                    "ucType" : "_Fighter",
                    "ucTypeShort" : "fighter",
                    "position" : 3,
                    "elem" : 5,
                    "prevType" : "fighter",
                    "prevPosition" : 2,
                    "prevElem" : 5,
                    "components" : {
                        "fighter" : [
                            "AB3_Fighter_Alt"
                        ]
                    },
                    "image" : "https://cdn.wowsft.com/images/modules/icon_module_Fighter.png"
                }
            ],
            "torpedoBomber" : [
                {
                    "name" : "PAUB710_CV8_TB_STOCK",
                    "ucType" : "_TorpedoBomber",
                    "ucTypeShort" : "torpedoBomber",
                    "position" : 1,
                    "elem" : 6,
                    "prevType" : "torpedoBomber",
                    "prevPosition" : 0,
                    "components" : {
                        "torpedoBomber" : [
                            "AB1_TorpedoBomber"
                        ]
                    },
                    "image" : "https://cdn.wowsft.com/images/modules/icon_module_TorpedoBomber.png"
                },
                {
                    "name" : "PAUB704_CV8_TB_TOP",
                    "prev" : "PAUB710_CV8_TB_STOCK",
                    "ucType" : "_TorpedoBomber",
                    "ucTypeShort" : "torpedoBomber",
                    "position" : 2,
                    "elem" : 6,
                    "prevType" : "torpedoBomber",
                    "prevPosition" : 1,
                    "prevElem" : 6,
                    "components" : {
                        "torpedoBomber" : [
                            "AB2_TorpedoBomber"
                        ]
                    },
                    "image" : "https://cdn.wowsft.com/images/modules/icon_module_TorpedoBomber.png"
                }
            ],
            "diveBomber" : [
                {
                    "name" : "PAUD709_CV8_DB_STOCK",
                    "ucType" : "_DiveBomber",
                    "ucTypeShort" : "diveBomber",
                    "position" : 1,
                    "elem" : 7,
                    "prevType" : "diveBomber",
                    "prevPosition" : 0,
                    "components" : {
                        "diveBomber" : [
                            "AB1_DiveBomber"
                        ]
                    },
                    "image" : "https://cdn.wowsft.com/images/modules/icon_module_DiveBomber.png"
                },
                {
                    "name" : "PAUD710_CV8_DB_TOP",
                    "prev" : "PAUD709_CV8_DB_STOCK",
                    "ucType" : "_DiveBomber",
                    "ucTypeShort" : "diveBomber",
                    "position" : 2,
                    "elem" : 7,
                    "prevType" : "diveBomber",
                    "prevPosition" : 1,
                    "prevElem" : 7,
                    "components" : {
                        "diveBomber" : [
                            "AB2_DiveBomber"
                        ]
                    },
                    "image" : "https://cdn.wowsft.com/images/modules/icon_module_DiveBomber.png"
                }
            ],
            "skipBomber" : [ ],
            "engine" : [
                {
                    "name" : "PAUE708_CV8_ENG_STOCK",
                    "ucType" : "_Engine",
                    "ucTypeShort" : "engine",
                    "position" : 1,
                    "elem" : 9,
                    "prevType" : "engine",
                    "prevPosition" : 0,
                    "components" : {
                        "engine" : [
                            "AB_Engine"
                        ]
                    },
                    "image" : "https://cdn.wowsft.com/images/modules/icon_module_Engine.png"
                }
            ]
        },
        "cols" : {
            "artillery" : 0,
            "hull" : 1,
            "torpedoes" : 0,
            "suo" : 0,
            "fighter" : 1,
            "torpedoBomber" : 1,
            "diveBomber" : 1,
            "skipBomber" : 0,
            "engine" : 1
        },
        "maxRows" : 3,
        "costCR" : 11500000,
        "costXP" : 161000,
        "value" : 1
    },
    "battleLevels" : { },
    "canEquipCamouflage" : true,
    "group" : "upgradeable",
    "id" : 4181702640,
    "index" : "PASA108",
    "level" : 8,
    "maxEquippedFlags" : 8,
    "name" : "PASA108_Lexington",
    "navalFlag" : "usa",
    "needShowProjectYear" : true,
    "peculiarity" : "default",
    "steerAngle" : [
        0.2,
        0.7,
        1.0
    ],
    "typeinfo" : {
        "nation" : "USA",
        "species" : "AirCarrier",
        "type" : "Ship"
    },
    "realShipType" : "AirCarrier",
    "realShipTypeId" : "AIRCARRIER",
    "research" : true,
    "prevShipIndex" : "PASA106",
    "prevShipName" : "PASA106_Ranger",
    "prevShipXP" : 40000,
    "prevShipCompXP" : 10000,
    "planes" : {
        "AB1_Fighter" : "PAAF108_Lexington_stock",
        "AB2_Fighter" : "PAAF208_Lexington_top",
        "AB3_Fighter_Alt" : "PAAF308_Lexington_top",
        "AB2_TorpedoBomber" : "PAAB208_Lexington_top",
        "AB1_TorpedoBomber" : "PAAB108_Lexington_stock",
        "AB1_DiveBomber" : "PAAD108_Lexington_stock",
        "AB2_DiveBomber" : "PAAD208_Lexington_top"
    },
    "imageSmall" : "https://cdn.wowsft.com/images/vehicles/ship_previews/PASA108.png",
    "typeImage" : "https://cdn.wowsft.com/images/vehicles/ship_classes/icon_aircarrier_standard.png"
}