{
    "components" : {
        "flightControl" : {
            "A_FlightControl" : {
                "consumablePlanesReserve" : {
                    "Fighter" : 1,
                    "Scout" : 0
                },
                "consumableSquadrons" : [ ],
                "hasConsumablePlanes" : false,
                "planesReserveAssignment" : {
                    "Auxiliary" : 0,
                    "Bomber" : 1,
                    "Dive" : 1,
                    "Fighter" : 1,
                    "Scout" : 0,
                    "Skip" : 1
                },
                "prepareTimeFactor" : 1.0,
                "squadrons" : [
                    "Fighter",
                    "Bomber",
                    "Dive"
                ],
                "isGroundAttackEnabled" : true
            }
        },
        "airArmament" : {
            "A_AirArmament" : {
                "auraCoeff" : 1.0,
                "deckPlaceCount" : 30,
                "independentLaunchpad" : false,
                "launchPrepareTime" : 0.0,
                "launchpadType" : "deck",
                "planesReserveCapacity" : 116
            }
        },
        "airDefense" : {
            "A_AirDefense" : {
                "aaJoint" : {
                    "auraFar" : [ ],
                    "auraMedium" : [
                        {
                            "areaDamage" : 154.0,
                            "areaDamagePeriod" : 0.285714285714,
                            "bubbleDuration" : 4.75,
                            "bubbleRadius" : 1.0,
                            "enableBarrage" : true,
                            "explosionCount" : 15.0,
                            "guns" : [
                                "HP_AGA_1",
                                "HP_AGA_10",
                                "HP_AGA_11",
                                "HP_AGA_12",
                                "HP_AGA_13",
                                "HP_AGA_15",
                                "HP_AGA_16",
                                "HP_AGA_17",
                                "HP_AGA_18",
                                "HP_AGA_19",
                                "HP_AGA_2",
                                "HP_AGA_25",
                                "HP_AGA_26",
                                "HP_AGA_27",
                                "HP_AGA_28",
                                "HP_AGA_29",
                                "HP_AGA_30",
                                "HP_AGA_31",
                                "HP_AGA_36",
                                "HP_AGA_37",
                                "HP_AGA_9"
                            ],
                            "halfOuterBubbleZone" : 60.0,
                            "hitChance" : 1.0,
                            "innerBubbleSpawnTimeRange" : [
                                3.3,
                                3.8
                            ],
                            "innerBubbleZone" : 20.0,
                            "joint" : true,
                            "maxBubbleActivationDelay" : 0.5,
                            "maxDistance" : 3500.0,
                            "minBubbleActivationDelay" : 0.2,
                            "minDistance" : 100.0,
                            "outerBubbleSpawnTimeRange" : [
                                2.5,
                                3.0
                            ],
                            "shotDelay" : 0.5,
                            "shotTravelTime" : 1.5,
                            "type" : "medium"
                        }
                    ],
                    "auraNear" : [
                        {
                            "areaDamage" : 32.0,
                            "areaDamagePeriod" : 0.285714285714,
                            "bubbleDuration" : 4.75,
                            "bubbleRadius" : 1.0,
                            "enableBarrage" : true,
                            "explosionCount" : 15.0,
                            "guns" : [
                                "HP_AGA_14",
                                "HP_AGA_20",
                                "HP_AGA_21",
                                "HP_AGA_22",
                                "HP_AGA_23",
                                "HP_AGA_24",
                                "HP_AGA_3",
                                "HP_AGA_32",
                                "HP_AGA_33",
                                "HP_AGA_34",
                                "HP_AGA_35",
                                "HP_AGA_4",
                                "HP_AGA_5",
                                "HP_AGA_6",
                                "HP_AGA_7",
                                "HP_AGA_8"
                            ],
                            "halfOuterBubbleZone" : 60.0,
                            "hitChance" : 0.95,
                            "innerBubbleSpawnTimeRange" : [
                                3.3,
                                3.8
                            ],
                            "innerBubbleZone" : 20.0,
                            "joint" : true,
                            "maxBubbleActivationDelay" : 0.5,
                            "maxDistance" : 2000.0,
                            "minBubbleActivationDelay" : 0.2,
                            "minDistance" : 100.0,
                            "outerBubbleSpawnTimeRange" : [
                                2.5,
                                3.0
                            ],
                            "shotDelay" : 0.1,
                            "shotTravelTime" : 1.0,
                            "type" : "near"
                        }
                    ]
                },
                "ownerlessTracesScatterCoefficient" : 1.0,
                "sectors" : [
                    [
                        0.0,
                        180.0
                    ],
                    [
                        180.0,
                        0.0
                    ]
                ],
                "prioritySectorPhases" : [
                    [
                        5.0,
                        "linear",
                        0.035,
                        1.0,
                        1.35
                    ],
                    [
                        10.0,
                        "linear",
                        0.0,
                        1.35,
                        1.35
                    ]
                ],
                "prioritySectorPreparation" : 15.0,
                "prioritySectorDuration" : 15.0,
                "prioritySectorDamageInitial" : 0.035,
                "prioritySectorCoefficientInitial" : 1.0,
                "prioritySectorCoefficientDuring" : 1.35
            }
        },
        "atba" : {
            "A_ATBA" : {
                "aaJoint" : {
                    "auraFar" : [
                        {
                            "areaDamage" : 50.0,
                            "areaDamagePeriod" : 0.285714285714,
                            "bubbleDuration" : 3.0,
                            "enableBarrage" : true,
                            "guns" : [
                                "HP_AGS_1",
                                "HP_AGS_10",
                                "HP_AGS_11",
                                "HP_AGS_12",
                                "HP_AGS_13",
                                "HP_AGS_14",
                                "HP_AGS_2",
                                "HP_AGS_3",
                                "HP_AGS_4",
                                "HP_AGS_5",
                                "HP_AGS_6",
                                "HP_AGS_7",
                                "HP_AGS_8",
                                "HP_AGS_9"
                            ],
                            "halfOuterBubbleZone" : 50.0,
                            "hitChance" : 1.0,
                            "innerBubbleSpawnTimeRange" : [
                                2.65,
                                3.15
                            ],
                            "innerBubbleZone" : 20.0,
                            "joint" : true,
                            "maxBubbleActivationDelay" : 0.4,
                            "maxDistance" : 6000.0,
                            "minBubbleActivationDelay" : 0.1,
                            "minDistance" : 100.0,
                            "outerBubbleSpawnTimeRange" : [
                                2.45,
                                2.65
                            ],
                            "shotDelay" : 5.0,
                            "shotTravelTime" : 1.56,
                            "type" : "far"
                        },
                        {
                            "areaDamagePeriod" : 0.285714285714,
                            "bubbleDamage" : 230.0,
                            "bubbleDuration" : 3.0,
                            "bubbleRadius" : 2.75,
                            "enableBarrage" : true,
                            "explosionCount" : 3.0,
                            "guns" : [
                                "HP_AGS_1",
                                "HP_AGS_10",
                                "HP_AGS_11",
                                "HP_AGS_12",
                                "HP_AGS_13",
                                "HP_AGS_14",
                                "HP_AGS_2",
                                "HP_AGS_3",
                                "HP_AGS_4",
                                "HP_AGS_5",
                                "HP_AGS_6",
                                "HP_AGS_7",
                                "HP_AGS_8",
                                "HP_AGS_9"
                            ],
                            "halfOuterBubbleZone" : 50.0,
                            "hitChance" : 1.0,
                            "innerBubbleCount" : 6.0,
                            "innerBubbleSpawnTimeRange" : [
                                2.65,
                                3.15
                            ],
                            "innerBubbleZone" : 20.0,
                            "joint" : true,
                            "maxBubbleActivationDelay" : 0.4,
                            "maxDistance" : 6000.0,
                            "minBubbleActivationDelay" : 0.1,
                            "minDistance" : 3500.0,
                            "outerBubbleCount" : 2.0,
                            "outerBubbleSpawnTimeRange" : [
                                2.45,
                                2.65
                            ],
                            "shotDelay" : 5.0,
                            "shotTravelTime" : 1.56,
                            "type" : "far"
                        }
                    ],
                    "auraMedium" : [ ],
                    "auraNear" : [ ]
                },
                "secondaries" : {
                    "PAGS099_5in54_MK16" : {
                        "ammoList" : [
                            "PAPA058_127mm_HE_HC_Mk41"
                        ],
                        "antiAirAuraDistance" : 173.0,
                        "antiAirAuraStrength" : 0.111,
                        "barrelDiameter" : 0.127,
                        "deadZone" : [ ],
                        "delim" : 0.6,
                        "horizSector" : [
                            0.0,
                            155.0
                        ],
                        "id" : 4190562288,
                        "idealDistance" : 333.333,
                        "idealRadius" : 20.0,
                        "index" : "PAGS099",
                        "minRadius" : 1.0,
                        "name" : "PAGS099_5in54_MK16",
                        "numBarrels" : 1,
                        "radiusOnDelim" : 0.8,
                        "radiusOnMax" : 1.0,
                        "radiusOnZero" : 0.1,
                        "rotationSpeed" : [
                            60.0,
                            1.0
                        ],
                        "shotDelay" : 4.0,
                        "smallGun" : true,
                        "smokePenalty" : 1.0E-4,
                        "typeinfo" : {
                            "nation" : "USA",
                            "species" : "Secondary",
                            "type" : "Gun"
                        },
                        "vertSector" : [
                            -1.0,
                            85.0
                        ],
                        "GSIdealRadius" : 1.0,
                        "count" : 14
                    }
                },
                "maxDist" : 5000.0,
                "minDistH" : 50.0,
                "minDistV" : 110.0,
                "sigmaCount" : 1.0,
                "GSIdealRadius" : 1.0
            }
        },
        "hull" : {
            "A_Hull" : {
                "backwardPowerCoef" : 3.0,
                "buoyancy" : 200000.0,
                "buoyancyRudderTime" : 1.0,
                "burnNodes" : [
                    [
                        0.8002,
                        1.0,
                        5.0
                    ],
                    [
                        0.8002,
                        1.0,
                        5.0
                    ],
                    [
                        0.8002,
                        1.0,
                        5.0
                    ],
                    [
                        0.8002,
                        1.0,
                        5.0
                    ]
                ],
                "burnProb" : 0.8002,
                "burnDamage" : 1.0,
                "burnTime" : 5.0,
                "burnSize" : 4,
                "deckHeight" : 16.4,
                "draft" : 11.0,
                "enginePower" : 212000.0,
                "floodNodes" : [
                    [
                        0.25,
                        0.25,
                        30.0
                    ],
                    [
                        0.25,
                        0.25,
                        30.0
                    ]
                ],
                "floodProb" : 0.25,
                "floodProtection" : 25.0,
                "floodDamage" : 0.25,
                "floodTime" : 30.0,
                "floodSize" : 2,
                "health" : 67600.0,
                "mass" : 5.9901E7,
                "maxRudderAngle" : 30.0,
                "maxSpeed" : 33.0,
                "pushingMaxRudderAngle" : 16.0,
                "pushingMinRudderAngle" : 1.0,
                "rollEffect" : 90.0,
                "rudderPower" : 4.73E7,
                "rudderTime" : 22.54,
                "sideDragCoef" : 3700000.0,
                "size" : [
                    295.05,
                    41.45,
                    43.53
                ],
                "smokeScanRadius" : 27.0,
                "speedCoef" : 1.0,
                "tonnage" : 59901.0,
                "torpedoImpactMassImpulseCoeff" : 0.5,
                "turningRadius" : 1230.0,
                "visibilityCoefATBA" : 1.0E-6,
                "visibilityCoefATBAByPlane" : 1.0E-6,
                "visibilityCoefFire" : 2.0,
                "visibilityCoefFireByPlane" : 3.0,
                "visibilityCoefGK" : 1.0E-6,
                "visibilityCoefGKByPlane" : 1.0E-6,
                "visibilityCoefGKInSmoke" : 1.0E-6,
                "visibilityCoeff" : 20.0,
                "visibilityFactor" : 15.86,
                "visibilityFactorByPlane" : 12.45,
                "visibilityFactorInSmoke" : 1.0E-6,
                "burnSizeSkill" : 4
            }
        },
        "engine" : {
            "A_Engine" : {
                "backwardEngineForsag" : 2.5,
                "backwardEngineForsagMaxSpeed" : 2.5,
                "backwardEngineUpTime" : 30.0,
                "backwardSpeedOnFlood" : -0.6,
                "damagedEnginePowerMultiplier" : -0.6,
                "damagedEnginePowerTimeMultiplier" : 7.0,
                "forwardEngineForsag" : 2.5,
                "forwardEngineForsagMaxSpeed" : 2.5,
                "forwardEngineUpTime" : 60.0,
                "forwardSpeedOnFlood" : -0.3,
                "histEnginePower" : 212000.0
            }
        }
    },
    "shipAbilities" : {
        "AbilitySlot0" : {
            "abils" : [
                [
                    "PCY037_CrashCrewAuto",
                    "CV"
                ]
            ],
            "slot" : 0
        },
        "AbilitySlot1" : {
            "abils" : [
                [
                    "PCY038_FighterAuto",
                    "CV_USA_10"
                ]
            ],
            "slot" : 1
        },
        "AbilitySlot2" : {
            "slot" : 2
        },
        "AbilitySlot3" : {
            "slot" : 3
        },
        "AbilitySlot4" : {
            "slot" : 4
        }
    },
    "shipUpgradeInfo" : {
        "components" : {
            "flightControl" : [
                {
                    "name" : "PAUF901_FC_ROOSEVELT",
                    "ucType" : "_FlightControl",
                    "ucTypeShort" : "flightControl",
                    "position" : 1,
                    "elem" : 0,
                    "prevType" : "flightControl",
                    "prevPosition" : 0,
                    "components" : {
                        "flightControl" : [
                            "A_FlightControl"
                        ]
                    },
                    "image" : "https://cdn.wowsft.com/images/modules/icon_module_FlightControl.png"
                }
            ],
            "artillery" : [ ],
            "hull" : [
                {
                    "name" : "PAUH910_HULL_ROOSEVELT",
                    "ucType" : "_Hull",
                    "ucTypeShort" : "hull",
                    "position" : 1,
                    "elem" : 2,
                    "prevType" : "hull",
                    "prevPosition" : 0,
                    "components" : {
                        "airArmament" : [
                            "A_AirArmament"
                        ],
                        "airDefense" : [
                            "A_AirDefense"
                        ],
                        "artillery" : [ ],
                        "atba" : [
                            "A_ATBA"
                        ],
                        "depthCharges" : [ ],
                        "hull" : [
                            "A_Hull"
                        ],
                        "hydrophone" : [ ],
                        "pinger" : [ ],
                        "torpedoes" : [ ]
                    },
                    "image" : "https://cdn.wowsft.com/images/modules/icon_module_Hull.png"
                }
            ],
            "torpedoes" : [ ],
            "suo" : [ ],
            "fighter" : [
                {
                    "name" : "PAUI907_F_ROOSEVELT",
                    "ucType" : "_Fighter",
                    "ucTypeShort" : "fighter",
                    "position" : 1,
                    "elem" : 5,
                    "prevType" : "fighter",
                    "prevPosition" : 0,
                    "components" : {
                        "fighter" : [
                            "A1_Fighter"
                        ]
                    },
                    "image" : "https://cdn.wowsft.com/images/modules/icon_module_Fighter.png"
                }
            ],
            "torpedoBomber" : [
                {
                    "name" : "PAUB907_TB_ROOSEVELT",
                    "ucType" : "_TorpedoBomber",
                    "ucTypeShort" : "torpedoBomber",
                    "position" : 1,
                    "elem" : 6,
                    "prevType" : "torpedoBomber",
                    "prevPosition" : 0,
                    "components" : {
                        "torpedoBomber" : [
                            "A1_TorpedoBomber"
                        ]
                    },
                    "image" : "https://cdn.wowsft.com/images/modules/icon_module_TorpedoBomber.png"
                }
            ],
            "diveBomber" : [
                {
                    "name" : "PAUD907_DB_ROOSEVELT",
                    "ucType" : "_DiveBomber",
                    "ucTypeShort" : "diveBomber",
                    "position" : 1,
                    "elem" : 7,
                    "prevType" : "diveBomber",
                    "prevPosition" : 0,
                    "components" : {
                        "diveBomber" : [
                            "A1_DiveBomber"
                        ]
                    },
                    "image" : "https://cdn.wowsft.com/images/modules/icon_module_DiveBomber.png"
                }
            ],
            "skipBomber" : [ ],
            "engine" : [
                {
                    "name" : "PAUE914_ENG_ROOSEVELT",
                    "ucType" : "_Engine",
                    "ucTypeShort" : "engine",
                    "position" : 1,
                    "elem" : 9,
                    "prevType" : "engine",
                    "prevPosition" : 0,
                    "components" : {
                        "engine" : [
                            "A_Engine"
                        ]
                    },
                    "image" : "https://cdn.wowsft.com/images/modules/icon_module_Engine.png"
                }
            ]
        },
        "cols" : {
            "artillery" : 0,
            "hull" : 1,
            "torpedoes" : 0,
            "suo" : 0,
            "fighter" : 1,
            "torpedoBomber" : 1,
            "diveBomber" : 1,
            "skipBomber" : 0,
            "engine" : 1
        },
        "maxRows" : 1,
        "costGold" : 35000,
        "value" : 1
    },
    "battleLevels" : { },
    "canEquipCamouflage" : true,
    "group" : "ultimate",
    "id" : 3760175088,
    "index" : "PASA510",
    "level" : 10,
    "maxEquippedFlags" : 8,
    "name" : "PASA510_Roosevelt",
    "navalFlag" : "usa",
    "needShowProjectYear" : true,
    "peculiarity" : "default",
    "steerAngle" : [
        0.2,
        0.7,
        1.0
    ],
    "typeinfo" : {
        "nation" : "USA",
        "species" : "AirCarrier",
        "type" : "Ship"
    },
    "realShipType" : "Premium",
    "realShipTypeId" : "FILTER_PREMIUM",
    "planes" : {
        "A1_Fighter" : "PAAF510_Roosevelt_stock",
        "A1_TorpedoBomber" : "PAAB610_Roosevelt_stock",
        "A1_DiveBomber" : "PAAD610_Roosevelt_stock"
    },
    "typeImage" : "https://cdn.wowsft.com/images/vehicles/ship_classes/icon_aircarrier_standard.png",
    "imageSmall" : "https://cdn.wowsft.com/images/vehicles/ship_previews/PASA510.png"
}