{
    "components" : {
        "airArmament" : {
            "B_AirArmament" : {
                "auraCoeff" : 1.0,
                "deckPlaceCount" : 0,
                "independentLaunchpad" : false,
                "launchPrepareTime" : 0.0,
                "launchpadType" : "catapult",
                "planesReserveCapacity" : 0
            }
        },
        "airDefense" : {
            "A_AirDefense" : {
                "aaJoint" : {
                    "auraFar" : [ ],
                    "auraMedium" : [
                        {
                            "areaDamage" : 15.0,
                            "areaDamageFrequency" : 0.285714285714,
                            "enableBarrage" : true,
                            "guns" : [
                                "HP_AGA_1",
                                "HP_AGA_2",
                                "HP_AGA_3",
                                "HP_AGA_4",
                                "HP_AGA_5",
                                "HP_AGA_6",
                                "HP_AGA_7",
                                "HP_AGA_8"
                            ],
                            "hitChance" : 0.75,
                            "joint" : true,
                            "maxDistance" : 3000.0,
                            "minDistance" : 100.0,
                            "shotDelay" : 0.5,
                            "shotTravelTime" : 1.5,
                            "type" : "medium"
                        }
                    ],
                    "auraNear" : [ ]
                },
                "ownerlessTracesScatterCoefficient" : 1.0,
                "sectors" : [
                    [
                        0.0,
                        180.0
                    ],
                    [
                        180.0,
                        0.0
                    ]
                ],
                "prioritySectorPhases" : [
                    [
                        5.0,
                        "linear",
                        0.035,
                        1.0,
                        1.35
                    ],
                    [
                        10.0,
                        "linear",
                        0.0,
                        1.35,
                        1.35
                    ]
                ],
                "prioritySectorPreparation" : 15.0,
                "prioritySectorDuration" : 15.0,
                "prioritySectorDamageInitial" : 0.035,
                "prioritySectorCoefficientInitial" : 1.0,
                "prioritySectorCoefficientDuring" : 1.35
            },
            "B_AirDefense" : {
                "aaJoint" : {
                    "auraFar" : [ ],
                    "auraMedium" : [
                        {
                            "areaDamage" : 17.0,
                            "areaDamageFrequency" : 0.285714285714,
                            "enableBarrage" : true,
                            "guns" : [
                                "HP_AGA_1",
                                "HP_AGA_10",
                                "HP_AGA_2",
                                "HP_AGA_22",
                                "HP_AGA_23",
                                "HP_AGA_7",
                                "HP_AGA_8",
                                "HP_AGA_9"
                            ],
                            "hitChance" : 0.75,
                            "joint" : true,
                            "maxDistance" : 3500.0,
                            "minDistance" : 100.0,
                            "shotDelay" : 0.5,
                            "shotTravelTime" : 1.5,
                            "type" : "medium"
                        }
                    ],
                    "auraNear" : [
                        {
                            "areaDamage" : 12.0,
                            "areaDamageFrequency" : 0.285714285714,
                            "enableBarrage" : true,
                            "guns" : [
                                "HP_AGA_11",
                                "HP_AGA_12",
                                "HP_AGA_17",
                                "HP_AGA_18",
                                "HP_AGA_5",
                                "HP_AGA_6"
                            ],
                            "hitChance" : 0.7,
                            "joint" : true,
                            "maxDistance" : 2400.0,
                            "minDistance" : 100.0,
                            "shotDelay" : 0.1,
                            "shotTravelTime" : 1.0,
                            "type" : "near"
                        },
                        {
                            "areaDamage" : 45.0,
                            "areaDamageFrequency" : 0.285714285714,
                            "enableBarrage" : true,
                            "guns" : [
                                "HP_AGA_13",
                                "HP_AGA_14",
                                "HP_AGA_15",
                                "HP_AGA_16",
                                "HP_AGA_19",
                                "HP_AGA_20",
                                "HP_AGA_21",
                                "HP_AGA_24",
                                "HP_AGA_25",
                                "HP_AGA_26",
                                "HP_AGA_27",
                                "HP_AGA_28",
                                "HP_AGA_3",
                                "HP_AGA_4"
                            ],
                            "hitChance" : 0.7,
                            "joint" : true,
                            "maxDistance" : 2400.0,
                            "minDistance" : 100.0,
                            "shotDelay" : 0.1,
                            "shotTravelTime" : 1.0,
                            "type" : "near"
                        }
                    ]
                },
                "ownerlessTracesScatterCoefficient" : 1.0,
                "sectors" : [
                    [
                        0.0,
                        180.0
                    ],
                    [
                        180.0,
                        0.0
                    ]
                ],
                "prioritySectorPhases" : [
                    [
                        5.0,
                        "linear",
                        0.035,
                        1.0,
                        1.35
                    ],
                    [
                        10.0,
                        "linear",
                        0.0,
                        1.35,
                        1.35
                    ]
                ],
                "prioritySectorPreparation" : 15.0,
                "prioritySectorDuration" : 15.0,
                "prioritySectorDamageInitial" : 0.035,
                "prioritySectorCoefficientInitial" : 1.0,
                "prioritySectorCoefficientDuring" : 1.35
            }
        },
        "artillery" : {
            "A1_Artillery" : {
                "turrets" : [
                    {
                        "ammoList" : [
                            "PAPA057_305mm_HE_Common_870lbs",
                            "PAPA055_305mm_AP_AP_870lbs"
                        ],
                        "barrelDiameter" : 0.305,
                        "coeffPerSecondMin" : 0.3,
                        "deadZone" : [ ],
                        "delim" : 0.5,
                        "ellipseRangeMax" : 250.0,
                        "ellipseRangeMin" : 50.0,
                        "horizSector" : [
                            -140.0,
                            140.0
                        ],
                        "id" : 4132038640,
                        "idealDistance" : 1000.0,
                        "idealRadius" : 12.0,
                        "index" : "PAGM155",
                        "maxEllipseRanging" : 1.003,
                        "medEllipseRanging" : 1.002,
                        "minEllipseRanging" : 1.001,
                        "minRadius" : 2.0,
                        "name" : "PAGM155_12in50_Mk7",
                        "numBarrels" : 2,
                        "onMoveTarPosCoeffDelim" : 1.001,
                        "onMoveTarPosCoeffMaxDist" : 1.002,
                        "onMoveTarPosCoeffZero" : 1.0,
                        "onMoveTarPosDelim" : 0.1,
                        "position" : [
                            0.0,
                            1.0
                        ],
                        "radiusOnDelim" : 0.5,
                        "radiusOnMax" : 0.6,
                        "radiusOnZero" : 0.2,
                        "reduceTime" : 0.1,
                        "rotationSpeed" : [
                            3.0,
                            8.0
                        ],
                        "shotDelay" : 30.0,
                        "smokePenalty" : 1.0E-4,
                        "typeinfo" : {
                            "nation" : "USA",
                            "species" : "Main",
                            "type" : "Gun"
                        },
                        "vertSector" : [
                            -1.0,
                            15.0
                        ]
                    },
                    {
                        "ammoList" : [
                            "PAPA057_305mm_HE_Common_870lbs",
                            "PAPA055_305mm_AP_AP_870lbs"
                        ],
                        "barrelDiameter" : 0.305,
                        "coeffPerSecondMin" : 0.3,
                        "deadZone" : [ ],
                        "delim" : 0.5,
                        "ellipseRangeMax" : 250.0,
                        "ellipseRangeMin" : 50.0,
                        "horizSector" : [
                            -105.0,
                            105.0
                        ],
                        "id" : 4132038640,
                        "idealDistance" : 1000.0,
                        "idealRadius" : 12.0,
                        "index" : "PAGM155",
                        "maxEllipseRanging" : 1.003,
                        "medEllipseRanging" : 1.002,
                        "minEllipseRanging" : 1.001,
                        "minRadius" : 2.0,
                        "name" : "PAGM155_12in50_Mk7",
                        "numBarrels" : 2,
                        "onMoveTarPosCoeffDelim" : 1.001,
                        "onMoveTarPosCoeffMaxDist" : 1.002,
                        "onMoveTarPosCoeffZero" : 1.0,
                        "onMoveTarPosDelim" : 0.1,
                        "position" : [
                            1.0,
                            1.0
                        ],
                        "radiusOnDelim" : 0.5,
                        "radiusOnMax" : 0.6,
                        "radiusOnZero" : 0.2,
                        "reduceTime" : 0.1,
                        "rotationSpeed" : [
                            3.0,
                            8.0
                        ],
                        "shotDelay" : 30.0,
                        "smokePenalty" : 1.0E-4,
                        "typeinfo" : {
                            "nation" : "USA",
                            "species" : "Main",
                            "type" : "Gun"
                        },
                        "vertSector" : [
                            -1.0,
                            15.0
                        ]
                    },
                    {
                        "ammoList" : [
                            "PAPA057_305mm_HE_Common_870lbs",
                            "PAPA055_305mm_AP_AP_870lbs"
                        ],
                        "barrelDiameter" : 0.305,
                        "coeffPerSecondMin" : 0.3,
                        "deadZone" : [ ],
                        "delim" : 0.5,
                        "ellipseRangeMax" : 250.0,
                        "ellipseRangeMin" : 50.0,
                        "horizSector" : [
                            -129.0,
                            129.0
                        ],
                        "id" : 4132038640,
                        "idealDistance" : 1000.0,
                        "idealRadius" : 12.0,
                        "index" : "PAGM155",
                        "maxEllipseRanging" : 1.003,
                        "medEllipseRanging" : 1.002,
                        "minEllipseRanging" : 1.001,
                        "minRadius" : 2.0,
                        "name" : "PAGM155_12in50_Mk7",
                        "numBarrels" : 2,
                        "onMoveTarPosCoeffDelim" : 1.001,
                        "onMoveTarPosCoeffMaxDist" : 1.002,
                        "onMoveTarPosCoeffZero" : 1.0,
                        "onMoveTarPosDelim" : 0.1,
                        "position" : [
                            2.5,
                            1.0
                        ],
                        "radiusOnDelim" : 0.5,
                        "radiusOnMax" : 0.6,
                        "radiusOnZero" : 0.2,
                        "reduceTime" : 0.1,
                        "rotationSpeed" : [
                            3.0,
                            8.0
                        ],
                        "shotDelay" : 30.0,
                        "smokePenalty" : 1.0E-4,
                        "typeinfo" : {
                            "nation" : "USA",
                            "species" : "Main",
                            "type" : "Gun"
                        },
                        "vertSector" : [
                            0.0,
                            15.0
                        ]
                    },
                    {
                        "ammoList" : [
                            "PAPA057_305mm_HE_Common_870lbs",
                            "PAPA055_305mm_AP_AP_870lbs"
                        ],
                        "barrelDiameter" : 0.305,
                        "coeffPerSecondMin" : 0.3,
                        "deadZone" : [ ],
                        "delim" : 0.5,
                        "ellipseRangeMax" : 250.0,
                        "ellipseRangeMin" : 50.0,
                        "horizSector" : [
                            -139.0,
                            139.0
                        ],
                        "id" : 4132038640,
                        "idealDistance" : 1000.0,
                        "idealRadius" : 12.0,
                        "index" : "PAGM155",
                        "maxEllipseRanging" : 1.003,
                        "medEllipseRanging" : 1.002,
                        "minEllipseRanging" : 1.001,
                        "minRadius" : 2.0,
                        "name" : "PAGM155_12in50_Mk7",
                        "numBarrels" : 2,
                        "onMoveTarPosCoeffDelim" : 1.001,
                        "onMoveTarPosCoeffMaxDist" : 1.002,
                        "onMoveTarPosCoeffZero" : 1.0,
                        "onMoveTarPosDelim" : 0.1,
                        "position" : [
                            3.5,
                            1.0
                        ],
                        "radiusOnDelim" : 0.5,
                        "radiusOnMax" : 0.6,
                        "radiusOnZero" : 0.2,
                        "reduceTime" : 0.1,
                        "rotationSpeed" : [
                            3.0,
                            8.0
                        ],
                        "shotDelay" : 30.0,
                        "smokePenalty" : 1.0E-4,
                        "typeinfo" : {
                            "nation" : "USA",
                            "species" : "Main",
                            "type" : "Gun"
                        },
                        "vertSector" : [
                            0.0,
                            15.0
                        ]
                    },
                    {
                        "ammoList" : [
                            "PAPA057_305mm_HE_Common_870lbs",
                            "PAPA055_305mm_AP_AP_870lbs"
                        ],
                        "barrelDiameter" : 0.305,
                        "coeffPerSecondMin" : 0.3,
                        "deadZone" : [ ],
                        "delim" : 0.5,
                        "ellipseRangeMax" : 250.0,
                        "ellipseRangeMin" : 50.0,
                        "horizSector" : [
                            -150.0,
                            150.0
                        ],
                        "id" : 4132038640,
                        "idealDistance" : 1000.0,
                        "idealRadius" : 12.0,
                        "index" : "PAGM155",
                        "maxEllipseRanging" : 1.003,
                        "medEllipseRanging" : 1.002,
                        "minEllipseRanging" : 1.001,
                        "minRadius" : 2.0,
                        "name" : "PAGM155_12in50_Mk7",
                        "numBarrels" : 2,
                        "onMoveTarPosCoeffDelim" : 1.001,
                        "onMoveTarPosCoeffMaxDist" : 1.002,
                        "onMoveTarPosCoeffZero" : 1.0,
                        "onMoveTarPosDelim" : 0.1,
                        "position" : [
                            4.5,
                            1.0
                        ],
                        "radiusOnDelim" : 0.5,
                        "radiusOnMax" : 0.6,
                        "radiusOnZero" : 0.2,
                        "reduceTime" : 0.1,
                        "rotationSpeed" : [
                            3.0,
                            8.0
                        ],
                        "shotDelay" : 30.0,
                        "smokePenalty" : 1.0E-4,
                        "typeinfo" : {
                            "nation" : "USA",
                            "species" : "Main",
                            "type" : "Gun"
                        },
                        "vertSector" : [
                            0.0,
                            15.0
                        ]
                    },
                    {
                        "ammoList" : [
                            "PAPA057_305mm_HE_Common_870lbs",
                            "PAPA055_305mm_AP_AP_870lbs"
                        ],
                        "barrelDiameter" : 0.305,
                        "coeffPerSecondMin" : 0.3,
                        "deadZone" : [ ],
                        "delim" : 0.5,
                        "ellipseRangeMax" : 250.0,
                        "ellipseRangeMin" : 50.0,
                        "horizSector" : [
                            -144.0,
                            144.0
                        ],
                        "id" : 4132038640,
                        "idealDistance" : 1000.0,
                        "idealRadius" : 12.0,
                        "index" : "PAGM155",
                        "maxEllipseRanging" : 1.003,
                        "medEllipseRanging" : 1.002,
                        "minEllipseRanging" : 1.001,
                        "minRadius" : 2.0,
                        "name" : "PAGM155_12in50_Mk7",
                        "numBarrels" : 2,
                        "onMoveTarPosCoeffDelim" : 1.001,
                        "onMoveTarPosCoeffMaxDist" : 1.002,
                        "onMoveTarPosCoeffZero" : 1.0,
                        "onMoveTarPosDelim" : 0.1,
                        "position" : [
                            5.5,
                            1.0
                        ],
                        "radiusOnDelim" : 0.5,
                        "radiusOnMax" : 0.6,
                        "radiusOnZero" : 0.2,
                        "reduceTime" : 0.1,
                        "rotationSpeed" : [
                            3.0,
                            8.0
                        ],
                        "shotDelay" : 30.0,
                        "smokePenalty" : 1.0E-4,
                        "typeinfo" : {
                            "nation" : "USA",
                            "species" : "Main",
                            "type" : "Gun"
                        },
                        "vertSector" : [
                            -1.0,
                            15.0
                        ]
                    }
                ],
                "turretTypes" : {
                    "2" : [
                        6,
                        "PAGM155_12in50_Mk7"
                    ]
                },
                "maxDist" : 14380.0,
                "minDistH" : 50.0,
                "minDistV" : 110.0,
                "normalDistribution" : true,
                "sigmaCount" : 1.5,
                "taperDist" : 3000.0,
                "GMIdealRadius" : 1.0,
                "barrelDiameter" : 0.305,
                "numBarrels" : 12
            },
            "B1_Artillery" : {
                "turrets" : [
                    {
                        "ammoList" : [
                            "PAPA056_305mm_HE_HC_Mk8",
                            "PAPA054_Shell_305mm_AP_AP_Mk15"
                        ],
                        "barrelDiameter" : 0.305,
                        "coeffPerSecondMin" : 0.3,
                        "deadZone" : [ ],
                        "delim" : 0.5,
                        "ellipseRangeMax" : 250.0,
                        "ellipseRangeMin" : 50.0,
                        "horizSector" : [
                            -143.0,
                            143.0
                        ],
                        "id" : 4164544496,
                        "idealDistance" : 1000.0,
                        "idealRadius" : 12.0,
                        "index" : "PAGM124",
                        "maxEllipseRanging" : 1.003,
                        "medEllipseRanging" : 1.002,
                        "minEllipseRanging" : 1.001,
                        "minRadius" : 2.0,
                        "name" : "PAGM124_12in50_Mk7",
                        "numBarrels" : 2,
                        "onMoveTarPosCoeffDelim" : 1.001,
                        "onMoveTarPosCoeffMaxDist" : 1.002,
                        "onMoveTarPosCoeffZero" : 1.0,
                        "onMoveTarPosDelim" : 0.1,
                        "position" : [
                            0.0,
                            1.0
                        ],
                        "radiusOnDelim" : 0.5,
                        "radiusOnMax" : 0.6,
                        "radiusOnZero" : 0.2,
                        "reduceTime" : 0.1,
                        "rotationSpeed" : [
                            3.5,
                            8.0
                        ],
                        "shotDelay" : 30.0,
                        "smokePenalty" : 1.0E-4,
                        "typeinfo" : {
                            "nation" : "USA",
                            "species" : "Main",
                            "type" : "Gun"
                        },
                        "vertSector" : [
                            -1.0,
                            15.0
                        ]
                    },
                    {
                        "ammoList" : [
                            "PAPA056_305mm_HE_HC_Mk8",
                            "PAPA054_Shell_305mm_AP_AP_Mk15"
                        ],
                        "barrelDiameter" : 0.305,
                        "coeffPerSecondMin" : 0.3,
                        "deadZone" : [ ],
                        "delim" : 0.5,
                        "ellipseRangeMax" : 250.0,
                        "ellipseRangeMin" : 50.0,
                        "horizSector" : [
                            -103.0,
                            103.0
                        ],
                        "id" : 4164544496,
                        "idealDistance" : 1000.0,
                        "idealRadius" : 12.0,
                        "index" : "PAGM124",
                        "maxEllipseRanging" : 1.003,
                        "medEllipseRanging" : 1.002,
                        "minEllipseRanging" : 1.001,
                        "minRadius" : 2.0,
                        "name" : "PAGM124_12in50_Mk7",
                        "numBarrels" : 2,
                        "onMoveTarPosCoeffDelim" : 1.001,
                        "onMoveTarPosCoeffMaxDist" : 1.002,
                        "onMoveTarPosCoeffZero" : 1.0,
                        "onMoveTarPosDelim" : 0.1,
                        "position" : [
                            1.0,
                            1.0
                        ],
                        "radiusOnDelim" : 0.5,
                        "radiusOnMax" : 0.6,
                        "radiusOnZero" : 0.2,
                        "reduceTime" : 0.1,
                        "rotationSpeed" : [
                            3.5,
                            8.0
                        ],
                        "shotDelay" : 30.0,
                        "smokePenalty" : 1.0E-4,
                        "typeinfo" : {
                            "nation" : "USA",
                            "species" : "Main",
                            "type" : "Gun"
                        },
                        "vertSector" : [
                            -1.0,
                            15.0
                        ]
                    },
                    {
                        "ammoList" : [
                            "PAPA056_305mm_HE_HC_Mk8",
                            "PAPA054_Shell_305mm_AP_AP_Mk15"
                        ],
                        "barrelDiameter" : 0.305,
                        "coeffPerSecondMin" : 0.3,
                        "deadZone" : [
                            [
                                -22.0,
                                22.0
                            ]
                        ],
                        "delim" : 0.5,
                        "ellipseRangeMax" : 250.0,
                        "ellipseRangeMin" : 50.0,
                        "horizSector" : [
                            -125.0,
                            125.0
                        ],
                        "id" : 4164544496,
                        "idealDistance" : 1000.0,
                        "idealRadius" : 12.0,
                        "index" : "PAGM124",
                        "maxEllipseRanging" : 1.003,
                        "medEllipseRanging" : 1.002,
                        "minEllipseRanging" : 1.001,
                        "minRadius" : 2.0,
                        "name" : "PAGM124_12in50_Mk7",
                        "numBarrels" : 2,
                        "onMoveTarPosCoeffDelim" : 1.001,
                        "onMoveTarPosCoeffMaxDist" : 1.002,
                        "onMoveTarPosCoeffZero" : 1.0,
                        "onMoveTarPosDelim" : 0.1,
                        "position" : [
                            2.5,
                            1.0
                        ],
                        "radiusOnDelim" : 0.5,
                        "radiusOnMax" : 0.6,
                        "radiusOnZero" : 0.2,
                        "reduceTime" : 0.1,
                        "rotationSpeed" : [
                            3.5,
                            8.0
                        ],
                        "shotDelay" : 30.0,
                        "smokePenalty" : 1.0E-4,
                        "typeinfo" : {
                            "nation" : "USA",
                            "species" : "Main",
                            "type" : "Gun"
                        },
                        "vertSector" : [
                            -1.0,
                            15.0
                        ]
                    },
                    {
                        "ammoList" : [
                            "PAPA056_305mm_HE_HC_Mk8",
                            "PAPA054_Shell_305mm_AP_AP_Mk15"
                        ],
                        "barrelDiameter" : 0.305,
                        "coeffPerSecondMin" : 0.3,
                        "deadZone" : [
                            [
                                -35.0,
                                35.0
                            ]
                        ],
                        "delim" : 0.5,
                        "ellipseRangeMax" : 250.0,
                        "ellipseRangeMin" : 50.0,
                        "horizSector" : [
                            -141.0,
                            141.0
                        ],
                        "id" : 4164544496,
                        "idealDistance" : 1000.0,
                        "idealRadius" : 12.0,
                        "index" : "PAGM124",
                        "maxEllipseRanging" : 1.003,
                        "medEllipseRanging" : 1.002,
                        "minEllipseRanging" : 1.001,
                        "minRadius" : 2.0,
                        "name" : "PAGM124_12in50_Mk7",
                        "numBarrels" : 2,
                        "onMoveTarPosCoeffDelim" : 1.001,
                        "onMoveTarPosCoeffMaxDist" : 1.002,
                        "onMoveTarPosCoeffZero" : 1.0,
                        "onMoveTarPosDelim" : 0.1,
                        "position" : [
                            3.5,
                            1.0
                        ],
                        "radiusOnDelim" : 0.5,
                        "radiusOnMax" : 0.6,
                        "radiusOnZero" : 0.2,
                        "reduceTime" : 0.1,
                        "rotationSpeed" : [
                            3.5,
                            8.0
                        ],
                        "shotDelay" : 30.0,
                        "smokePenalty" : 1.0E-4,
                        "typeinfo" : {
                            "nation" : "USA",
                            "species" : "Main",
                            "type" : "Gun"
                        },
                        "vertSector" : [
                            -1.0,
                            15.0
                        ]
                    },
                    {
                        "ammoList" : [
                            "PAPA056_305mm_HE_HC_Mk8",
                            "PAPA054_Shell_305mm_AP_AP_Mk15"
                        ],
                        "barrelDiameter" : 0.305,
                        "coeffPerSecondMin" : 0.3,
                        "deadZone" : [ ],
                        "delim" : 0.5,
                        "ellipseRangeMax" : 250.0,
                        "ellipseRangeMin" : 50.0,
                        "horizSector" : [
                            -148.0,
                            148.0
                        ],
                        "id" : 4164544496,
                        "idealDistance" : 1000.0,
                        "idealRadius" : 12.0,
                        "index" : "PAGM124",
                        "maxEllipseRanging" : 1.003,
                        "medEllipseRanging" : 1.002,
                        "minEllipseRanging" : 1.001,
                        "minRadius" : 2.0,
                        "name" : "PAGM124_12in50_Mk7",
                        "numBarrels" : 2,
                        "onMoveTarPosCoeffDelim" : 1.001,
                        "onMoveTarPosCoeffMaxDist" : 1.002,
                        "onMoveTarPosCoeffZero" : 1.0,
                        "onMoveTarPosDelim" : 0.1,
                        "position" : [
                            4.5,
                            1.0
                        ],
                        "radiusOnDelim" : 0.5,
                        "radiusOnMax" : 0.6,
                        "radiusOnZero" : 0.2,
                        "reduceTime" : 0.1,
                        "rotationSpeed" : [
                            3.5,
                            8.0
                        ],
                        "shotDelay" : 30.0,
                        "smokePenalty" : 1.0E-4,
                        "typeinfo" : {
                            "nation" : "USA",
                            "species" : "Main",
                            "type" : "Gun"
                        },
                        "vertSector" : [
                            -1.0,
                            15.0
                        ]
                    },
                    {
                        "ammoList" : [
                            "PAPA056_305mm_HE_HC_Mk8",
                            "PAPA054_Shell_305mm_AP_AP_Mk15"
                        ],
                        "barrelDiameter" : 0.305,
                        "coeffPerSecondMin" : 0.3,
                        "deadZone" : [ ],
                        "delim" : 0.5,
                        "ellipseRangeMax" : 250.0,
                        "ellipseRangeMin" : 50.0,
                        "horizSector" : [
                            -150.0,
                            150.0
                        ],
                        "id" : 4164544496,
                        "idealDistance" : 1000.0,
                        "idealRadius" : 12.0,
                        "index" : "PAGM124",
                        "maxEllipseRanging" : 1.003,
                        "medEllipseRanging" : 1.002,
                        "minEllipseRanging" : 1.001,
                        "minRadius" : 2.0,
                        "name" : "PAGM124_12in50_Mk7",
                        "numBarrels" : 2,
                        "onMoveTarPosCoeffDelim" : 1.001,
                        "onMoveTarPosCoeffMaxDist" : 1.002,
                        "onMoveTarPosCoeffZero" : 1.0,
                        "onMoveTarPosDelim" : 0.1,
                        "position" : [
                            5.5,
                            1.0
                        ],
                        "radiusOnDelim" : 0.5,
                        "radiusOnMax" : 0.6,
                        "radiusOnZero" : 0.2,
                        "reduceTime" : 0.1,
                        "rotationSpeed" : [
                            3.5,
                            8.0
                        ],
                        "shotDelay" : 30.0,
                        "smokePenalty" : 1.0E-4,
                        "typeinfo" : {
                            "nation" : "USA",
                            "species" : "Main",
                            "type" : "Gun"
                        },
                        "vertSector" : [
                            -1.0,
                            15.0
                        ]
                    }
                ],
                "turretTypes" : {
                    "2" : [
                        6,
                        "PAGM124_12in50_Mk7"
                    ]
                },
                "maxDist" : 14380.0,
                "minDistH" : 50.0,
                "minDistV" : 110.0,
                "normalDistribution" : true,
                "sigmaCount" : 1.5,
                "taperDist" : 3000.0,
                "GMIdealRadius" : 1.0,
                "barrelDiameter" : 0.305,
                "numBarrels" : 12
            }
        },
        "atba" : {
            "A_ATBA" : {
                "secondaries" : {
                    "PAGS149_5in_51_Mk7" : {
                        "ammoList" : [
                            "PAPA008_Shell_127mm_HE_HC_Mk_39"
                        ],
                        "barrelDiameter" : 0.127,
                        "deadZone" : [ ],
                        "delim" : 0.6,
                        "horizSector" : [
                            -130.0,
                            0.0
                        ],
                        "id" : 4138133488,
                        "idealDistance" : 333.333,
                        "idealRadius" : 20.0,
                        "index" : "PAGS149",
                        "minRadius" : 1.0,
                        "name" : "PAGS149_5in_51_Mk7",
                        "numBarrels" : 1,
                        "radiusOnDelim" : 0.8,
                        "radiusOnMax" : 1.0,
                        "radiusOnZero" : 0.1,
                        "rotationSpeed" : [
                            60.0,
                            1.0
                        ],
                        "shotDelay" : 7.0,
                        "smallGun" : true,
                        "smokePenalty" : 1.0E-4,
                        "typeinfo" : {
                            "nation" : "USA",
                            "species" : "Secondary",
                            "type" : "Gun"
                        },
                        "vertSector" : [
                            -1.0,
                            15.0
                        ],
                        "GSIdealRadius" : 1.0,
                        "count" : 10
                    },
                    "PAGS029_5in51_Mk_7" : {
                        "ammoList" : [
                            "PAPA008_Shell_127mm_HE_HC_Mk_39"
                        ],
                        "barrelDiameter" : 0.127,
                        "deadZone" : [
                            [
                                0.0,
                                5.0
                            ]
                        ],
                        "delim" : 0.6,
                        "horizSector" : [
                            0.0,
                            136.0
                        ],
                        "id" : 4263962608,
                        "idealDistance" : 333.333,
                        "idealRadius" : 20.0,
                        "index" : "PAGS029",
                        "minRadius" : 1.0,
                        "name" : "PAGS029_5in51_Mk_7",
                        "numBarrels" : 1,
                        "radiusOnDelim" : 0.8,
                        "radiusOnMax" : 1.0,
                        "radiusOnZero" : 0.1,
                        "rotationSpeed" : [
                            60.0,
                            1.0
                        ],
                        "shotDelay" : 7.0,
                        "smallGun" : true,
                        "smokePenalty" : 1.0E-4,
                        "typeinfo" : {
                            "nation" : "USA",
                            "species" : "Secondary",
                            "type" : "Gun"
                        },
                        "vertSector" : [
                            -2.0,
                            20.0
                        ],
                        "GSIdealRadius" : 1.0,
                        "count" : 6
                    }
                },
                "maxDist" : 3500.0,
                "minDistH" : 50.0,
                "minDistV" : 110.0,
                "sigmaCount" : 1.0,
                "GSIdealRadius" : 1.0
            },
            "B_ATBA" : {
                "secondaries" : {
                    "PAGS029_5in51_Mk_7" : {
                        "ammoList" : [
                            "PAPA008_Shell_127mm_HE_HC_Mk_39"
                        ],
                        "barrelDiameter" : 0.127,
                        "deadZone" : [ ],
                        "delim" : 0.6,
                        "horizSector" : [
                            -141.0,
                            -8.0
                        ],
                        "id" : 4263962608,
                        "idealDistance" : 333.333,
                        "idealRadius" : 20.0,
                        "index" : "PAGS029",
                        "minRadius" : 1.0,
                        "name" : "PAGS029_5in51_Mk_7",
                        "numBarrels" : 1,
                        "radiusOnDelim" : 0.8,
                        "radiusOnMax" : 1.0,
                        "radiusOnZero" : 0.1,
                        "rotationSpeed" : [
                            60.0,
                            1.0
                        ],
                        "shotDelay" : 7.0,
                        "smallGun" : true,
                        "smokePenalty" : 1.0E-4,
                        "typeinfo" : {
                            "nation" : "USA",
                            "species" : "Secondary",
                            "type" : "Gun"
                        },
                        "vertSector" : [
                            -2.0,
                            10.0
                        ],
                        "GSIdealRadius" : 1.0,
                        "count" : 6
                    }
                },
                "maxDist" : 3500.0,
                "minDistH" : 50.0,
                "minDistV" : 110.0,
                "sigmaCount" : 1.0,
                "GSIdealRadius" : 1.0
            }
        },
        "hull" : {
            "A_Hull_1919" : {
                "backwardPowerCoef" : 4.0,
                "buoyancy" : 200000.0,
                "buoyancyRudderTime" : 1.0,
                "burnNodes" : [
                    [
                        0.9334,
                        0.3,
                        60.0
                    ],
                    [
                        0.9334,
                        0.3,
                        60.0
                    ],
                    [
                        0.9334,
                        0.3,
                        60.0
                    ],
                    [
                        0.9334,
                        0.3,
                        60.0
                    ]
                ],
                "burnProb" : 0.9334,
                "burnDamage" : 0.3,
                "burnTime" : 60.0,
                "burnSize" : 4,
                "deckHeight" : 7.8,
                "draft" : 11.0,
                "enginePower" : 28000.0,
                "floodNodes" : [
                    [
                        0.29,
                        0.5,
                        40.0
                    ],
                    [
                        0.29,
                        0.5,
                        40.0
                    ]
                ],
                "floodProb" : 0.29,
                "floodProtection" : 13.000000000000014,
                "floodDamage" : 0.5,
                "floodTime" : 40.0,
                "floodSize" : 2,
                "health" : 41500.0,
                "mass" : 2.768E7,
                "maxRudderAngle" : 30.0,
                "maxSpeed" : 20.5,
                "pushingMaxRudderAngle" : 16.0,
                "pushingMinRudderAngle" : 1.0,
                "rollEffect" : 42.0,
                "rudderPower" : 4.2E7,
                "rudderTime" : 20.38,
                "sideDragCoef" : 1600000.0,
                "size" : [
                    171.3,
                    28.41,
                    32.47
                ],
                "smokeScanRadius" : 27.0,
                "speedCoef" : 1.0,
                "tonnage" : 26000.0,
                "torpedoImpactMassImpulseCoeff" : 0.5,
                "turningRadius" : 590.0,
                "visibilityCoefATBA" : 1.0E-6,
                "visibilityCoefATBAByPlane" : 1.0E-6,
                "visibilityCoefFire" : 2.0,
                "visibilityCoefFireByPlane" : 3.0,
                "visibilityCoefGK" : 1.0E-6,
                "visibilityCoefGKByPlane" : 6.1,
                "visibilityCoefGKInSmoke" : 10.77,
                "visibilityCoeff" : 17.71,
                "visibilityFactor" : 14.04,
                "visibilityFactorByPlane" : 7.73,
                "visibilityFactorInSmoke" : 1.0E-6,
                "burnSizeSkill" : 4
            },
            "B_Hull_1942" : {
                "backwardPowerCoef" : 4.0,
                "buoyancy" : 200000.0,
                "buoyancyRudderTime" : 1.0,
                "burnNodes" : [
                    [
                        0.9001,
                        0.3,
                        60.0
                    ],
                    [
                        0.9001,
                        0.3,
                        60.0
                    ],
                    [
                        0.9001,
                        0.3,
                        60.0
                    ],
                    [
                        0.9001,
                        0.3,
                        60.0
                    ]
                ],
                "burnProb" : 0.9001,
                "burnDamage" : 0.3,
                "burnTime" : 60.0,
                "burnSize" : 4,
                "deckHeight" : 7.8,
                "draft" : 11.0,
                "enginePower" : 28000.0,
                "floodNodes" : [
                    [
                        0.28,
                        0.5,
                        40.0
                    ],
                    [
                        0.28,
                        0.5,
                        40.0
                    ]
                ],
                "floodProb" : 0.28,
                "floodProtection" : 15.999999999999986,
                "floodDamage" : 0.5,
                "floodTime" : 40.0,
                "floodSize" : 2,
                "health" : 43800.0,
                "mass" : 2.768E7,
                "maxRudderAngle" : 30.0,
                "maxSpeed" : 20.5,
                "pushingMaxRudderAngle" : 16.0,
                "pushingMinRudderAngle" : 1.0,
                "rollEffect" : 42.0,
                "rudderPower" : 4.2E7,
                "rudderTime" : 14.56,
                "sideDragCoef" : 1600000.0,
                "size" : [
                    171.3,
                    28.41,
                    32.47
                ],
                "smokeScanRadius" : 27.0,
                "speedCoef" : 1.0,
                "tonnage" : 27680.0,
                "torpedoImpactMassImpulseCoeff" : 0.5,
                "turningRadius" : 590.0,
                "visibilityCoefATBA" : 1.0E-6,
                "visibilityCoefATBAByPlane" : 1.0E-6,
                "visibilityCoefFire" : 2.0,
                "visibilityCoefFireByPlane" : 3.0,
                "visibilityCoefGK" : 1.0E-6,
                "visibilityCoefGKByPlane" : 6.1,
                "visibilityCoefGKInSmoke" : 10.77,
                "visibilityCoeff" : 20.33,
                "visibilityFactor" : 14.04,
                "visibilityFactorByPlane" : 7.73,
                "visibilityFactorInSmoke" : 1.0E-6,
                "burnSizeSkill" : 4
            }
        },
        "suo" : {
            "AB1_FireControl" : {
                "maxDistCoef" : 1.0,
                "sigmaCountCoef" : 1.0
            },
            "AB2_FireControl" : {
                "maxDistCoef" : 1.1,
                "sigmaCountCoef" : 1.0
            }
        },
        "engine" : {
            "AB2_Engine" : {
                "backwardEngineForsag" : 2.5,
                "backwardEngineForsagMaxSpeed" : 2.5,
                "backwardEngineUpTime" : 30.0,
                "backwardSpeedOnFlood" : -0.6,
                "damagedEnginePowerMultiplier" : -0.325,
                "damagedEnginePowerTimeMultiplier" : 6.5,
                "forwardEngineForsag" : 2.5,
                "forwardEngineForsagMaxSpeed" : 2.5,
                "forwardEngineUpTime" : 60.0,
                "forwardSpeedOnFlood" : -0.3,
                "histEnginePower" : 28000.0
            },
            "AB1_Engine" : {
                "backwardEngineForsag" : 2.5,
                "backwardEngineForsagMaxSpeed" : 2.5,
                "backwardEngineUpTime" : 30.0,
                "backwardSpeedOnFlood" : -0.6,
                "damagedEnginePowerMultiplier" : -0.325,
                "damagedEnginePowerTimeMultiplier" : 6.5,
                "forwardEngineForsag" : 2.5,
                "forwardEngineForsagMaxSpeed" : 2.5,
                "forwardEngineUpTime" : 60.0,
                "forwardSpeedOnFlood" : -0.3,
                "histEnginePower" : 24000.0,
                "speedCoef" : -0.123
            }
        }
    },
    "shipAbilities" : {
        "AbilitySlot0" : {
            "abils" : [
                [
                    "PCY009_CrashCrewPremium",
                    "B_USA_Gold"
                ]
            ],
            "slot" : 0
        },
        "AbilitySlot1" : {
            "abils" : [
                [
                    "PCY010_RegenCrewPremium",
                    "B_Colorado_Gold"
                ]
            ],
            "slot" : 1
        },
        "AbilitySlot2" : {
            "abils" : [
                [
                    "PCY013_SpotterPremium",
                    "Default"
                ]
            ],
            "slot" : 2
        },
        "AbilitySlot3" : {
            "slot" : 3
        },
        "AbilitySlot4" : {
            "slot" : 4
        }
    },
    "shipUpgradeInfo" : {
        "components" : {
            "flightControl" : [ ],
            "artillery" : [
                {
                    "name" : "PAUA321_B4_ART_STOCK",
                    "ucType" : "_Artillery",
                    "ucTypeShort" : "artillery",
                    "position" : 1,
                    "elem" : 1,
                    "prevType" : "artillery",
                    "prevPosition" : 0,
                    "components" : {
                        "artillery" : [
                            "A1_Artillery",
                            "B1_Artillery"
                        ]
                    },
                    "image" : "https://cdn.wowsft.com/images/modules/artillery.png"
                }
            ],
            "hull" : [
                {
                    "disabledAbilities" : [
                        "PCY013_SpotterPremium"
                    ],
                    "name" : "PAUH331_Arkansas_1912",
                    "ucType" : "_Hull",
                    "ucTypeShort" : "hull",
                    "position" : 1,
                    "elem" : 2,
                    "prevType" : "hull",
                    "prevPosition" : 0,
                    "components" : {
                        "airArmament" : [ ],
                        "airDefense" : [
                            "A_AirDefense"
                        ],
                        "artillery" : [
                            "A1_Artillery"
                        ],
                        "atba" : [
                            "A_ATBA"
                        ],
                        "depthCharges" : [ ],
                        "hull" : [
                            "A_Hull_1919"
                        ],
                        "hydrophone" : [ ],
                        "pinger" : [ ],
                        "torpedoes" : [ ]
                    },
                    "image" : "https://cdn.wowsft.com/images/modules/hull.png"
                },
                {
                    "nextShips" : [
                        "PASB006_New_York_1934"
                    ],
                    "name" : "PAUH333_Arkansas_1942",
                    "prev" : "PAUH331_Arkansas_1912",
                    "ucType" : "_Hull",
                    "ucTypeShort" : "hull",
                    "position" : 2,
                    "elem" : 2,
                    "prevType" : "hull",
                    "prevPosition" : 1,
                    "prevElem" : 2,
                    "components" : {
                        "airArmament" : [
                            "B_AirArmament"
                        ],
                        "airDefense" : [
                            "B_AirDefense"
                        ],
                        "artillery" : [
                            "B1_Artillery"
                        ],
                        "atba" : [
                            "B_ATBA"
                        ],
                        "depthCharges" : [ ],
                        "hull" : [
                            "B_Hull_1942"
                        ],
                        "hydrophone" : [ ],
                        "pinger" : [ ],
                        "torpedoes" : [ ]
                    },
                    "image" : "https://cdn.wowsft.com/images/modules/hull.png"
                }
            ],
            "torpedoes" : [ ],
            "suo" : [
                {
                    "name" : "PAUS321_Suo",
                    "ucType" : "_Suo",
                    "ucTypeShort" : "suo",
                    "position" : 1,
                    "elem" : 4,
                    "prevType" : "suo",
                    "prevPosition" : 0,
                    "components" : {
                        "suo" : [
                            "AB1_FireControl"
                        ]
                    },
                    "image" : "https://cdn.wowsft.com/images/modules/suo.png"
                },
                {
                    "name" : "PAUS322_Suo",
                    "prev" : "PAUS321_Suo",
                    "ucType" : "_Suo",
                    "ucTypeShort" : "suo",
                    "position" : 2,
                    "elem" : 4,
                    "prevType" : "suo",
                    "prevPosition" : 1,
                    "prevElem" : 4,
                    "components" : {
                        "suo" : [
                            "AB2_FireControl"
                        ]
                    },
                    "image" : "https://cdn.wowsft.com/images/modules/suo.png"
                }
            ],
            "fighter" : [ ],
            "torpedoBomber" : [ ],
            "diveBomber" : [ ],
            "engine" : [
                {
                    "name" : "PAUE322_B4_ENG_STOCK",
                    "ucType" : "_Engine",
                    "ucTypeShort" : "engine",
                    "position" : 1,
                    "elem" : 8,
                    "prevType" : "engine",
                    "prevPosition" : 0,
                    "components" : {
                        "engine" : [
                            "AB1_Engine"
                        ]
                    },
                    "image" : "https://cdn.wowsft.com/images/modules/engine.png"
                },
                {
                    "name" : "PAUE321_B4_ENG_TOP",
                    "prev" : "PAUE322_B4_ENG_STOCK",
                    "ucType" : "_Engine",
                    "ucTypeShort" : "engine",
                    "position" : 2,
                    "elem" : 8,
                    "prevType" : "engine",
                    "prevPosition" : 1,
                    "prevElem" : 8,
                    "components" : {
                        "engine" : [
                            "AB2_Engine"
                        ]
                    },
                    "image" : "https://cdn.wowsft.com/images/modules/engine.png"
                }
            ]
        },
        "cols" : {
            "flightControl" : 0,
            "artillery" : 1,
            "hull" : 1,
            "torpedoes" : 0,
            "suo" : 1,
            "fighter" : 0,
            "torpedoBomber" : 0,
            "diveBomber" : 0,
            "engine" : 1
        },
        "maxRows" : 2,
        "costCR" : 785000,
        "costXP" : 7200,
        "value" : 1
    },
    "battleLevels" : { },
    "canEquipCamouflage" : true,
    "group" : "upgradeable",
    "id" : 4290721776,
    "index" : "PASB004",
    "level" : 4,
    "maxEquippedFlags" : 8,
    "name" : "PASB004_Arkansas_1912",
    "navalFlag" : "usa",
    "needShowProjectYear" : true,
    "peculiarity" : "default",
    "steerAngle" : [
        0.2,
        0.7,
        1.0
    ],
    "typeinfo" : {
        "nation" : "USA",
        "species" : "Battleship",
        "type" : "Ship"
    },
    "realShipType" : "Battleship",
    "realShipTypeId" : "BATTLESHIP",
    "research" : true,
    "prevShipIndex" : "PASB001",
    "prevShipName" : "PASB001_Michigan_1916",
    "prevShipXP" : 2800,
    "prevShipCompXP" : 1400,
    "imageSmall" : "https://cdn.wowsft.com/images/vehicles/ship_previews/PASB004.png",
    "typeImage" : "https://cdn.wowsft.com/images/vehicles/ship_classes/icon_battleship_standard.png"
}