{
    "components" : {
        "airArmament" : {
            "B_AirArmament" : {
                "auraCoeff" : 1.0,
                "deckPlaceCount" : 0,
                "independentLaunchpad" : false,
                "launchPrepareTime" : 0.0,
                "launchpadType" : "catapult",
                "planesReserveCapacity" : 0
            },
            "C_AirArmament" : {
                "auraCoeff" : 1.0,
                "deckPlaceCount" : 0,
                "independentLaunchpad" : false,
                "launchPrepareTime" : 0.0,
                "launchpadType" : "catapult",
                "planesReserveCapacity" : 0
            }
        },
        "airDefense" : {
            "B_AirDefense" : {
                "aaJoint" : {
                    "auraFar" : [ ],
                    "auraMedium" : [
                        {
                            "areaDamage" : 75.0,
                            "areaDamageFrequency" : 0.285714285714,
                            "enableBarrage" : true,
                            "guns" : [
                                "HP_AGA_15",
                                "HP_AGA_16",
                                "HP_AGA_29",
                                "HP_AGA_30",
                                "HP_AGA_33",
                                "HP_AGA_34",
                                "HP_AGA_37",
                                "HP_AGA_38",
                                "HP_AGA_43",
                                "HP_AGA_44"
                            ],
                            "hitChance" : 0.75,
                            "joint" : true,
                            "maxDistance" : 3500.0,
                            "minDistance" : 100.0,
                            "shotDelay" : 0.5,
                            "shotTravelTime" : 1.5,
                            "type" : "medium"
                        }
                    ],
                    "auraNear" : [
                        {
                            "areaDamage" : 94.0,
                            "areaDamageFrequency" : 0.285714285714,
                            "enableBarrage" : true,
                            "guns" : [
                                "HP_AGA_1",
                                "HP_AGA_10",
                                "HP_AGA_11",
                                "HP_AGA_12",
                                "HP_AGA_13",
                                "HP_AGA_14",
                                "HP_AGA_17",
                                "HP_AGA_18",
                                "HP_AGA_19",
                                "HP_AGA_2",
                                "HP_AGA_20",
                                "HP_AGA_21",
                                "HP_AGA_22",
                                "HP_AGA_23",
                                "HP_AGA_24",
                                "HP_AGA_25",
                                "HP_AGA_26",
                                "HP_AGA_27",
                                "HP_AGA_28",
                                "HP_AGA_3",
                                "HP_AGA_31",
                                "HP_AGA_32",
                                "HP_AGA_35",
                                "HP_AGA_36",
                                "HP_AGA_39",
                                "HP_AGA_4",
                                "HP_AGA_40",
                                "HP_AGA_41",
                                "HP_AGA_42",
                                "HP_AGA_45",
                                "HP_AGA_46",
                                "HP_AGA_47",
                                "HP_AGA_48",
                                "HP_AGA_49",
                                "HP_AGA_5",
                                "HP_AGA_50",
                                "HP_AGA_51",
                                "HP_AGA_52",
                                "HP_AGA_53",
                                "HP_AGA_54",
                                "HP_AGA_55",
                                "HP_AGA_56",
                                "HP_AGA_6",
                                "HP_AGA_7",
                                "HP_AGA_8",
                                "HP_AGA_9"
                            ],
                            "hitChance" : 0.7,
                            "joint" : true,
                            "maxDistance" : 2000.0,
                            "minDistance" : 100.0,
                            "shotDelay" : 0.1,
                            "shotTravelTime" : 1.0,
                            "type" : "near"
                        }
                    ]
                },
                "ownerlessTracesScatterCoefficient" : 1.0,
                "sectors" : [
                    [
                        0.0,
                        180.0
                    ],
                    [
                        180.0,
                        0.0
                    ]
                ],
                "prioritySectorPhases" : [
                    [
                        5.0,
                        "linear",
                        0.035,
                        1.0,
                        1.35
                    ],
                    [
                        10.0,
                        "linear",
                        0.0,
                        1.35,
                        1.35
                    ]
                ],
                "prioritySectorPreparation" : 15.0,
                "prioritySectorDuration" : 15.0,
                "prioritySectorDamageInitial" : 0.035,
                "prioritySectorCoefficientInitial" : 1.0,
                "prioritySectorCoefficientDuring" : 1.35
            },
            "C_AirDefense" : {
                "aaJoint" : {
                    "auraFar" : [ ],
                    "auraMedium" : [
                        {
                            "areaDamage" : 111.0,
                            "areaDamageFrequency" : 0.285714285714,
                            "enableBarrage" : true,
                            "guns" : [
                                "HP_AGA_15",
                                "HP_AGA_16",
                                "HP_AGA_27",
                                "HP_AGA_28",
                                "HP_AGA_33",
                                "HP_AGA_34",
                                "HP_AGA_37",
                                "HP_AGA_38",
                                "HP_AGA_41",
                                "HP_AGA_42",
                                "HP_AGA_43",
                                "HP_AGA_44",
                                "HP_AGA_57",
                                "HP_AGA_58",
                                "HP_AGM_3_HP_AGA_1"
                            ],
                            "hitChance" : 0.75,
                            "joint" : true,
                            "maxDistance" : 3500.0,
                            "minDistance" : 100.0,
                            "shotDelay" : 0.5,
                            "shotTravelTime" : 1.5,
                            "type" : "medium"
                        }
                    ],
                    "auraNear" : [
                        {
                            "areaDamage" : 88.0,
                            "areaDamageFrequency" : 0.285714285714,
                            "enableBarrage" : true,
                            "guns" : [
                                "HP_AGA_1",
                                "HP_AGA_10",
                                "HP_AGA_11",
                                "HP_AGA_12",
                                "HP_AGA_13",
                                "HP_AGA_14",
                                "HP_AGA_17",
                                "HP_AGA_18",
                                "HP_AGA_19",
                                "HP_AGA_2",
                                "HP_AGA_20",
                                "HP_AGA_21",
                                "HP_AGA_22",
                                "HP_AGA_23",
                                "HP_AGA_24",
                                "HP_AGA_25",
                                "HP_AGA_26",
                                "HP_AGA_29",
                                "HP_AGA_3",
                                "HP_AGA_30",
                                "HP_AGA_31",
                                "HP_AGA_32",
                                "HP_AGA_35",
                                "HP_AGA_36",
                                "HP_AGA_39",
                                "HP_AGA_4",
                                "HP_AGA_40",
                                "HP_AGA_45",
                                "HP_AGA_46",
                                "HP_AGA_47",
                                "HP_AGA_48",
                                "HP_AGA_49",
                                "HP_AGA_5",
                                "HP_AGA_50",
                                "HP_AGA_51",
                                "HP_AGA_52",
                                "HP_AGA_53",
                                "HP_AGA_54",
                                "HP_AGA_55",
                                "HP_AGA_56",
                                "HP_AGA_6",
                                "HP_AGA_7",
                                "HP_AGA_8",
                                "HP_AGA_9"
                            ],
                            "hitChance" : 0.7,
                            "joint" : true,
                            "maxDistance" : 2000.0,
                            "minDistance" : 100.0,
                            "shotDelay" : 0.1,
                            "shotTravelTime" : 1.0,
                            "type" : "near"
                        }
                    ]
                },
                "ownerlessTracesScatterCoefficient" : 1.0,
                "sectors" : [
                    [
                        0.0,
                        180.0
                    ],
                    [
                        180.0,
                        0.0
                    ]
                ],
                "prioritySectorPhases" : [
                    [
                        5.0,
                        "linear",
                        0.035,
                        1.0,
                        1.35
                    ],
                    [
                        10.0,
                        "linear",
                        0.0,
                        1.35,
                        1.35
                    ]
                ],
                "prioritySectorPreparation" : 15.0,
                "prioritySectorDuration" : 15.0,
                "prioritySectorDamageInitial" : 0.035,
                "prioritySectorCoefficientInitial" : 1.0,
                "prioritySectorCoefficientDuring" : 1.35
            }
        },
        "artillery" : {
            "AB1_Artillery" : {
                "turrets" : [
                    {
                        "ammoList" : [
                            "PAPA084_Shell_406mm_HE_HC_Mk_13E",
                            "PAPA011_Shell_406mm_AP_AP_Mk_8"
                        ],
                        "barrelDiameter" : 0.406,
                        "coeffPerSecondMin" : 0.3,
                        "deadZone" : [ ],
                        "delim" : 0.5,
                        "ellipseRangeMax" : 250.0,
                        "ellipseRangeMin" : 50.0,
                        "horizSector" : [
                            -145.0,
                            145.0
                        ],
                        "id" : 4281985008,
                        "idealDistance" : 1000.0,
                        "idealRadius" : 12.0,
                        "index" : "PAGM012",
                        "maxEllipseRanging" : 1.003,
                        "medEllipseRanging" : 1.002,
                        "minEllipseRanging" : 1.001,
                        "minRadius" : 2.0,
                        "name" : "PAGM012_16in45_Mk6",
                        "numBarrels" : 3,
                        "onMoveTarPosCoeffDelim" : 1.001,
                        "onMoveTarPosCoeffMaxDist" : 1.002,
                        "onMoveTarPosCoeffZero" : 1.0,
                        "onMoveTarPosDelim" : 0.1,
                        "position" : [
                            1.0,
                            1.0
                        ],
                        "radiusOnDelim" : 0.5,
                        "radiusOnMax" : 0.6,
                        "radiusOnZero" : 0.2,
                        "reduceTime" : 0.1,
                        "rotationSpeed" : [
                            4.0,
                            12.0
                        ],
                        "shotDelay" : 30.0,
                        "smokePenalty" : 1.0E-4,
                        "typeinfo" : {
                            "nation" : "USA",
                            "species" : "Main",
                            "type" : "Gun"
                        },
                        "vertSector" : [
                            -1.0,
                            45.0
                        ]
                    },
                    {
                        "ammoList" : [
                            "PAPA084_Shell_406mm_HE_HC_Mk_13E",
                            "PAPA011_Shell_406mm_AP_AP_Mk_8"
                        ],
                        "barrelDiameter" : 0.406,
                        "coeffPerSecondMin" : 0.3,
                        "deadZone" : [ ],
                        "delim" : 0.5,
                        "ellipseRangeMax" : 250.0,
                        "ellipseRangeMin" : 50.0,
                        "horizSector" : [
                            -148.0,
                            148.0
                        ],
                        "id" : 4281985008,
                        "idealDistance" : 1000.0,
                        "idealRadius" : 12.0,
                        "index" : "PAGM012",
                        "maxEllipseRanging" : 1.003,
                        "medEllipseRanging" : 1.002,
                        "minEllipseRanging" : 1.001,
                        "minRadius" : 2.0,
                        "name" : "PAGM012_16in45_Mk6",
                        "numBarrels" : 3,
                        "onMoveTarPosCoeffDelim" : 1.001,
                        "onMoveTarPosCoeffMaxDist" : 1.002,
                        "onMoveTarPosCoeffZero" : 1.0,
                        "onMoveTarPosDelim" : 0.1,
                        "position" : [
                            2.0,
                            1.0
                        ],
                        "radiusOnDelim" : 0.5,
                        "radiusOnMax" : 0.6,
                        "radiusOnZero" : 0.2,
                        "reduceTime" : 0.1,
                        "rotationSpeed" : [
                            4.0,
                            12.0
                        ],
                        "shotDelay" : 30.0,
                        "smokePenalty" : 1.0E-4,
                        "typeinfo" : {
                            "nation" : "USA",
                            "species" : "Main",
                            "type" : "Gun"
                        },
                        "vertSector" : [
                            -1.0,
                            45.0
                        ]
                    },
                    {
                        "ammoList" : [
                            "PAPA084_Shell_406mm_HE_HC_Mk_13E",
                            "PAPA011_Shell_406mm_AP_AP_Mk_8"
                        ],
                        "barrelDiameter" : 0.406,
                        "coeffPerSecondMin" : 0.3,
                        "deadZone" : [ ],
                        "delim" : 0.5,
                        "ellipseRangeMax" : 250.0,
                        "ellipseRangeMin" : 50.0,
                        "horizSector" : [
                            -147.0,
                            147.0
                        ],
                        "id" : 4281985008,
                        "idealDistance" : 1000.0,
                        "idealRadius" : 12.0,
                        "index" : "PAGM012",
                        "maxEllipseRanging" : 1.003,
                        "medEllipseRanging" : 1.002,
                        "minEllipseRanging" : 1.001,
                        "minRadius" : 2.0,
                        "name" : "PAGM012_16in45_Mk6",
                        "numBarrels" : 3,
                        "onMoveTarPosCoeffDelim" : 1.001,
                        "onMoveTarPosCoeffMaxDist" : 1.002,
                        "onMoveTarPosCoeffZero" : 1.0,
                        "onMoveTarPosDelim" : 0.1,
                        "position" : [
                            5.0,
                            1.0
                        ],
                        "radiusOnDelim" : 0.5,
                        "radiusOnMax" : 0.6,
                        "radiusOnZero" : 0.2,
                        "reduceTime" : 0.1,
                        "rotationSpeed" : [
                            4.0,
                            12.0
                        ],
                        "shotDelay" : 30.0,
                        "smokePenalty" : 1.0E-4,
                        "typeinfo" : {
                            "nation" : "USA",
                            "species" : "Main",
                            "type" : "Gun"
                        },
                        "vertSector" : [
                            0.1,
                            45.0
                        ]
                    }
                ],
                "turretTypes" : {
                    "3" : [
                        3,
                        "PAGM012_16in45_Mk6"
                    ]
                },
                "maxDist" : 21143.0,
                "minDistH" : 50.0,
                "minDistV" : 110.0,
                "normalDistribution" : true,
                "sigmaCount" : 2.0,
                "taperDist" : 4000.0,
                "GMIdealRadius" : 1.0,
                "barrelDiameter" : 0.406,
                "numBarrels" : 9
            },
            "C1_Artillery" : {
                "turrets" : [
                    {
                        "ammoList" : [
                            "PAPA084_Shell_406mm_HE_HC_Mk_13E",
                            "PAPA011_Shell_406mm_AP_AP_Mk_8"
                        ],
                        "barrelDiameter" : 0.406,
                        "coeffPerSecondMin" : 0.3,
                        "deadZone" : [ ],
                        "delim" : 0.5,
                        "ellipseRangeMax" : 250.0,
                        "ellipseRangeMin" : 50.0,
                        "horizSector" : [
                            -149.0,
                            149.0
                        ],
                        "id" : 4281985008,
                        "idealDistance" : 1000.0,
                        "idealRadius" : 12.0,
                        "index" : "PAGM012",
                        "maxEllipseRanging" : 1.003,
                        "medEllipseRanging" : 1.002,
                        "minEllipseRanging" : 1.001,
                        "minRadius" : 2.0,
                        "name" : "PAGM012_16in45_Mk6",
                        "numBarrels" : 3,
                        "onMoveTarPosCoeffDelim" : 1.001,
                        "onMoveTarPosCoeffMaxDist" : 1.002,
                        "onMoveTarPosCoeffZero" : 1.0,
                        "onMoveTarPosDelim" : 0.1,
                        "position" : [
                            1.0,
                            1.0
                        ],
                        "radiusOnDelim" : 0.5,
                        "radiusOnMax" : 0.6,
                        "radiusOnZero" : 0.2,
                        "reduceTime" : 0.1,
                        "rotationSpeed" : [
                            4.0,
                            12.0
                        ],
                        "shotDelay" : 30.0,
                        "smokePenalty" : 1.0E-4,
                        "typeinfo" : {
                            "nation" : "USA",
                            "species" : "Main",
                            "type" : "Gun"
                        },
                        "vertSector" : [
                            0.0,
                            45.0
                        ]
                    },
                    {
                        "ammoList" : [
                            "PAPA084_Shell_406mm_HE_HC_Mk_13E",
                            "PAPA011_Shell_406mm_AP_AP_Mk_8"
                        ],
                        "barrelDiameter" : 0.406,
                        "coeffPerSecondMin" : 0.3,
                        "deadZone" : [ ],
                        "delim" : 0.5,
                        "ellipseRangeMax" : 250.0,
                        "ellipseRangeMin" : 50.0,
                        "horizSector" : [
                            -149.0,
                            149.0
                        ],
                        "id" : 4281985008,
                        "idealDistance" : 1000.0,
                        "idealRadius" : 12.0,
                        "index" : "PAGM012",
                        "maxEllipseRanging" : 1.003,
                        "medEllipseRanging" : 1.002,
                        "minEllipseRanging" : 1.001,
                        "minRadius" : 2.0,
                        "name" : "PAGM012_16in45_Mk6",
                        "numBarrels" : 3,
                        "onMoveTarPosCoeffDelim" : 1.001,
                        "onMoveTarPosCoeffMaxDist" : 1.002,
                        "onMoveTarPosCoeffZero" : 1.0,
                        "onMoveTarPosDelim" : 0.1,
                        "position" : [
                            2.0,
                            1.0
                        ],
                        "radiusOnDelim" : 0.5,
                        "radiusOnMax" : 0.6,
                        "radiusOnZero" : 0.2,
                        "reduceTime" : 0.1,
                        "rotationSpeed" : [
                            4.0,
                            12.0
                        ],
                        "shotDelay" : 30.0,
                        "smokePenalty" : 1.0E-4,
                        "typeinfo" : {
                            "nation" : "USA",
                            "species" : "Main",
                            "type" : "Gun"
                        },
                        "vertSector" : [
                            0.0,
                            45.0
                        ]
                    },
                    {
                        "ammoList" : [
                            "PAPA084_Shell_406mm_HE_HC_Mk_13E",
                            "PAPA011_Shell_406mm_AP_AP_Mk_8"
                        ],
                        "barrelDiameter" : 0.406,
                        "coeffPerSecondMin" : 0.3,
                        "deadZone" : [ ],
                        "delim" : 0.5,
                        "ellipseRangeMax" : 250.0,
                        "ellipseRangeMin" : 50.0,
                        "horizSector" : [
                            -148.0,
                            148.0
                        ],
                        "id" : 4281985008,
                        "idealDistance" : 1000.0,
                        "idealRadius" : 12.0,
                        "index" : "PAGM012",
                        "maxEllipseRanging" : 1.003,
                        "medEllipseRanging" : 1.002,
                        "minEllipseRanging" : 1.001,
                        "minRadius" : 2.0,
                        "name" : "PAGM012_16in45_Mk6",
                        "numBarrels" : 3,
                        "onMoveTarPosCoeffDelim" : 1.001,
                        "onMoveTarPosCoeffMaxDist" : 1.002,
                        "onMoveTarPosCoeffZero" : 1.0,
                        "onMoveTarPosDelim" : 0.1,
                        "position" : [
                            5.0,
                            1.0
                        ],
                        "radiusOnDelim" : 0.5,
                        "radiusOnMax" : 0.6,
                        "radiusOnZero" : 0.2,
                        "reduceTime" : 0.1,
                        "rotationSpeed" : [
                            4.0,
                            12.0
                        ],
                        "shotDelay" : 30.0,
                        "smokePenalty" : 1.0E-4,
                        "typeinfo" : {
                            "nation" : "USA",
                            "species" : "Main",
                            "type" : "Gun"
                        },
                        "vertSector" : [
                            0.0,
                            45.0
                        ]
                    }
                ],
                "turretTypes" : {
                    "3" : [
                        3,
                        "PAGM012_16in45_Mk6"
                    ]
                },
                "maxDist" : 21143.0,
                "minDistH" : 50.0,
                "minDistV" : 110.0,
                "normalDistribution" : true,
                "sigmaCount" : 2.0,
                "taperDist" : 4000.0,
                "GMIdealRadius" : 1.0,
                "barrelDiameter" : 0.406,
                "numBarrels" : 9
            }
        },
        "atba" : {
            "ABC_ATBA" : {
                "aaJoint" : {
                    "auraFar" : [
                        {
                            "areaDamage" : 49.0,
                            "areaDamageFrequency" : 0.285714285714,
                            "bubbleDuration" : 3.0,
                            "enableBarrage" : true,
                            "explosionCount" : 2.0,
                            "guns" : [
                                "HP_AGS_1",
                                "HP_AGS_2",
                                "HP_AGS_3",
                                "HP_AGS_4",
                                "HP_AGS_5",
                                "HP_AGS_6",
                                "HP_AGS_7",
                                "HP_AGS_8",
                                "HP_AGS_9",
                                "HP_AGS_10"
                            ],
                            "halfOuterBubbleZone" : 50.0,
                            "hitChance" : 0.75,
                            "innerBubbleCount" : 3.0,
                            "innerBubbleSpawnTimeRange" : [
                                2.65,
                                3.15
                            ],
                            "innerBubbleZone" : 20.0,
                            "joint" : true,
                            "maxBubbleActivationDelay" : 0.4,
                            "maxDistance" : 5800.0,
                            "minBubbleActivationDelay" : 0.1,
                            "minDistance" : 100.0,
                            "outerBubbleSpawnTimeRange" : [
                                2.45,
                                2.65
                            ],
                            "shotDelay" : 5.0,
                            "shotTravelTime" : 1.51,
                            "type" : "far"
                        },
                        {
                            "areaDamageFrequency" : 0.285714285714,
                            "bubbleDamage" : 220.0,
                            "bubbleDuration" : 3.0,
                            "bubbleRadius" : 2.567,
                            "enableBarrage" : true,
                            "explosionCount" : 2.0,
                            "guns" : [
                                "HP_AGS_1",
                                "HP_AGS_2",
                                "HP_AGS_3",
                                "HP_AGS_4",
                                "HP_AGS_5",
                                "HP_AGS_6",
                                "HP_AGS_7",
                                "HP_AGS_8",
                                "HP_AGS_9",
                                "HP_AGS_10"
                            ],
                            "halfOuterBubbleZone" : 50.0,
                            "hitChance" : 0.75,
                            "innerBubbleCount" : 6.0,
                            "innerBubbleSpawnTimeRange" : [
                                2.65,
                                3.15
                            ],
                            "innerBubbleZone" : 20.0,
                            "joint" : true,
                            "maxBubbleActivationDelay" : 0.4,
                            "maxDistance" : 5800.0,
                            "minBubbleActivationDelay" : 0.1,
                            "minDistance" : 3500.0,
                            "outerBubbleCount" : 2.0,
                            "outerBubbleSpawnTimeRange" : [
                                2.45,
                                2.65
                            ],
                            "shotDelay" : 5.0,
                            "shotTravelTime" : 1.51,
                            "type" : "far"
                        }
                    ],
                    "auraMedium" : [ ],
                    "auraNear" : [ ]
                },
                "secondaries" : {
                    "PAGS010_5in38_Mk32_Mod12" : {
                        "ammoList" : [
                            "PAPA018_Main_127mm_HE_C_Mk_32"
                        ],
                        "antiAirAuraDistance" : 167.0,
                        "antiAirAuraStrength" : 0.151,
                        "barrelDiameter" : 0.127,
                        "deadZone" : [
                            [
                                -16.0,
                                0.0
                            ]
                        ],
                        "delim" : 0.6,
                        "horizSector" : [
                            -161.0,
                            0.0
                        ],
                        "id" : 4283885552,
                        "idealDistance" : 333.333,
                        "idealRadius" : 20.0,
                        "index" : "PAGS010",
                        "minRadius" : 1.0,
                        "name" : "PAGS010_5in38_Mk32_Mod12",
                        "numBarrels" : 2,
                        "radiusOnDelim" : 0.8,
                        "radiusOnMax" : 1.0,
                        "radiusOnZero" : 0.1,
                        "rotationSpeed" : [
                            60.0,
                            1.0
                        ],
                        "shotDelay" : 6.0,
                        "smallGun" : true,
                        "smokePenalty" : 1.0E-4,
                        "typeinfo" : {
                            "nation" : "USA",
                            "species" : "Secondary",
                            "type" : "Gun"
                        },
                        "vertSector" : [
                            -2.0,
                            85.0
                        ],
                        "GSIdealRadius" : 1.0,
                        "count" : 10
                    }
                },
                "maxDist" : 5000.0,
                "minDistH" : 50.0,
                "minDistV" : 110.0,
                "sigmaCount" : 1.0,
                "GSIdealRadius" : 1.0
            }
        },
        "hull" : {
            "A_Hull_1942" : {
                "backwardPowerCoef" : 4.0,
                "buoyancy" : 200000.0,
                "buoyancyRudderTime" : 1.0,
                "burnNodes" : [
                    [
                        0.667,
                        0.3,
                        60.0
                    ],
                    [
                        0.667,
                        0.3,
                        60.0
                    ],
                    [
                        0.667,
                        0.3,
                        60.0
                    ],
                    [
                        0.667,
                        0.3,
                        60.0
                    ]
                ],
                "burnProb" : 0.667,
                "burnDamage" : 0.3,
                "burnTime" : 60.0,
                "burnSize" : 4,
                "deckHeight" : 7.95,
                "dockYOffset" : -0.02,
                "draft" : 11.0,
                "enginePower" : 115000.0,
                "floodNodes" : [
                    [
                        0.27,
                        0.5,
                        40.0
                    ],
                    [
                        0.27,
                        0.5,
                        40.0
                    ]
                ],
                "floodProb" : 0.27,
                "floodProtection" : 19.0,
                "floodDamage" : 0.5,
                "floodTime" : 40.0,
                "floodSize" : 2,
                "health" : 53700.0,
                "mass" : 4.67E7,
                "maxRudderAngle" : 30.0,
                "maxSpeed" : 27.5,
                "pushingMaxRudderAngle" : 16.0,
                "pushingMinRudderAngle" : 1.0,
                "rollEffect" : 70.0,
                "rudderPower" : 7.703E7,
                "rudderTime" : 26.15,
                "sideDragCoef" : 1900000.0,
                "size" : [
                    225.81,
                    31.85,
                    35.11
                ],
                "smokeScanRadius" : 27.0,
                "speedCoef" : 1.0,
                "tonnage" : 36600.0,
                "torpedoImpactMassImpulseCoeff" : 0.5,
                "turningRadius" : 760.0,
                "visibilityCoefATBA" : 1.0E-6,
                "visibilityCoefATBAByPlane" : 1.0E-6,
                "visibilityCoefFire" : 2.0,
                "visibilityCoefFireByPlane" : 3.0,
                "visibilityCoefGK" : 1.0E-6,
                "visibilityCoefGKByPlane" : 8.12,
                "visibilityCoefGKInSmoke" : 15.1,
                "visibilityCoeff" : 33.0,
                "visibilityFactor" : 15.66,
                "visibilityFactorByPlane" : 10.06,
                "visibilityFactorInSmoke" : 1.0E-6,
                "burnSizeSkill" : 4
            },
            "B_Hull_1945" : {
                "backwardPowerCoef" : 4.0,
                "buoyancy" : 200000.0,
                "buoyancyRudderTime" : 1.0,
                "burnNodes" : [
                    [
                        0.6337,
                        0.3,
                        60.0
                    ],
                    [
                        0.6337,
                        0.3,
                        60.0
                    ],
                    [
                        0.6337,
                        0.3,
                        60.0
                    ],
                    [
                        0.6337,
                        0.3,
                        60.0
                    ]
                ],
                "burnProb" : 0.6337,
                "burnDamage" : 0.3,
                "burnTime" : 60.0,
                "burnSize" : 4,
                "deckHeight" : 7.95,
                "dockYOffset" : -0.02,
                "draft" : 11.0,
                "enginePower" : 115000.0,
                "floodNodes" : [
                    [
                        0.27,
                        0.5,
                        40.0
                    ],
                    [
                        0.27,
                        0.5,
                        40.0
                    ]
                ],
                "floodProb" : 0.27,
                "floodProtection" : 19.0,
                "floodDamage" : 0.5,
                "floodTime" : 40.0,
                "floodSize" : 2,
                "health" : 66000.0,
                "mass" : 4.67E7,
                "maxRudderAngle" : 30.0,
                "maxSpeed" : 27.5,
                "pushingMaxRudderAngle" : 16.0,
                "pushingMinRudderAngle" : 1.0,
                "rollEffect" : 70.0,
                "rudderPower" : 7.703E7,
                "rudderTime" : 19.86,
                "sideDragCoef" : 1900000.0,
                "size" : [
                    225.81,
                    31.85,
                    35.11
                ],
                "smokeScanRadius" : 27.0,
                "speedCoef" : 1.0,
                "tonnage" : 46700.0,
                "torpedoImpactMassImpulseCoeff" : 0.5,
                "turningRadius" : 760.0,
                "visibilityCoefATBA" : 1.0E-6,
                "visibilityCoefATBAByPlane" : 1.0E-6,
                "visibilityCoefFire" : 2.0,
                "visibilityCoefFireByPlane" : 3.0,
                "visibilityCoefGK" : 1.0E-6,
                "visibilityCoefGKByPlane" : 8.12,
                "visibilityCoefGKInSmoke" : 15.1,
                "visibilityCoeff" : 33.0,
                "visibilityFactor" : 15.66,
                "visibilityFactorByPlane" : 10.06,
                "visibilityFactorInSmoke" : 1.0E-6,
                "burnSizeSkill" : 4
            }
        },
        "suo" : {
            "ABC1_FireControl" : {
                "maxDistCoef" : 1.0,
                "sigmaCountCoef" : 1.0
            },
            "ABC2_FireControl" : {
                "maxDistCoef" : 1.1,
                "sigmaCountCoef" : 1.0
            }
        },
        "engine" : {
            "AB2_Engine" : {
                "backwardEngineForsag" : 2.5,
                "backwardEngineForsagMaxSpeed" : 2.5,
                "backwardEngineUpTime" : 30.0,
                "backwardSpeedOnFlood" : -0.6,
                "damagedEnginePowerMultiplier" : -0.325,
                "damagedEnginePowerTimeMultiplier" : 6.5,
                "forwardEngineForsag" : 2.5,
                "forwardEngineForsagMaxSpeed" : 2.5,
                "forwardEngineUpTime" : 60.0,
                "forwardSpeedOnFlood" : -0.3,
                "histEnginePower" : 115000.0
            },
            "AB1_Engine" : {
                "backwardEngineForsag" : 2.5,
                "backwardEngineForsagMaxSpeed" : 2.5,
                "backwardEngineUpTime" : 30.0,
                "backwardSpeedOnFlood" : -0.6,
                "damagedEnginePowerMultiplier" : -0.325,
                "damagedEnginePowerTimeMultiplier" : 6.5,
                "forwardEngineForsag" : 2.5,
                "forwardEngineForsagMaxSpeed" : 2.5,
                "forwardEngineUpTime" : 60.0,
                "forwardSpeedOnFlood" : -0.3,
                "histEnginePower" : 100000.0,
                "speedCoef" : -0.112
            }
        }
    },
    "shipAbilities" : {
        "AbilitySlot0" : {
            "abils" : [
                [
                    "PCY009_CrashCrewPremium",
                    "B_USA_Gold"
                ]
            ],
            "slot" : 0
        },
        "AbilitySlot1" : {
            "abils" : [
                [
                    "PCY010_RegenCrewPremium",
                    "B_Colorado_Gold"
                ]
            ],
            "slot" : 1
        },
        "AbilitySlot2" : {
            "abils" : [
                [
                    "PCY013_SpotterPremium",
                    "Default"
                ],
                [
                    "PCY012_FighterPremium",
                    "Fighter_3"
                ]
            ],
            "slot" : 2
        },
        "AbilitySlot3" : {
            "slot" : 3
        },
        "AbilitySlot4" : {
            "slot" : 4
        }
    },
    "shipUpgradeInfo" : {
        "components" : {
            "flightControl" : [ ],
            "artillery" : [
                {
                    "name" : "PAUA741_B8_ART_STOCK",
                    "ucType" : "_Artillery",
                    "ucTypeShort" : "artillery",
                    "position" : 1,
                    "elem" : 1,
                    "prevType" : "artillery",
                    "prevPosition" : 0,
                    "components" : {
                        "artillery" : [
                            "AB1_Artillery",
                            "C1_Artillery"
                        ]
                    },
                    "image" : "https://cdn.wowsft.com/images/modules/icon_module_Artillery.png"
                }
            ],
            "hull" : [
                {
                    "name" : "PAUH732_North_Carolina_1942",
                    "ucType" : "_Hull",
                    "ucTypeShort" : "hull",
                    "position" : 1,
                    "elem" : 2,
                    "prevType" : "hull",
                    "prevPosition" : 0,
                    "components" : {
                        "airArmament" : [
                            "B_AirArmament"
                        ],
                        "airDefense" : [
                            "B_AirDefense"
                        ],
                        "artillery" : [
                            "AB1_Artillery"
                        ],
                        "atba" : [
                            "ABC_ATBA"
                        ],
                        "depthCharges" : [ ],
                        "hull" : [
                            "A_Hull_1942"
                        ],
                        "hydrophone" : [ ],
                        "pinger" : [ ],
                        "torpedoes" : [ ]
                    },
                    "image" : "https://cdn.wowsft.com/images/modules/icon_module_Hull.png"
                },
                {
                    "nextShips" : [
                        "PASB018_Iowa_1944"
                    ],
                    "name" : "PAUH733_North_Carolina_1945",
                    "prev" : "PAUH732_North_Carolina_1942",
                    "ucType" : "_Hull",
                    "ucTypeShort" : "hull",
                    "position" : 2,
                    "elem" : 2,
                    "prevType" : "hull",
                    "prevPosition" : 1,
                    "prevElem" : 2,
                    "components" : {
                        "airArmament" : [
                            "C_AirArmament"
                        ],
                        "airDefense" : [
                            "C_AirDefense"
                        ],
                        "artillery" : [
                            "C1_Artillery"
                        ],
                        "atba" : [
                            "ABC_ATBA"
                        ],
                        "depthCharges" : [ ],
                        "hull" : [
                            "B_Hull_1945"
                        ],
                        "hydrophone" : [ ],
                        "pinger" : [ ],
                        "torpedoes" : [ ]
                    },
                    "image" : "https://cdn.wowsft.com/images/modules/icon_module_Hull.png"
                }
            ],
            "torpedoes" : [ ],
            "suo" : [
                {
                    "name" : "PAUS731_Suo",
                    "ucType" : "_Suo",
                    "ucTypeShort" : "suo",
                    "position" : 1,
                    "elem" : 4,
                    "prevType" : "suo",
                    "prevPosition" : 0,
                    "components" : {
                        "suo" : [
                            "ABC1_FireControl"
                        ]
                    },
                    "image" : "https://cdn.wowsft.com/images/modules/icon_module_Suo.png"
                },
                {
                    "name" : "PAUS732_Suo",
                    "prev" : "PAUS731_Suo",
                    "ucType" : "_Suo",
                    "ucTypeShort" : "suo",
                    "position" : 2,
                    "elem" : 4,
                    "prevType" : "suo",
                    "prevPosition" : 1,
                    "prevElem" : 4,
                    "components" : {
                        "suo" : [
                            "ABC2_FireControl"
                        ]
                    },
                    "image" : "https://cdn.wowsft.com/images/modules/icon_module_Suo.png"
                }
            ],
            "fighter" : [ ],
            "torpedoBomber" : [ ],
            "diveBomber" : [ ],
            "engine" : [
                {
                    "name" : "PAUE742_B8_ENG_STOCK",
                    "ucType" : "_Engine",
                    "ucTypeShort" : "engine",
                    "position" : 1,
                    "elem" : 8,
                    "prevType" : "engine",
                    "prevPosition" : 0,
                    "components" : {
                        "engine" : [
                            "AB1_Engine"
                        ]
                    },
                    "image" : "https://cdn.wowsft.com/images/modules/icon_module_Engine.png"
                },
                {
                    "name" : "PAUE741_B8_ENG_TOP",
                    "prev" : "PAUE742_B8_ENG_STOCK",
                    "ucType" : "_Engine",
                    "ucTypeShort" : "engine",
                    "position" : 2,
                    "elem" : 8,
                    "prevType" : "engine",
                    "prevPosition" : 1,
                    "prevElem" : 8,
                    "components" : {
                        "engine" : [
                            "AB2_Engine"
                        ]
                    },
                    "image" : "https://cdn.wowsft.com/images/modules/icon_module_Engine.png"
                }
            ]
        },
        "cols" : {
            "artillery" : 1,
            "hull" : 1,
            "torpedoes" : 0,
            "suo" : 1,
            "fighter" : 0,
            "torpedoBomber" : 0,
            "diveBomber" : 0,
            "engine" : 1
        },
        "maxRows" : 2,
        "costCR" : 9800000,
        "costXP" : 120000,
        "value" : 1
    },
    "battleLevels" : { },
    "canEquipCamouflage" : true,
    "group" : "upgradeable",
    "id" : 4282333168,
    "index" : "PASB012",
    "level" : 8,
    "maxEquippedFlags" : 8,
    "name" : "PASB012_North_Carolina_1945",
    "navalFlag" : "usa",
    "needShowProjectYear" : true,
    "peculiarity" : "default",
    "steerAngle" : [
        0.2,
        0.7,
        1.0
    ],
    "typeinfo" : {
        "nation" : "USA",
        "species" : "Battleship",
        "type" : "Ship"
    },
    "realShipType" : "Battleship",
    "realShipTypeId" : "BATTLESHIP",
    "research" : true,
    "prevShipIndex" : "PASB008",
    "prevShipName" : "PASB008_Colorado_1945",
    "prevShipXP" : 72500,
    "prevShipCompXP" : 25000,
    "imageSmall" : "https://cdn.wowsft.com/images/vehicles/ship_previews/PASB012.png",
    "typeImage" : "https://cdn.wowsft.com/images/vehicles/ship_classes/icon_battleship_standard.png"
}