{
    "components" : {
        "airArmament" : {
            "A_AirArmament" : {
                "auraCoeff" : 1.0,
                "deckPlaceCount" : 0,
                "independentLaunchpad" : false,
                "launchPrepareTime" : 0.0,
                "launchpadType" : "catapult",
                "planesReserveCapacity" : 0
            }
        },
        "airDefense" : {
            "A_AirDefense" : {
                "aaJoint" : {
                    "auraFar" : [ ],
                    "auraMedium" : [
                        {
                            "areaDamage" : 89.0,
                            "areaDamagePeriod" : 0.285714285714,
                            "bubbleDuration" : 4.75,
                            "bubbleRadius" : 1.0,
                            "enableBarrage" : true,
                            "explosionCount" : 15.0,
                            "guns" : [
                                "HP_AGM_3_HP_AGA_2",
                                "HP_AGM_2_HP_AGA_2",
                                "HP_AGA_62",
                                "HP_AGA_61",
                                "HP_AGA_47",
                                "HP_AGA_48",
                                "HP_AGA_45",
                                "HP_AGA_46",
                                "HP_AGA_19",
                                "HP_AGA_20",
                                "HP_AGA_23",
                                "HP_AGA_24"
                            ],
                            "halfOuterBubbleZone" : 60.0,
                            "hitChance" : 0.75,
                            "innerBubbleSpawnTimeRange" : [
                                3.3,
                                3.8
                            ],
                            "innerBubbleZone" : 20.0,
                            "joint" : true,
                            "maxBubbleActivationDelay" : 0.5,
                            "maxDistance" : 3500.0,
                            "minBubbleActivationDelay" : 0.2,
                            "minDistance" : 100.0,
                            "outerBubbleSpawnTimeRange" : [
                                2.5,
                                3.0
                            ],
                            "shotDelay" : 0.5,
                            "shotTravelTime" : 1.5,
                            "type" : "medium"
                        }
                    ],
                    "auraNear" : [
                        {
                            "areaDamage" : 105.0,
                            "areaDamagePeriod" : 0.285714285714,
                            "bubbleDuration" : 4.75,
                            "bubbleRadius" : 1.0,
                            "enableBarrage" : true,
                            "explosionCount" : 15.0,
                            "guns" : [
                                "HP_AGA_1",
                                "HP_AGA_10",
                                "HP_AGA_11",
                                "HP_AGA_12",
                                "HP_AGA_13",
                                "HP_AGA_14",
                                "HP_AGA_17",
                                "HP_AGA_18",
                                "HP_AGA_2",
                                "HP_AGA_21",
                                "HP_AGA_22",
                                "HP_AGA_25",
                                "HP_AGA_26",
                                "HP_AGA_27",
                                "HP_AGA_28",
                                "HP_AGA_29",
                                "HP_AGA_3",
                                "HP_AGA_30",
                                "HP_AGA_31",
                                "HP_AGA_32",
                                "HP_AGA_33",
                                "HP_AGA_34",
                                "HP_AGA_35",
                                "HP_AGA_36",
                                "HP_AGA_37",
                                "HP_AGA_38",
                                "HP_AGA_39",
                                "HP_AGA_4",
                                "HP_AGA_40",
                                "HP_AGA_41",
                                "HP_AGA_42",
                                "HP_AGA_43",
                                "HP_AGA_44",
                                "HP_AGA_49",
                                "HP_AGA_5",
                                "HP_AGA_50",
                                "HP_AGA_51",
                                "HP_AGA_52",
                                "HP_AGA_53",
                                "HP_AGA_54",
                                "HP_AGA_55",
                                "HP_AGA_56",
                                "HP_AGA_57",
                                "HP_AGA_58",
                                "HP_AGA_59",
                                "HP_AGA_6",
                                "HP_AGA_60",
                                "HP_AGA_7",
                                "HP_AGA_8",
                                "HP_AGA_9",
                                "HP_AGA_15",
                                "HP_AGA_16"
                            ],
                            "halfOuterBubbleZone" : 60.0,
                            "hitChance" : 0.7,
                            "innerBubbleSpawnTimeRange" : [
                                3.3,
                                3.8
                            ],
                            "innerBubbleZone" : 20.0,
                            "joint" : true,
                            "maxBubbleActivationDelay" : 0.5,
                            "maxDistance" : 2000.0,
                            "minBubbleActivationDelay" : 0.2,
                            "minDistance" : 100.0,
                            "outerBubbleSpawnTimeRange" : [
                                2.5,
                                3.0
                            ],
                            "shotDelay" : 0.1,
                            "shotTravelTime" : 1.0,
                            "type" : "near"
                        }
                    ]
                },
                "ownerlessTracesScatterCoefficient" : 1.0,
                "sectors" : [
                    [
                        0.0,
                        180.0
                    ],
                    [
                        180.0,
                        0.0
                    ]
                ],
                "prioritySectorPhases" : [
                    [
                        5.0,
                        "linear",
                        0.035,
                        1.0,
                        1.35
                    ],
                    [
                        10.0,
                        "linear",
                        0.0,
                        1.35,
                        1.35
                    ]
                ],
                "prioritySectorPreparation" : 15.0,
                "prioritySectorDuration" : 15.0,
                "prioritySectorDamageInitial" : 0.035,
                "prioritySectorCoefficientInitial" : 1.0,
                "prioritySectorCoefficientDuring" : 1.35
            }
        },
        "airSupport" : {
            "A_AirSupport" : {
                "chargesNum" : 2,
                "climbAngle" : 30,
                "flyAwayTime" : 15.0,
                "maxDist" : 12000,
                "maxPlaneFlightDist" : 3850,
                "minDist" : 1500,
                "planeName" : "PAAD903_ASW_T8_ALT",
                "reloadTime" : 50.0,
                "timeBetweenShots" : 0.1,
                "timeFromHeaven" : 2.0
            }
        },
        "artillery" : {
            "A1_Artillery" : {
                "turrets" : [
                    {
                        "ammoList" : [
                            "PAPA132_406MM_HE_ALABAMA_VL",
                            "PAPA133_406MM_AP_ALABAMA_VL"
                        ],
                        "barrelDiameter" : 0.406,
                        "coeffPerSecondMin" : 0.3,
                        "deadZone" : [ ],
                        "delim" : 0.5,
                        "ellipseRangeMax" : 250.0,
                        "ellipseRangeMin" : 50.0,
                        "horizSector" : [
                            -149.0,
                            149.0
                        ],
                        "id" : 4281985008,
                        "idealDistance" : 1000.0,
                        "idealRadius" : 12.0,
                        "index" : "PAGM012",
                        "maxEllipseRanging" : 1.003,
                        "medEllipseRanging" : 1.002,
                        "minEllipseRanging" : 1.001,
                        "minRadius" : 2.0,
                        "name" : "PAGM012_16in45_Mk6",
                        "numBarrels" : 3,
                        "onMoveTarPosCoeffDelim" : 1.001,
                        "onMoveTarPosCoeffMaxDist" : 1.002,
                        "onMoveTarPosCoeffZero" : 1.0,
                        "onMoveTarPosDelim" : 0.1,
                        "position" : [
                            1.0,
                            1.0
                        ],
                        "radiusOnDelim" : 0.5,
                        "radiusOnMax" : 0.6,
                        "radiusOnZero" : 0.2,
                        "reduceTime" : 0.1,
                        "rotationSpeed" : [
                            4.5,
                            12.0
                        ],
                        "shotDelay" : 30.0,
                        "smokePenalty" : 1.0E-4,
                        "typeinfo" : {
                            "nation" : "USA",
                            "species" : "Main",
                            "type" : "Gun"
                        },
                        "vertSector" : [
                            0.0,
                            45.0
                        ]
                    },
                    {
                        "ammoList" : [
                            "PAPA132_406MM_HE_ALABAMA_VL",
                            "PAPA133_406MM_AP_ALABAMA_VL"
                        ],
                        "barrelDiameter" : 0.406,
                        "coeffPerSecondMin" : 0.3,
                        "deadZone" : [ ],
                        "delim" : 0.5,
                        "ellipseRangeMax" : 250.0,
                        "ellipseRangeMin" : 50.0,
                        "horizSector" : [
                            -144.0,
                            144.0
                        ],
                        "id" : 4281985008,
                        "idealDistance" : 1000.0,
                        "idealRadius" : 12.0,
                        "index" : "PAGM012",
                        "maxEllipseRanging" : 1.003,
                        "medEllipseRanging" : 1.002,
                        "minEllipseRanging" : 1.001,
                        "minRadius" : 2.0,
                        "name" : "PAGM012_16in45_Mk6",
                        "numBarrels" : 3,
                        "onMoveTarPosCoeffDelim" : 1.001,
                        "onMoveTarPosCoeffMaxDist" : 1.002,
                        "onMoveTarPosCoeffZero" : 1.0,
                        "onMoveTarPosDelim" : 0.1,
                        "position" : [
                            2.0,
                            1.0
                        ],
                        "radiusOnDelim" : 0.5,
                        "radiusOnMax" : 0.6,
                        "radiusOnZero" : 0.2,
                        "reduceTime" : 0.1,
                        "rotationSpeed" : [
                            4.5,
                            12.0
                        ],
                        "shotDelay" : 30.0,
                        "smokePenalty" : 1.0E-4,
                        "typeinfo" : {
                            "nation" : "USA",
                            "species" : "Main",
                            "type" : "Gun"
                        },
                        "vertSector" : [
                            0.0,
                            45.0
                        ]
                    },
                    {
                        "ammoList" : [
                            "PAPA132_406MM_HE_ALABAMA_VL",
                            "PAPA133_406MM_AP_ALABAMA_VL"
                        ],
                        "barrelDiameter" : 0.406,
                        "coeffPerSecondMin" : 0.3,
                        "deadZone" : [ ],
                        "delim" : 0.5,
                        "ellipseRangeMax" : 250.0,
                        "ellipseRangeMin" : 50.0,
                        "horizSector" : [
                            -146.0,
                            146.0
                        ],
                        "id" : 4281985008,
                        "idealDistance" : 1000.0,
                        "idealRadius" : 12.0,
                        "index" : "PAGM012",
                        "maxEllipseRanging" : 1.003,
                        "medEllipseRanging" : 1.002,
                        "minEllipseRanging" : 1.001,
                        "minRadius" : 2.0,
                        "name" : "PAGM012_16in45_Mk6",
                        "numBarrels" : 3,
                        "onMoveTarPosCoeffDelim" : 1.001,
                        "onMoveTarPosCoeffMaxDist" : 1.002,
                        "onMoveTarPosCoeffZero" : 1.0,
                        "onMoveTarPosDelim" : 0.1,
                        "position" : [
                            5.0,
                            1.0
                        ],
                        "radiusOnDelim" : 0.5,
                        "radiusOnMax" : 0.6,
                        "radiusOnZero" : 0.2,
                        "reduceTime" : 0.1,
                        "rotationSpeed" : [
                            4.5,
                            12.0
                        ],
                        "shotDelay" : 30.0,
                        "smokePenalty" : 1.0E-4,
                        "typeinfo" : {
                            "nation" : "USA",
                            "species" : "Main",
                            "type" : "Gun"
                        },
                        "vertSector" : [
                            2.0,
                            45.0
                        ]
                    }
                ],
                "turretTypes" : {
                    "3" : [
                        3,
                        "PAGM012_16in45_Mk6"
                    ]
                },
                "maxDist" : 21100.0,
                "minDistH" : 50.0,
                "minDistV" : 110.0,
                "normalDistribution" : true,
                "sigmaCount" : 1.9,
                "taperDist" : 4000.0,
                "GMIdealRadius" : 1.0,
                "barrelDiameter" : 0.406,
                "numBarrels" : 9
            }
        },
        "atba" : {
            "A_ATBA" : {
                "aaJoint" : {
                    "auraFar" : [
                        {
                            "areaDamage" : 50.0,
                            "areaDamagePeriod" : 0.285714285714,
                            "bubbleDuration" : 3.0,
                            "enableBarrage" : true,
                            "guns" : [
                                "HP_AGS_1",
                                "HP_AGS_2",
                                "HP_AGS_3",
                                "HP_AGS_4",
                                "HP_AGS_5",
                                "HP_AGS_6",
                                "HP_AGS_7",
                                "HP_AGS_8",
                                "HP_AGS_9",
                                "HP_AGS_10"
                            ],
                            "halfOuterBubbleZone" : 50.0,
                            "hitChance" : 0.75,
                            "innerBubbleSpawnTimeRange" : [
                                2.65,
                                3.15
                            ],
                            "innerBubbleZone" : 20.0,
                            "joint" : true,
                            "maxBubbleActivationDelay" : 0.4,
                            "maxDistance" : 5800.0,
                            "minBubbleActivationDelay" : 0.1,
                            "minDistance" : 100.0,
                            "outerBubbleSpawnTimeRange" : [
                                2.45,
                                2.65
                            ],
                            "shotDelay" : 5.0,
                            "shotTravelTime" : 1.51,
                            "type" : "far"
                        },
                        {
                            "areaDamagePeriod" : 0.285714285714,
                            "bubbleDamage" : 220.0,
                            "bubbleDuration" : 3.0,
                            "bubbleRadius" : 2.567,
                            "enableBarrage" : true,
                            "explosionCount" : 2.0,
                            "guns" : [
                                "HP_AGS_1",
                                "HP_AGS_2",
                                "HP_AGS_3",
                                "HP_AGS_4",
                                "HP_AGS_5",
                                "HP_AGS_6",
                                "HP_AGS_7",
                                "HP_AGS_8",
                                "HP_AGS_9",
                                "HP_AGS_10"
                            ],
                            "halfOuterBubbleZone" : 50.0,
                            "hitChance" : 0.75,
                            "innerBubbleCount" : 6,
                            "innerBubbleSpawnTimeRange" : [
                                2.65,
                                3.15
                            ],
                            "innerBubbleZone" : 20.0,
                            "joint" : true,
                            "maxBubbleActivationDelay" : 0.4,
                            "maxDistance" : 5800.0,
                            "minBubbleActivationDelay" : 0.1,
                            "minDistance" : 3500.0,
                            "outerBubbleCount" : 2.0,
                            "outerBubbleSpawnTimeRange" : [
                                2.45,
                                2.65
                            ],
                            "shotDelay" : 5.0,
                            "shotTravelTime" : 1.51,
                            "type" : "far"
                        }
                    ],
                    "auraMedium" : [ ],
                    "auraNear" : [ ]
                },
                "secondaries" : {
                    "PAGS010_5in38_Mk32_Mod12" : {
                        "ammoList" : [
                            "PAPA018_Main_127mm_HE_C_Mk_32"
                        ],
                        "antiAirAuraDistance" : 167.0,
                        "antiAirAuraStrength" : 0.151,
                        "barrelDiameter" : 0.127,
                        "deadZone" : [
                            [
                                -5.0,
                                0.0
                            ]
                        ],
                        "delim" : 0.6,
                        "horizSector" : [
                            -158.0,
                            0.0
                        ],
                        "id" : 4283885552,
                        "idealDistance" : 333.333,
                        "idealRadius" : 20.0,
                        "index" : "PAGS010",
                        "minRadius" : 1.0,
                        "name" : "PAGS010_5in38_Mk32_Mod12",
                        "numBarrels" : 2,
                        "radiusOnDelim" : 0.8,
                        "radiusOnMax" : 1.0,
                        "radiusOnZero" : 0.1,
                        "rotationSpeed" : [
                            60.0,
                            1.0
                        ],
                        "shotDelay" : 6.0,
                        "smallGun" : true,
                        "smokePenalty" : 1.0E-4,
                        "typeinfo" : {
                            "nation" : "USA",
                            "species" : "Secondary",
                            "type" : "Gun"
                        },
                        "vertSector" : [
                            -2.0,
                            85.0
                        ],
                        "GSIdealRadius" : 1.0,
                        "count" : 10
                    }
                },
                "maxDist" : 6600.0,
                "minDistH" : 50.0,
                "minDistV" : 110.0,
                "sigmaCount" : 1.0,
                "GSIdealRadius" : 1.0
            }
        },
        "hull" : {
            "A_Hull" : {
                "backwardPowerCoef" : 4.0,
                "buoyancy" : 200000.0,
                "buoyancyRudderTime" : 1.0,
                "burnNodes" : [
                    [
                        0.6337,
                        0.3,
                        60.0
                    ],
                    [
                        0.6337,
                        0.3,
                        60.0
                    ],
                    [
                        0.6337,
                        0.3,
                        60.0
                    ],
                    [
                        0.6337,
                        0.3,
                        60.0
                    ]
                ],
                "burnProb" : 0.6337,
                "burnDamage" : 0.3,
                "burnTime" : 60.0,
                "burnSize" : 4,
                "deckHeight" : 5.8,
                "draft" : 11.0,
                "enginePower" : 130000.0,
                "floodNodes" : [
                    [
                        0.17,
                        0.5,
                        40.0
                    ],
                    [
                        0.17,
                        0.5,
                        40.0
                    ]
                ],
                "floodProb" : 0.17,
                "floodProtection" : 49.0,
                "floodDamage" : 0.5,
                "floodTime" : 40.0,
                "floodSize" : 2,
                "health" : 63300.0,
                "mass" : 4.4519E7,
                "maxRudderAngle" : 30.0,
                "maxSpeed" : 27.5,
                "pushingMaxRudderAngle" : 16.0,
                "pushingMinRudderAngle" : 1.0,
                "rollEffect" : 67.0,
                "rudderPower" : 8.8E7,
                "rudderTime" : 20.0,
                "sideDragCoef" : 1820000.0,
                "size" : [
                    207.3,
                    33.0,
                    37.0
                ],
                "smokeScanRadius" : 27.0,
                "speedCoef" : 1.0,
                "tonnage" : 44519.0,
                "torpedoImpactMassImpulseCoeff" : 0.5,
                "turningRadius" : 710.0,
                "visibilityCoefATBA" : 1.0E-6,
                "visibilityCoefATBAByPlane" : 1.0E-6,
                "visibilityCoefFire" : 2.0,
                "visibilityCoefFireByPlane" : 3.0,
                "visibilityCoefGK" : 1.0E-6,
                "visibilityCoefGKByPlane" : 8.12,
                "visibilityCoefGKInSmoke" : 15.64,
                "visibilityCoeff" : 30.0,
                "visibilityFactor" : 16.2,
                "visibilityFactorByPlane" : 9.72,
                "visibilityFactorInSmoke" : 1.0E-6,
                "burnSizeSkill" : 4
            }
        },
        "suo" : {
            "A1_FireControl" : {
                "maxDistCoef" : 1.0,
                "sigmaCountCoef" : 1.0
            }
        },
        "engine" : {
            "A1_Engine" : {
                "backwardEngineForsag" : 2.5,
                "backwardEngineForsagMaxSpeed" : 2.5,
                "backwardEngineUpTime" : 30.0,
                "backwardSpeedOnFlood" : -0.6,
                "damagedEnginePowerMultiplier" : -0.6,
                "damagedEnginePowerTimeMultiplier" : 6.5,
                "forwardEngineForsag" : 2.5,
                "forwardEngineForsagMaxSpeed" : 2.5,
                "forwardEngineUpTime" : 60.0,
                "forwardSpeedOnFlood" : -0.3,
                "histEnginePower" : 130000.0
            }
        }
    },
    "shipAbilities" : {
        "AbilitySlot0" : {
            "abils" : [
                [
                    "PCY009_CrashCrewPremium",
                    "B_USA_Gold"
                ]
            ],
            "slot" : 0
        },
        "AbilitySlot1" : {
            "abils" : [
                [
                    "PCY010_RegenCrewPremium",
                    "B_Gold"
                ]
            ],
            "slot" : 1
        },
        "AbilitySlot2" : {
            "abils" : [
                [
                    "PCY013_SpotterPremium",
                    "Default"
                ],
                [
                    "PCY012_FighterPremium",
                    "Fighter_3"
                ]
            ],
            "slot" : 2
        },
        "AbilitySlot3" : {
            "slot" : 3
        },
        "AbilitySlot4" : {
            "slot" : 4
        }
    },
    "shipUpgradeInfo" : {
        "components" : {
            "flightControl" : [ ],
            "artillery" : [
                {
                    "name" : "PAUA714_ART_ALABAMA_VL",
                    "ucType" : "_Artillery",
                    "ucTypeShort" : "artillery",
                    "position" : 1,
                    "elem" : 1,
                    "prevType" : "artillery",
                    "prevPosition" : 0,
                    "components" : {
                        "artillery" : [
                            "A1_Artillery"
                        ]
                    },
                    "image" : "https://cdn.wowsft.com/images/modules/icon_module_Artillery.png"
                }
            ],
            "hull" : [
                {
                    "name" : "PAUH724_ALABAMA_VL",
                    "ucType" : "_Hull",
                    "ucTypeShort" : "hull",
                    "position" : 1,
                    "elem" : 2,
                    "prevType" : "hull",
                    "prevPosition" : 0,
                    "components" : {
                        "airArmament" : [
                            "A_AirArmament"
                        ],
                        "airDefense" : [
                            "A_AirDefense"
                        ],
                        "airSupport" : [
                            "A_AirSupport"
                        ],
                        "artillery" : [
                            "A1_Artillery"
                        ],
                        "atba" : [
                            "A_ATBA"
                        ],
                        "depthCharges" : [ ],
                        "hull" : [
                            "A_Hull"
                        ],
                        "pinger" : [ ],
                        "torpedoes" : [ ]
                    },
                    "image" : "https://cdn.wowsft.com/images/modules/icon_module_Hull.png"
                }
            ],
            "torpedoes" : [ ],
            "suo" : [
                {
                    "name" : "PAUS715_SUO_ALABAMA_VL",
                    "ucType" : "_Suo",
                    "ucTypeShort" : "suo",
                    "position" : 1,
                    "elem" : 4,
                    "prevType" : "suo",
                    "prevPosition" : 0,
                    "components" : {
                        "suo" : [
                            "A1_FireControl"
                        ]
                    },
                    "image" : "https://cdn.wowsft.com/images/modules/icon_module_Suo.png"
                }
            ],
            "fighter" : [ ],
            "torpedoBomber" : [ ],
            "diveBomber" : [ ],
            "skipBomber" : [ ],
            "engine" : [
                {
                    "name" : "PAUE716_ENG_ALABAMA_VL",
                    "ucType" : "_Engine",
                    "ucTypeShort" : "engine",
                    "position" : 1,
                    "elem" : 9,
                    "prevType" : "engine",
                    "prevPosition" : 0,
                    "components" : {
                        "engine" : [
                            "A1_Engine"
                        ]
                    },
                    "image" : "https://cdn.wowsft.com/images/modules/icon_module_Engine.png"
                }
            ]
        },
        "cols" : {
            "artillery" : 1,
            "hull" : 1,
            "torpedoes" : 0,
            "suo" : 1,
            "fighter" : 0,
            "torpedoBomber" : 0,
            "diveBomber" : 0,
            "skipBomber" : 0,
            "engine" : 1
        },
        "maxRows" : 1,
        "costGold" : 12200,
        "value" : 1
    },
    "battleLevels" : { },
    "canEquipCamouflage" : true,
    "group" : "specialUnsellable",
    "id" : 3741267952,
    "index" : "PASB528",
    "level" : 8,
    "maxEquippedFlags" : 8,
    "name" : "PASB528_Alabama_VL",
    "navalFlag" : "usa",
    "needShowProjectYear" : true,
    "peculiarity" : "default",
    "steerAngle" : [
        0.2,
        0.7,
        1.0
    ],
    "typeinfo" : {
        "nation" : "USA",
        "species" : "Battleship",
        "type" : "Ship"
    },
    "realShipType" : "Premium",
    "realShipTypeId" : "FILTER_PREMIUM",
    "typeImage" : "https://cdn.wowsft.com/images/vehicles/ship_classes/icon_battleship_standard.png",
    "imageSmall" : "https://cdn.wowsft.com/images/vehicles/ship_previews/PASB528.png"
}