{
    "components" : {
        "flightControl" : {
            "A_FlightControl" : {
                "consumablePlanesReserve" : {
                    "Fighter" : 1,
                    "Scout" : 0
                },
                "consumableSquadrons" : [ ],
                "hasConsumablePlanes" : false,
                "planesReserveAssignment" : {
                    "Auxiliary" : 0,
                    "Bomber" : 1,
                    "Dive" : 1,
                    "Fighter" : 1,
                    "Scout" : 0,
                    "Skip" : 1
                },
                "prepareTimeFactor" : 1.0,
                "squadrons" : [
                    "Fighter"
                ],
                "isGroundAttackEnabled" : true
            }
        },
        "airArmament" : {
            "A_AirArmament" : {
                "auraCoeff" : 1.0,
                "deckPlaceCount" : 30,
                "independentLaunchpad" : false,
                "launchPrepareTime" : 0.0,
                "launchpadType" : "deck",
                "planesReserveCapacity" : 116
            }
        },
        "airDefense" : {
            "A_AirDefense" : {
                "aaJoint" : {
                    "auraFar" : [ ],
                    "auraMedium" : [
                        {
                            "areaDamage" : 75.0,
                            "areaDamagePeriod" : 0.285714285714,
                            "bubbleDuration" : 4.75,
                            "bubbleRadius" : 1.0,
                            "enableBarrage" : true,
                            "explosionCount" : 15.0,
                            "guns" : [
                                "HP_AGA_10",
                                "HP_AGA_12",
                                "HP_AGA_13",
                                "HP_AGA_17",
                                "HP_AGA_20",
                                "HP_AGA_21",
                                "HP_AGA_22",
                                "HP_AGA_29",
                                "HP_AGA_30",
                                "HP_AGA_9"
                            ],
                            "halfOuterBubbleZone" : 60.0,
                            "hitChance" : 0.75,
                            "innerBubbleSpawnTimeRange" : [
                                3.3,
                                3.8
                            ],
                            "innerBubbleZone" : 20.0,
                            "joint" : true,
                            "maxBubbleActivationDelay" : 0.5,
                            "maxDistance" : 3500.0,
                            "minBubbleActivationDelay" : 0.2,
                            "minDistance" : 100.0,
                            "outerBubbleSpawnTimeRange" : [
                                2.5,
                                3.0
                            ],
                            "shotDelay" : 0.5,
                            "shotTravelTime" : 1.5,
                            "type" : "medium"
                        }
                    ],
                    "auraNear" : [
                        {
                            "areaDamage" : 41.0,
                            "areaDamagePeriod" : 0.285714285714,
                            "bubbleDuration" : 4.75,
                            "bubbleRadius" : 1.0,
                            "enableBarrage" : true,
                            "explosionCount" : 15.0,
                            "guns" : [
                                "HP_AGA_1",
                                "HP_AGA_11",
                                "HP_AGA_14",
                                "HP_AGA_15",
                                "HP_AGA_16",
                                "HP_AGA_18",
                                "HP_AGA_19",
                                "HP_AGA_2",
                                "HP_AGA_23",
                                "HP_AGA_24",
                                "HP_AGA_25",
                                "HP_AGA_26",
                                "HP_AGA_27",
                                "HP_AGA_28",
                                "HP_AGA_3",
                                "HP_AGA_4",
                                "HP_AGA_5",
                                "HP_AGA_6",
                                "HP_AGA_7",
                                "HP_AGA_8"
                            ],
                            "halfOuterBubbleZone" : 60.0,
                            "hitChance" : 0.7,
                            "innerBubbleSpawnTimeRange" : [
                                3.3,
                                3.8
                            ],
                            "innerBubbleZone" : 20.0,
                            "joint" : true,
                            "maxBubbleActivationDelay" : 0.5,
                            "maxDistance" : 2000.0,
                            "minBubbleActivationDelay" : 0.2,
                            "minDistance" : 100.0,
                            "outerBubbleSpawnTimeRange" : [
                                2.5,
                                3.0
                            ],
                            "shotDelay" : 0.1,
                            "shotTravelTime" : 1.0,
                            "type" : "near"
                        }
                    ]
                },
                "ownerlessTracesScatterCoefficient" : 1.0,
                "sectors" : [
                    [
                        0.0,
                        180.0
                    ],
                    [
                        180.0,
                        0.0
                    ]
                ],
                "prioritySectorPhases" : [
                    [
                        5.0,
                        "linear",
                        0.035,
                        1.0,
                        1.35
                    ],
                    [
                        10.0,
                        "linear",
                        0.0,
                        1.35,
                        1.35
                    ]
                ],
                "prioritySectorPreparation" : 15.0,
                "prioritySectorDuration" : 15.0,
                "prioritySectorDamageInitial" : 0.035,
                "prioritySectorCoefficientInitial" : 1.0,
                "prioritySectorCoefficientDuring" : 1.35
            }
        },
        "artillery" : {
            "A_Artillery" : {
                "turrets" : [
                    {
                        "ammoList" : [
                            "PAPA140_406MM_HE_KEARSARGE",
                            "PAPA141_406MM_AP_KEARSARGE"
                        ],
                        "barrelDiameter" : 0.406,
                        "coeffPerSecondMin" : 0.3,
                        "deadZone" : [ ],
                        "delim" : 0.5,
                        "ellipseRangeMax" : 250.0,
                        "ellipseRangeMin" : 50.0,
                        "horizSector" : [
                            -149.0,
                            149.0
                        ],
                        "id" : 4073318384,
                        "idealDistance" : 1000.0,
                        "idealRadius" : 12.0,
                        "index" : "PAGM211",
                        "maxEllipseRanging" : 1.003,
                        "medEllipseRanging" : 1.002,
                        "minEllipseRanging" : 1.001,
                        "minRadius" : 2.0,
                        "name" : "PAGM211_16in45_Mk6",
                        "numBarrels" : 3,
                        "onMoveTarPosCoeffDelim" : 1.001,
                        "onMoveTarPosCoeffMaxDist" : 1.002,
                        "onMoveTarPosCoeffZero" : 1.0,
                        "onMoveTarPosDelim" : 0.1,
                        "position" : [
                            0.5,
                            1.0
                        ],
                        "radiusOnDelim" : 0.5,
                        "radiusOnMax" : 0.6,
                        "radiusOnZero" : 0.2,
                        "reduceTime" : 0.1,
                        "rotationSpeed" : [
                            4.0,
                            12.0
                        ],
                        "shotDelay" : 36.0,
                        "smokePenalty" : 1.0E-4,
                        "typeinfo" : {
                            "nation" : "USA",
                            "species" : "Main",
                            "type" : "Gun"
                        },
                        "vertSector" : [
                            -1.0,
                            45.0
                        ]
                    },
                    {
                        "ammoList" : [
                            "PAPA140_406MM_HE_KEARSARGE",
                            "PAPA141_406MM_AP_KEARSARGE"
                        ],
                        "barrelDiameter" : 0.406,
                        "coeffPerSecondMin" : 0.3,
                        "deadZone" : [ ],
                        "delim" : 0.5,
                        "ellipseRangeMax" : 250.0,
                        "ellipseRangeMin" : 50.0,
                        "horizSector" : [
                            -149.0,
                            149.0
                        ],
                        "id" : 4073318384,
                        "idealDistance" : 1000.0,
                        "idealRadius" : 12.0,
                        "index" : "PAGM211",
                        "maxEllipseRanging" : 1.003,
                        "medEllipseRanging" : 1.002,
                        "minEllipseRanging" : 1.001,
                        "minRadius" : 2.0,
                        "name" : "PAGM211_16in45_Mk6",
                        "numBarrels" : 3,
                        "onMoveTarPosCoeffDelim" : 1.001,
                        "onMoveTarPosCoeffMaxDist" : 1.002,
                        "onMoveTarPosCoeffZero" : 1.0,
                        "onMoveTarPosDelim" : 0.1,
                        "position" : [
                            1.5,
                            1.0
                        ],
                        "radiusOnDelim" : 0.5,
                        "radiusOnMax" : 0.6,
                        "radiusOnZero" : 0.2,
                        "reduceTime" : 0.1,
                        "rotationSpeed" : [
                            4.0,
                            12.0
                        ],
                        "shotDelay" : 36.0,
                        "smokePenalty" : 1.0E-4,
                        "typeinfo" : {
                            "nation" : "USA",
                            "species" : "Main",
                            "type" : "Gun"
                        },
                        "vertSector" : [
                            -1.0,
                            45.0
                        ]
                    },
                    {
                        "ammoList" : [
                            "PAPA140_406MM_HE_KEARSARGE",
                            "PAPA141_406MM_AP_KEARSARGE"
                        ],
                        "barrelDiameter" : 0.406,
                        "coeffPerSecondMin" : 0.3,
                        "deadZone" : [ ],
                        "delim" : 0.5,
                        "ellipseRangeMax" : 250.0,
                        "ellipseRangeMin" : 50.0,
                        "horizSector" : [
                            -145.0,
                            145.0
                        ],
                        "id" : 4073318384,
                        "idealDistance" : 1000.0,
                        "idealRadius" : 12.0,
                        "index" : "PAGM211",
                        "maxEllipseRanging" : 1.003,
                        "medEllipseRanging" : 1.002,
                        "minEllipseRanging" : 1.001,
                        "minRadius" : 2.0,
                        "name" : "PAGM211_16in45_Mk6",
                        "numBarrels" : 3,
                        "onMoveTarPosCoeffDelim" : 1.001,
                        "onMoveTarPosCoeffMaxDist" : 1.002,
                        "onMoveTarPosCoeffZero" : 1.0,
                        "onMoveTarPosDelim" : 0.1,
                        "position" : [
                            4.0,
                            1.0
                        ],
                        "radiusOnDelim" : 0.5,
                        "radiusOnMax" : 0.6,
                        "radiusOnZero" : 0.2,
                        "reduceTime" : 0.1,
                        "rotationSpeed" : [
                            4.0,
                            12.0
                        ],
                        "shotDelay" : 36.0,
                        "smokePenalty" : 1.0E-4,
                        "typeinfo" : {
                            "nation" : "USA",
                            "species" : "Main",
                            "type" : "Gun"
                        },
                        "vertSector" : [
                            -1.0,
                            45.0
                        ]
                    },
                    {
                        "ammoList" : [
                            "PAPA140_406MM_HE_KEARSARGE",
                            "PAPA141_406MM_AP_KEARSARGE"
                        ],
                        "barrelDiameter" : 0.406,
                        "coeffPerSecondMin" : 0.3,
                        "deadZone" : [ ],
                        "delim" : 0.5,
                        "ellipseRangeMax" : 250.0,
                        "ellipseRangeMin" : 50.0,
                        "horizSector" : [
                            -145.0,
                            145.0
                        ],
                        "id" : 4073318384,
                        "idealDistance" : 1000.0,
                        "idealRadius" : 12.0,
                        "index" : "PAGM211",
                        "maxEllipseRanging" : 1.003,
                        "medEllipseRanging" : 1.002,
                        "minEllipseRanging" : 1.001,
                        "minRadius" : 2.0,
                        "name" : "PAGM211_16in45_Mk6",
                        "numBarrels" : 3,
                        "onMoveTarPosCoeffDelim" : 1.001,
                        "onMoveTarPosCoeffMaxDist" : 1.002,
                        "onMoveTarPosCoeffZero" : 1.0,
                        "onMoveTarPosDelim" : 0.1,
                        "position" : [
                            5.0,
                            1.0
                        ],
                        "radiusOnDelim" : 0.5,
                        "radiusOnMax" : 0.6,
                        "radiusOnZero" : 0.2,
                        "reduceTime" : 0.1,
                        "rotationSpeed" : [
                            4.0,
                            12.0
                        ],
                        "shotDelay" : 36.0,
                        "smokePenalty" : 1.0E-4,
                        "typeinfo" : {
                            "nation" : "USA",
                            "species" : "Main",
                            "type" : "Gun"
                        },
                        "vertSector" : [
                            -1.0,
                            45.0
                        ]
                    }
                ],
                "turretTypes" : {
                    "3" : [
                        4,
                        "PAGM211_16in45_Mk6"
                    ]
                },
                "maxDist" : 19570.0,
                "minDistH" : 50.0,
                "minDistV" : 110.0,
                "normalDistribution" : true,
                "sigmaCount" : 1.9,
                "taperDist" : 5000.0,
                "GMIdealRadius" : 1.0,
                "barrelDiameter" : 0.406,
                "numBarrels" : 12
            }
        },
        "atba" : {
            "A_ATBA" : {
                "aaJoint" : {
                    "auraFar" : [
                        {
                            "areaDamage" : 70.0,
                            "areaDamagePeriod" : 0.285714285714,
                            "bubbleDuration" : 3.0,
                            "enableBarrage" : true,
                            "guns" : [
                                "HP_AGS_1",
                                "HP_AGS_10",
                                "HP_AGS_11",
                                "HP_AGS_12",
                                "HP_AGS_13",
                                "HP_AGS_14",
                                "HP_AGS_2",
                                "HP_AGS_3",
                                "HP_AGS_4",
                                "HP_AGS_5",
                                "HP_AGS_6",
                                "HP_AGS_7",
                                "HP_AGS_8",
                                "HP_AGS_9"
                            ],
                            "halfOuterBubbleZone" : 50.0,
                            "hitChance" : 0.75,
                            "innerBubbleSpawnTimeRange" : [
                                2.65,
                                3.15
                            ],
                            "innerBubbleZone" : 20.0,
                            "joint" : true,
                            "maxBubbleActivationDelay" : 0.4,
                            "maxDistance" : 5800.0,
                            "minBubbleActivationDelay" : 0.1,
                            "minDistance" : 100.0,
                            "outerBubbleSpawnTimeRange" : [
                                2.45,
                                2.65
                            ],
                            "shotDelay" : 5.0,
                            "shotTravelTime" : 1.51,
                            "type" : "far"
                        },
                        {
                            "areaDamagePeriod" : 0.285714285714,
                            "bubbleDamage" : 230.0,
                            "bubbleDuration" : 3.0,
                            "bubbleRadius" : 2.658,
                            "enableBarrage" : true,
                            "explosionCount" : 3.0,
                            "guns" : [
                                "HP_AGS_1",
                                "HP_AGS_10",
                                "HP_AGS_11",
                                "HP_AGS_12",
                                "HP_AGS_13",
                                "HP_AGS_14",
                                "HP_AGS_2",
                                "HP_AGS_3",
                                "HP_AGS_4",
                                "HP_AGS_5",
                                "HP_AGS_6",
                                "HP_AGS_7",
                                "HP_AGS_8",
                                "HP_AGS_9"
                            ],
                            "halfOuterBubbleZone" : 50.0,
                            "hitChance" : 0.75,
                            "innerBubbleCount" : 6,
                            "innerBubbleSpawnTimeRange" : [
                                2.65,
                                3.15
                            ],
                            "innerBubbleZone" : 20.0,
                            "joint" : true,
                            "maxBubbleActivationDelay" : 0.4,
                            "maxDistance" : 5800.0,
                            "minBubbleActivationDelay" : 0.1,
                            "minDistance" : 3500.0,
                            "outerBubbleCount" : 4.0,
                            "outerBubbleSpawnTimeRange" : [
                                2.45,
                                2.65
                            ],
                            "shotDelay" : 5.0,
                            "shotTravelTime" : 1.51,
                            "type" : "far"
                        }
                    ],
                    "auraMedium" : [ ],
                    "auraNear" : [ ]
                },
                "secondaries" : {
                    "PAGS028_5in38_Mk29_Mod0" : {
                        "ammoList" : [
                            "PAPA018_Main_127mm_HE_C_Mk_32"
                        ],
                        "antiAirAuraDistance" : 167.0,
                        "antiAirAuraStrength" : 0.151,
                        "barrelDiameter" : 0.127,
                        "deadZone" : [
                            [
                                -2.0,
                                0.0
                            ]
                        ],
                        "delim" : 0.6,
                        "horizSector" : [
                            -150.0,
                            0.0
                        ],
                        "id" : 4265011184,
                        "idealDistance" : 333.333,
                        "idealRadius" : 20.0,
                        "index" : "PAGS028",
                        "minRadius" : 1.0,
                        "name" : "PAGS028_5in38_Mk29_Mod0",
                        "numBarrels" : 2,
                        "radiusOnDelim" : 0.8,
                        "radiusOnMax" : 1.0,
                        "radiusOnZero" : 0.1,
                        "rotationSpeed" : [
                            60.0,
                            1.0
                        ],
                        "shotDelay" : 6.0,
                        "smallGun" : true,
                        "smokePenalty" : 1.0E-4,
                        "typeinfo" : {
                            "nation" : "USA",
                            "species" : "Secondary",
                            "type" : "Gun"
                        },
                        "vertSector" : [
                            -2.0,
                            85.0
                        ],
                        "GSIdealRadius" : 1.0,
                        "count" : 14
                    }
                },
                "maxDist" : 6950.0,
                "minDistH" : 50.0,
                "minDistV" : 110.0,
                "sigmaCount" : 1.0,
                "GSIdealRadius" : 1.0
            }
        },
        "hull" : {
            "A_Hull" : {
                "backwardPowerCoef" : 4.0,
                "buoyancy" : 200000.0,
                "buoyancyRudderTime" : 1.0,
                "burnNodes" : [
                    [
                        0.5671,
                        0.3,
                        60.0
                    ],
                    [
                        0.5671,
                        0.3,
                        60.0
                    ],
                    [
                        0.5671,
                        0.3,
                        60.0
                    ],
                    [
                        0.5671,
                        0.3,
                        60.0
                    ]
                ],
                "burnProb" : 0.5671,
                "burnDamage" : 0.3,
                "burnTime" : 60.0,
                "burnSize" : 4,
                "deckHeight" : 6.9,
                "dockYOffset" : 0.0684,
                "draft" : 11.0,
                "enginePower" : 300000.0,
                "floodNodes" : [
                    [
                        0.253,
                        0.5,
                        40.0
                    ],
                    [
                        0.253,
                        0.5,
                        40.0
                    ]
                ],
                "floodProb" : 0.253,
                "floodProtection" : 24.099999999999994,
                "floodDamage" : 0.5,
                "floodTime" : 40.0,
                "floodSize" : 2,
                "health" : 84300.0,
                "mass" : 7.063E7,
                "maxRudderAngle" : 30.0,
                "maxSpeed" : 30.0,
                "pushingMaxRudderAngle" : 16.0,
                "pushingMinRudderAngle" : 1.0,
                "rollEffect" : 106.0,
                "rudderPower" : 6.95E7,
                "rudderTime" : 24.06,
                "sideDragCoef" : 2050000.0,
                "size" : [
                    305.97,
                    38.2,
                    36.0
                ],
                "smokeScanRadius" : 27.0,
                "speedCoef" : 1.0,
                "tonnage" : 70630.0,
                "torpedoImpactMassImpulseCoeff" : 0.5,
                "turningRadius" : 1050.0,
                "visibilityCoefATBA" : 1.0E-6,
                "visibilityCoefATBAByPlane" : 1.0E-6,
                "visibilityCoefFire" : 2.0,
                "visibilityCoefFireByPlane" : 3.0,
                "visibilityCoefGK" : 1.0E-6,
                "visibilityCoefGKByPlane" : 8.12,
                "visibilityCoefGKInSmoke" : 16.39,
                "visibilityCoeff" : 26.59,
                "visibilityFactor" : 16.92,
                "visibilityFactorByPlane" : 14.02,
                "visibilityFactorInSmoke" : 1.0E-6,
                "burnSizeSkill" : 4
            }
        },
        "suo" : {
            "A_FireControl" : {
                "maxDistCoef" : 1.0,
                "sigmaCountCoef" : 1.0
            }
        },
        "engine" : {
            "A_Engine" : {
                "backwardEngineForsag" : 2.5,
                "backwardEngineForsagMaxSpeed" : 2.5,
                "backwardEngineUpTime" : 30.0,
                "backwardSpeedOnFlood" : -0.6,
                "damagedEnginePowerMultiplier" : -0.6,
                "damagedEnginePowerTimeMultiplier" : 6.5,
                "forwardEngineForsag" : 2.5,
                "forwardEngineForsagMaxSpeed" : 2.5,
                "forwardEngineUpTime" : 60.0,
                "forwardSpeedOnFlood" : -0.3,
                "histEnginePower" : 300000.0
            }
        }
    },
    "shipAbilities" : {
        "AbilitySlot0" : {
            "abils" : [
                [
                    "PCY009_CrashCrewPremium",
                    "B_USA_Gold"
                ]
            ],
            "slot" : 0
        },
        "AbilitySlot1" : {
            "abils" : [
                [
                    "PCY010_RegenCrewPremium",
                    "B_Gold"
                ]
            ],
            "slot" : 1
        },
        "AbilitySlot2" : {
            "slot" : 2
        },
        "AbilitySlot3" : {
            "slot" : 3
        },
        "AbilitySlot4" : {
            "slot" : 4
        }
    },
    "shipUpgradeInfo" : {
        "components" : {
            "flightControl" : [
                {
                    "name" : "PAUF805_FC_KEARSARGE",
                    "ucType" : "_FlightControl",
                    "ucTypeShort" : "flightControl",
                    "position" : 1,
                    "elem" : 0,
                    "prevType" : "flightControl",
                    "prevPosition" : 0,
                    "components" : {
                        "flightControl" : [
                            "A_FlightControl"
                        ]
                    },
                    "image" : "https://cdn.wowsft.com/images/modules/icon_module_FlightControl.png"
                }
            ],
            "artillery" : [
                {
                    "name" : "PAUA823_ART_KEARSARGE",
                    "ucType" : "_Artillery",
                    "ucTypeShort" : "artillery",
                    "position" : 1,
                    "elem" : 1,
                    "prevType" : "artillery",
                    "prevPosition" : 0,
                    "components" : {
                        "artillery" : [
                            "A_Artillery"
                        ]
                    },
                    "image" : "https://cdn.wowsft.com/images/modules/icon_module_Artillery.png"
                }
            ],
            "hull" : [
                {
                    "name" : "PAUH835_KEARSARGE",
                    "ucType" : "_Hull",
                    "ucTypeShort" : "hull",
                    "position" : 1,
                    "elem" : 2,
                    "prevType" : "hull",
                    "prevPosition" : 0,
                    "components" : {
                        "airArmament" : [
                            "A_AirArmament"
                        ],
                        "airDefense" : [
                            "A_AirDefense"
                        ],
                        "airSupport" : [ ],
                        "artillery" : [
                            "A_Artillery"
                        ],
                        "atba" : [
                            "A_ATBA"
                        ],
                        "depthCharges" : [ ],
                        "hull" : [
                            "A_Hull"
                        ],
                        "pinger" : [ ],
                        "torpedoes" : [ ]
                    },
                    "image" : "https://cdn.wowsft.com/images/modules/icon_module_Hull.png"
                }
            ],
            "torpedoes" : [ ],
            "suo" : [
                {
                    "name" : "PAUS833_SUO_KEARSARGE",
                    "ucType" : "_Suo",
                    "ucTypeShort" : "suo",
                    "position" : 1,
                    "elem" : 4,
                    "prevType" : "suo",
                    "prevPosition" : 0,
                    "components" : {
                        "suo" : [
                            "A_FireControl"
                        ]
                    },
                    "image" : "https://cdn.wowsft.com/images/modules/icon_module_Suo.png"
                }
            ],
            "fighter" : [
                {
                    "name" : "PAUI803_F_KEARSARGE",
                    "ucType" : "_Fighter",
                    "ucTypeShort" : "fighter",
                    "position" : 1,
                    "elem" : 5,
                    "prevType" : "fighter",
                    "prevPosition" : 0,
                    "components" : {
                        "fighter" : [
                            "A_Fighter"
                        ]
                    },
                    "image" : "https://cdn.wowsft.com/images/modules/icon_module_Fighter.png"
                }
            ],
            "torpedoBomber" : [ ],
            "diveBomber" : [ ],
            "skipBomber" : [ ],
            "engine" : [
                {
                    "name" : "PAUE834_ENG_KEARSARGE",
                    "ucType" : "_Engine",
                    "ucTypeShort" : "engine",
                    "position" : 1,
                    "elem" : 9,
                    "prevType" : "engine",
                    "prevPosition" : 0,
                    "components" : {
                        "engine" : [
                            "A_Engine"
                        ]
                    },
                    "image" : "https://cdn.wowsft.com/images/modules/icon_module_Engine.png"
                }
            ]
        },
        "cols" : {
            "artillery" : 1,
            "hull" : 1,
            "torpedoes" : 0,
            "suo" : 1,
            "fighter" : 1,
            "torpedoBomber" : 0,
            "diveBomber" : 0,
            "skipBomber" : 0,
            "engine" : 1
        },
        "maxRows" : 1,
        "costGold" : 19000,
        "value" : 1
    },
    "battleLevels" : { },
    "canEquipCamouflage" : true,
    "group" : "demoWithoutStats",
    "id" : 3750705136,
    "index" : "PASB519",
    "paperShip" : true,
    "level" : 9,
    "maxEquippedFlags" : 8,
    "name" : "PASB519_Kearsarge",
    "navalFlag" : "usa",
    "needShowProjectYear" : true,
    "peculiarity" : "default",
    "steerAngle" : [
        0.2,
        0.7,
        1.0
    ],
    "typeinfo" : {
        "nation" : "USA",
        "species" : "Battleship",
        "type" : "Ship"
    },
    "realShipType" : "Test_Sample",
    "realShipTypeId" : "TEST_SAMPLE",
    "planes" : {
        "A_Fighter" : "PAAF801_F_KEARSARGE"
    },
    "imageSmall" : "https://cdn.wowsft.com/images/vehicles/ship_previews/PASB519.png",
    "typeImage" : "https://cdn.wowsft.com/images/vehicles/ship_classes/icon_battleship_standard.png"
}