{
    "components" : {
        "airArmament" : {
            "A_AirArmament" : {
                "auraCoeff" : 1.0,
                "deckPlaceCount" : 0,
                "independentLaunchpad" : false,
                "launchPrepareTime" : 0.0,
                "launchpadType" : "catapult",
                "planesReserveCapacity" : 0
            }
        },
        "airDefense" : {
            "A_AirDefense" : {
                "auraMedium" : [
                    {
                        "areaDamage" : 14.0,
                        "areaDamageFrequency" : 0.285714285714,
                        "enableBarrage" : true,
                        "guns" : [
                            "HP_AGA_11",
                            "HP_AGA_12",
                            "HP_AGA_13",
                            "HP_AGA_14",
                            "HP_AGA_31",
                            "HP_AGA_32",
                            "HP_AGA_39",
                            "HP_AGA_40",
                            "HP_AGA_7",
                            "HP_AGA_8"
                        ],
                        "hitChance" : 0.75,
                        "joint" : true,
                        "maxDistance" : 3500.0,
                        "minDistance" : 100.0,
                        "shotDelay" : 0.5,
                        "shotTravelTime" : 1.5,
                        "type" : "medium"
                    },
                    {
                        "areaDamage" : 80.0,
                        "areaDamageFrequency" : 0.285714285714,
                        "enableBarrage" : true,
                        "guns" : [
                            "HP_AGA_10",
                            "HP_AGA_15",
                            "HP_AGA_16",
                            "HP_AGA_17",
                            "HP_AGA_18",
                            "HP_AGA_9",
                            "HP_AGA_5",
                            "HP_AGA_51",
                            "HP_AGA_52",
                            "HP_AGA_6"
                        ],
                        "hitChance" : 0.75,
                        "joint" : true,
                        "maxDistance" : 3500.0,
                        "minDistance" : 100.0,
                        "shotDelay" : 0.5,
                        "shotTravelTime" : 1.5,
                        "type" : "medium"
                    }
                ],
                "auraNear" : [
                    {
                        "areaDamage" : 96.0,
                        "areaDamageFrequency" : 0.285714285714,
                        "enableBarrage" : true,
                        "guns" : [
                            "HP_AGA_1",
                            "HP_AGA_19",
                            "HP_AGA_2",
                            "HP_AGA_20",
                            "HP_AGA_21",
                            "HP_AGA_22",
                            "HP_AGA_23",
                            "HP_AGA_24",
                            "HP_AGA_25",
                            "HP_AGA_26",
                            "HP_AGA_27",
                            "HP_AGA_28",
                            "HP_AGA_29",
                            "HP_AGA_3",
                            "HP_AGA_30",
                            "HP_AGA_33",
                            "HP_AGA_34",
                            "HP_AGA_35",
                            "HP_AGA_36",
                            "HP_AGA_37",
                            "HP_AGA_38",
                            "HP_AGA_4",
                            "HP_AGA_41",
                            "HP_AGA_42",
                            "HP_AGA_43",
                            "HP_AGA_44",
                            "HP_AGA_45",
                            "HP_AGA_46",
                            "HP_AGA_47",
                            "HP_AGA_48",
                            "HP_AGA_49",
                            "HP_AGA_50",
                            "HP_AGM_2_HP_AGA_1",
                            "HP_AGM_2_HP_AGA_2",
                            "HP_AGM_2_HP_AGA_3",
                            "HP_AGM_2_HP_AGA_4",
                            "HP_AGM_2_HP_AGA_5",
                            "HP_AGM_2_HP_AGA_6",
                            "HP_AGM_4_HP_AGA_1",
                            "HP_AGM_4_HP_AGA_2",
                            "HP_AGM_4_HP_AGA_3",
                            "HP_AGM_4_HP_AGA_4",
                            "HP_AGM_4_HP_AGA_5",
                            "HP_AGM_4_HP_AGA_6"
                        ],
                        "hitChance" : 0.7,
                        "joint" : true,
                        "maxDistance" : 2000.0,
                        "minDistance" : 100.0,
                        "shotDelay" : 0.1,
                        "shotTravelTime" : 1.0,
                        "type" : "near"
                    }
                ],
                "ownerlessTracesScatterCoefficient" : 1.0,
                "sectors" : [
                    [
                        0.0,
                        180.0
                    ],
                    [
                        180.0,
                        0.0
                    ]
                ],
                "prioritySectorPhases" : [
                    [
                        5.0,
                        "linear",
                        0.035,
                        1.0,
                        1.35
                    ],
                    [
                        10.0,
                        "linear",
                        0.0,
                        1.35,
                        1.35
                    ]
                ],
                "prioritySectorPreparation" : 15.0,
                "prioritySectorDuration" : 15.0,
                "prioritySectorDamageInitial" : 0.035,
                "prioritySectorCoefficientInitial" : 1.0,
                "prioritySectorCoefficientDuring" : 1.35
            }
        },
        "artillery" : {
            "A1_Artillery" : {
                "turrets" : [
                    {
                        "ammoList" : [
                            "PAPA067_SHELL_356MM_HE_MK_22_TEXAS",
                            "PAPA066_SHELL_356MM_AP_MK_16_TEXAS"
                        ],
                        "barrelDiameter" : 0.356,
                        "coeffPerSecondMin" : 0.3,
                        "deadZone" : [ ],
                        "delim" : 0.5,
                        "ellipseRangeMax" : 250.0,
                        "ellipseRangeMin" : 50.0,
                        "horizSector" : [
                            -145.0,
                            145.0
                        ],
                        "id" : 4163495920,
                        "idealDistance" : 1000.0,
                        "idealRadius" : 12.0,
                        "index" : "PAGM125",
                        "maxEllipseRanging" : 1.003,
                        "medEllipseRanging" : 1.002,
                        "minEllipseRanging" : 1.001,
                        "minRadius" : 2.0,
                        "name" : "PAGM125_14in_45_Mk8",
                        "numBarrels" : 2,
                        "onMoveTarPosCoeffDelim" : 1.001,
                        "onMoveTarPosCoeffMaxDist" : 1.002,
                        "onMoveTarPosCoeffZero" : 1.0,
                        "onMoveTarPosDelim" : 0.1,
                        "position" : [
                            0.0,
                            1.0
                        ],
                        "radiusOnDelim" : 0.5,
                        "radiusOnMax" : 0.6,
                        "radiusOnZero" : 0.2,
                        "reduceTime" : 0.1,
                        "rotationSpeed" : [
                            3.0,
                            4.0
                        ],
                        "shotDelay" : 34.28,
                        "smokePenalty" : 1.0E-4,
                        "typeinfo" : {
                            "nation" : "USA",
                            "species" : "Main",
                            "type" : "Gun"
                        },
                        "vertSector" : [
                            -1.0,
                            15.0
                        ]
                    },
                    {
                        "ammoList" : [
                            "PAPA067_SHELL_356MM_HE_MK_22_TEXAS",
                            "PAPA066_SHELL_356MM_AP_MK_16_TEXAS"
                        ],
                        "barrelDiameter" : 0.356,
                        "coeffPerSecondMin" : 0.3,
                        "deadZone" : [ ],
                        "delim" : 0.5,
                        "ellipseRangeMax" : 250.0,
                        "ellipseRangeMin" : 50.0,
                        "horizSector" : [
                            -141.0,
                            141.0
                        ],
                        "id" : 4162447344,
                        "idealDistance" : 1000.0,
                        "idealRadius" : 12.0,
                        "index" : "PAGM126",
                        "maxEllipseRanging" : 1.003,
                        "medEllipseRanging" : 1.002,
                        "minEllipseRanging" : 1.001,
                        "minRadius" : 2.0,
                        "name" : "PAGM126_14in_45_Mk8",
                        "numBarrels" : 2,
                        "onMoveTarPosCoeffDelim" : 1.001,
                        "onMoveTarPosCoeffMaxDist" : 1.002,
                        "onMoveTarPosCoeffZero" : 1.0,
                        "onMoveTarPosDelim" : 0.1,
                        "position" : [
                            1.0,
                            1.0
                        ],
                        "radiusOnDelim" : 0.5,
                        "radiusOnMax" : 0.6,
                        "radiusOnZero" : 0.2,
                        "reduceTime" : 0.1,
                        "rotationSpeed" : [
                            3.0,
                            4.0
                        ],
                        "shotDelay" : 34.28,
                        "smokePenalty" : 1.0E-4,
                        "typeinfo" : {
                            "nation" : "USA",
                            "species" : "Main",
                            "type" : "Gun"
                        },
                        "vertSector" : [
                            -1.0,
                            15.0
                        ]
                    },
                    {
                        "ammoList" : [
                            "PAPA067_SHELL_356MM_HE_MK_22_TEXAS",
                            "PAPA066_SHELL_356MM_AP_MK_16_TEXAS"
                        ],
                        "barrelDiameter" : 0.356,
                        "coeffPerSecondMin" : 0.3,
                        "deadZone" : [
                            [
                                -30.0,
                                30.0
                            ]
                        ],
                        "delim" : 0.5,
                        "ellipseRangeMax" : 250.0,
                        "ellipseRangeMin" : 50.0,
                        "horizSector" : [
                            -144.0,
                            144.0
                        ],
                        "id" : 4163495920,
                        "idealDistance" : 1000.0,
                        "idealRadius" : 12.0,
                        "index" : "PAGM125",
                        "maxEllipseRanging" : 1.003,
                        "medEllipseRanging" : 1.002,
                        "minEllipseRanging" : 1.001,
                        "minRadius" : 2.0,
                        "name" : "PAGM125_14in_45_Mk8",
                        "numBarrels" : 2,
                        "onMoveTarPosCoeffDelim" : 1.001,
                        "onMoveTarPosCoeffMaxDist" : 1.002,
                        "onMoveTarPosCoeffZero" : 1.0,
                        "onMoveTarPosDelim" : 0.1,
                        "position" : [
                            2.75,
                            1.0
                        ],
                        "radiusOnDelim" : 0.5,
                        "radiusOnMax" : 0.6,
                        "radiusOnZero" : 0.2,
                        "reduceTime" : 0.1,
                        "rotationSpeed" : [
                            3.0,
                            4.0
                        ],
                        "shotDelay" : 34.28,
                        "smokePenalty" : 1.0E-4,
                        "typeinfo" : {
                            "nation" : "USA",
                            "species" : "Main",
                            "type" : "Gun"
                        },
                        "vertSector" : [
                            -1.0,
                            15.0
                        ]
                    },
                    {
                        "ammoList" : [
                            "PAPA067_SHELL_356MM_HE_MK_22_TEXAS",
                            "PAPA066_SHELL_356MM_AP_MK_16_TEXAS"
                        ],
                        "barrelDiameter" : 0.356,
                        "coeffPerSecondMin" : 0.3,
                        "deadZone" : [ ],
                        "delim" : 0.5,
                        "ellipseRangeMax" : 250.0,
                        "ellipseRangeMin" : 50.0,
                        "horizSector" : [
                            -135.0,
                            135.0
                        ],
                        "id" : 4162447344,
                        "idealDistance" : 1000.0,
                        "idealRadius" : 12.0,
                        "index" : "PAGM126",
                        "maxEllipseRanging" : 1.003,
                        "medEllipseRanging" : 1.002,
                        "minEllipseRanging" : 1.001,
                        "minRadius" : 2.0,
                        "name" : "PAGM126_14in_45_Mk8",
                        "numBarrels" : 2,
                        "onMoveTarPosCoeffDelim" : 1.001,
                        "onMoveTarPosCoeffMaxDist" : 1.002,
                        "onMoveTarPosCoeffZero" : 1.0,
                        "onMoveTarPosDelim" : 0.1,
                        "position" : [
                            4.5,
                            1.0
                        ],
                        "radiusOnDelim" : 0.5,
                        "radiusOnMax" : 0.6,
                        "radiusOnZero" : 0.2,
                        "reduceTime" : 0.1,
                        "rotationSpeed" : [
                            3.0,
                            4.0
                        ],
                        "shotDelay" : 34.28,
                        "smokePenalty" : 1.0E-4,
                        "typeinfo" : {
                            "nation" : "USA",
                            "species" : "Main",
                            "type" : "Gun"
                        },
                        "vertSector" : [
                            -1.0,
                            15.0
                        ]
                    },
                    {
                        "ammoList" : [
                            "PAPA067_SHELL_356MM_HE_MK_22_TEXAS",
                            "PAPA066_SHELL_356MM_AP_MK_16_TEXAS"
                        ],
                        "barrelDiameter" : 0.356,
                        "coeffPerSecondMin" : 0.3,
                        "deadZone" : [ ],
                        "delim" : 0.5,
                        "ellipseRangeMax" : 250.0,
                        "ellipseRangeMin" : 50.0,
                        "horizSector" : [
                            -147.0,
                            147.0
                        ],
                        "id" : 4163495920,
                        "idealDistance" : 1000.0,
                        "idealRadius" : 12.0,
                        "index" : "PAGM125",
                        "maxEllipseRanging" : 1.003,
                        "medEllipseRanging" : 1.002,
                        "minEllipseRanging" : 1.001,
                        "minRadius" : 2.0,
                        "name" : "PAGM125_14in_45_Mk8",
                        "numBarrels" : 2,
                        "onMoveTarPosCoeffDelim" : 1.001,
                        "onMoveTarPosCoeffMaxDist" : 1.002,
                        "onMoveTarPosCoeffZero" : 1.0,
                        "onMoveTarPosDelim" : 0.1,
                        "position" : [
                            5.5,
                            1.0
                        ],
                        "radiusOnDelim" : 0.5,
                        "radiusOnMax" : 0.6,
                        "radiusOnZero" : 0.2,
                        "reduceTime" : 0.1,
                        "rotationSpeed" : [
                            3.0,
                            4.0
                        ],
                        "shotDelay" : 34.28,
                        "smokePenalty" : 1.0E-4,
                        "typeinfo" : {
                            "nation" : "USA",
                            "species" : "Main",
                            "type" : "Gun"
                        },
                        "vertSector" : [
                            -1.0,
                            15.0
                        ]
                    }
                ],
                "turretTypes" : {
                    "2" : [
                        5,
                        "PAGM125_14in_45_Mk8"
                    ]
                },
                "maxDist" : 16420.0,
                "minDistH" : 50.0,
                "minDistV" : 110.0,
                "normalDistribution" : true,
                "sigmaCount" : 1.8,
                "taperDist" : 4000.0,
                "GMIdealRadius" : 1.0,
                "barrelDiameter" : 0.356,
                "numBarrels" : 10
            }
        },
        "atba" : {
            "A_ATBA" : {
                "secondaries" : {
                    "PAGS029_5in51_Mk_7" : {
                        "ammoList" : [
                            "PAPA008_Shell_127mm_HE_HC_Mk_39"
                        ],
                        "barrelDiameter" : 0.127,
                        "deadZone" : [ ],
                        "delim" : 0.6,
                        "horizSector" : [
                            -51.0,
                            45.0
                        ],
                        "id" : 4263962608,
                        "idealDistance" : 333.333,
                        "idealRadius" : 20.0,
                        "index" : "PAGS029",
                        "minRadius" : 1.0,
                        "name" : "PAGS029_5in51_Mk_7",
                        "numBarrels" : 1,
                        "radiusOnDelim" : 0.8,
                        "radiusOnMax" : 1.0,
                        "radiusOnZero" : 0.1,
                        "rotationSpeed" : [
                            60.0,
                            1.0
                        ],
                        "shotDelay" : 7.0,
                        "smallGun" : true,
                        "smokePenalty" : 1.0E-4,
                        "typeinfo" : {
                            "nation" : "USA",
                            "species" : "Secondary",
                            "type" : "Gun"
                        },
                        "vertSector" : [
                            -2.0,
                            16.0
                        ],
                        "GSIdealRadius" : 1.0,
                        "count" : 6
                    }
                },
                "maxDist" : 4000.0,
                "minDistH" : 50.0,
                "minDistV" : 110.0,
                "sigmaCount" : 1.0,
                "GSIdealRadius" : 1.0
            }
        },
        "hull" : {
            "A_Hull" : {
                "backwardPowerCoef" : 4.0,
                "buoyancy" : 200000.0,
                "buoyancyRudderTime" : 1.0,
                "burnNodes" : [
                    [
                        0.8335,
                        0.3,
                        60.0
                    ],
                    [
                        0.8335,
                        0.3,
                        60.0
                    ],
                    [
                        0.8335,
                        0.3,
                        60.0
                    ],
                    [
                        0.8335,
                        0.3,
                        60.0
                    ]
                ],
                "burnProb" : 0.8335,
                "burnDamage" : 0.3,
                "burnTime" : 60.0,
                "burnSize" : 4,
                "deckHeight" : 7.72,
                "deepwaterVisibilityCoeff" : 0.1,
                "draft" : 11.0,
                "enginePower" : 28100.0,
                "floodNodes" : [
                    [
                        0.23,
                        0.5,
                        40.0
                    ],
                    [
                        0.23,
                        0.5,
                        40.0
                    ]
                ],
                "floodProb" : 0.23,
                "floodProtection" : 31.0,
                "floodDamage" : 0.5,
                "floodTime" : 40.0,
                "floodSize" : 2,
                "health" : 49100.0,
                "mass" : 3.2436E7,
                "maxRudderAngle" : 30.0,
                "maxSpeed" : 20.5,
                "pushingMaxRudderAngle" : 16.0,
                "pushingMinRudderAngle" : 1.0,
                "rollEffect" : 25.0,
                "rudderPower" : 5.8E7,
                "rudderTime" : 18.25,
                "sideDragCoef" : 1410000.0,
                "size" : [
                    174.7,
                    32.38,
                    38.42
                ],
                "smokeScanRadius" : 27.0,
                "speedCoef" : 1.0,
                "tonnage" : 32436.0,
                "torpedoImpactMassImpulseCoeff" : 0.5,
                "turningRadius" : 600.0,
                "underwaterVisibilityCoeff" : 0.5,
                "visibilityCoefATBA" : 1.0E-6,
                "visibilityCoefATBAByPlane" : 1.0E-6,
                "visibilityCoefFire" : 2.0,
                "visibilityCoefFireByPlane" : 3.0,
                "visibilityCoefGK" : 1.0E-6,
                "visibilityCoefGKByPlane" : 7.12,
                "visibilityCoefGKInSmoke" : 13.99,
                "visibilityCoeff" : 22.87,
                "visibilityFactor" : 16.02,
                "visibilityFactorByPlane" : 8.54,
                "visibilityFactorInSmoke" : 1.0E-6,
                "burnSizeSkill" : 4
            }
        },
        "suo" : {
            "A1_FireControl" : {
                "maxDistCoef" : 1.0,
                "sigmaCountCoef" : 1.0
            }
        },
        "engine" : {
            "A_Engine" : {
                "backwardEngineForsag" : 2.5,
                "backwardEngineForsagMaxSpeed" : 2.5,
                "backwardEngineUpTime" : 30.0,
                "backwardSpeedOnFlood" : -0.6,
                "damagedEnginePowerMultiplier" : -0.325,
                "damagedEnginePowerTimeMultiplier" : 6.5,
                "forwardEngineForsag" : 2.5,
                "forwardEngineForsagMaxSpeed" : 2.5,
                "forwardEngineUpTime" : 60.0,
                "forwardSpeedOnFlood" : -0.3,
                "histEnginePower" : 28100.0
            }
        }
    },
    "shipAbilities" : {
        "AbilitySlot0" : {
            "abils" : [
                [
                    "PCY001_CrashCrew",
                    "B_USA"
                ],
                [
                    "PCY009_CrashCrewPremium",
                    "B_USA_Gold"
                ]
            ],
            "slot" : 0
        },
        "AbilitySlot1" : {
            "abils" : [
                [
                    "PCY002_RegenCrew",
                    "B"
                ],
                [
                    "PCY010_RegenCrewPremium",
                    "B_Gold"
                ]
            ],
            "slot" : 1
        },
        "AbilitySlot2" : {
            "abils" : [
                [
                    "PCY005_Spotter",
                    "Default"
                ],
                [
                    "PCY013_SpotterPremium",
                    "Default"
                ]
            ],
            "slot" : 2
        },
        "AbilitySlot3" : {
            "slot" : 3
        },
        "AbilitySlot4" : {
            "slot" : 4
        }
    },
    "shipUpgradeInfo" : {
        "components" : {
            "flightControl" : [ ],
            "artillery" : [
                {
                    "name" : "PAUA441_356_45_MK8_TEXAS",
                    "ucType" : "_Artillery",
                    "ucTypeShort" : "artillery",
                    "position" : 1,
                    "elem" : 1,
                    "prevType" : "artillery",
                    "prevPosition" : 0,
                    "components" : {
                        "artillery" : [
                            "A1_Artillery"
                        ]
                    },
                    "image" : "https://cdn.wowsft.com/images/modules/artillery.png"
                }
            ],
            "hull" : [
                {
                    "name" : "PAUH471_TEXAS",
                    "ucType" : "_Hull",
                    "ucTypeShort" : "hull",
                    "position" : 1,
                    "elem" : 2,
                    "prevType" : "hull",
                    "prevPosition" : 0,
                    "components" : {
                        "airArmament" : [
                            "A_AirArmament"
                        ],
                        "airDefense" : [
                            "A_AirDefense"
                        ],
                        "artillery" : [
                            "A1_Artillery"
                        ],
                        "atba" : [
                            "A_ATBA"
                        ],
                        "depthCharges" : [ ],
                        "hull" : [
                            "A_Hull"
                        ],
                        "torpedoes" : [ ]
                    },
                    "image" : "https://cdn.wowsft.com/images/modules/hull.png"
                }
            ],
            "torpedoes" : [ ],
            "suo" : [
                {
                    "name" : "PAUS441_SUO_TEXAS",
                    "ucType" : "_Suo",
                    "ucTypeShort" : "suo",
                    "position" : 1,
                    "elem" : 4,
                    "prevType" : "suo",
                    "prevPosition" : 0,
                    "components" : {
                        "suo" : [
                            "A1_FireControl"
                        ]
                    },
                    "image" : "https://cdn.wowsft.com/images/modules/suo.png"
                }
            ],
            "fighter" : [ ],
            "torpedoBomber" : [ ],
            "diveBomber" : [ ],
            "engine" : [
                {
                    "name" : "PAUE451_ENGINE_TEXAS",
                    "ucType" : "_Engine",
                    "ucTypeShort" : "engine",
                    "position" : 1,
                    "elem" : 8,
                    "prevType" : "engine",
                    "prevPosition" : 0,
                    "components" : {
                        "engine" : [
                            "A_Engine"
                        ]
                    },
                    "image" : "https://cdn.wowsft.com/images/modules/engine.png"
                }
            ]
        },
        "cols" : {
            "flightControl" : 0,
            "artillery" : 1,
            "hull" : 1,
            "torpedoes" : 0,
            "suo" : 1,
            "fighter" : 0,
            "torpedoBomber" : 0,
            "diveBomber" : 0,
            "engine" : 1
        },
        "maxRows" : 1,
        "costGold" : 5150,
        "value" : 1
    },
    "battleLevels" : { },
    "canEquipCamouflage" : true,
    "group" : "special",
    "id" : 3555670000,
    "index" : "PASB705",
    "level" : 5,
    "maxEquippedFlags" : 8,
    "name" : "PASB705_Texas_1944",
    "navalFlag" : "usa",
    "needShowProjectYear" : true,
    "peculiarity" : "default",
    "steerAngle" : [
        0.2,
        0.7,
        1.0
    ],
    "typeinfo" : {
        "nation" : "USA",
        "species" : "Battleship",
        "type" : "Ship"
    },
    "realShipType" : "Premium",
    "realShipTypeId" : "FILTER_PREMIUM",
    "imageSmall" : "https://cdn.wowsft.com/images/vehicles/ship_previews/PASB705.png",
    "typeImage" : "https://cdn.wowsft.com/images/vehicles/ship_classes/icon_battleship_standard.png"
}