{
    "components" : {
        "airDefense" : {
            "B_AirDefense" : {
                "aaJoint" : {
                    "auraFar" : [ ],
                    "auraMedium" : [
                        {
                            "areaDamage" : 4.0,
                            "areaDamageFrequency" : 0.285714285714,
                            "enableBarrage" : true,
                            "guns" : [
                                "HP_AGA_1",
                                "HP_AGA_2",
                                "HP_AGA_3",
                                "HP_AGA_4"
                            ],
                            "hitChance" : 0.75,
                            "joint" : true,
                            "maxDistance" : 3000.0,
                            "minDistance" : 100.0,
                            "shotDelay" : 0.5,
                            "shotTravelTime" : 1.5,
                            "type" : "medium"
                        }
                    ],
                    "auraNear" : [ ]
                },
                "ownerlessTracesScatterCoefficient" : 1.0,
                "sectors" : [
                    [
                        0.0,
                        180.0
                    ],
                    [
                        180.0,
                        0.0
                    ]
                ],
                "prioritySectorPhases" : [
                    [
                        5.0,
                        "linear",
                        0.035,
                        1.0,
                        1.35
                    ],
                    [
                        10.0,
                        "linear",
                        0.0,
                        1.35,
                        1.35
                    ]
                ],
                "prioritySectorPreparation" : 15.0,
                "prioritySectorDuration" : 15.0,
                "prioritySectorDamageInitial" : 0.035,
                "prioritySectorCoefficientInitial" : 1.0,
                "prioritySectorCoefficientDuring" : 1.35
            }
        },
        "artillery" : {
            "A1_Artillery" : {
                "turrets" : [
                    {
                        "ammoList" : [
                            "PAPA026_Shell_305mm_HE_C",
                            "PAPA025_Shell_305mm_AP_AP"
                        ],
                        "barrelDiameter" : 0.305,
                        "coeffPerSecondMin" : 0.3,
                        "deadZone" : [ ],
                        "delim" : 0.5,
                        "ellipseRangeMax" : 250.0,
                        "ellipseRangeMin" : 50.0,
                        "horizSector" : [
                            -140.0,
                            140.0
                        ],
                        "id" : 4240041968,
                        "idealDistance" : 1000.0,
                        "idealRadius" : 12.0,
                        "index" : "PAGM052",
                        "maxEllipseRanging" : 1.003,
                        "medEllipseRanging" : 1.002,
                        "minEllipseRanging" : 1.001,
                        "minRadius" : 2.0,
                        "name" : "PAGM052_12in45_Mk5",
                        "numBarrels" : 2,
                        "onMoveTarPosCoeffDelim" : 1.001,
                        "onMoveTarPosCoeffMaxDist" : 1.002,
                        "onMoveTarPosCoeffZero" : 1.0,
                        "onMoveTarPosDelim" : 0.1,
                        "position" : [
                            1.0,
                            1.0
                        ],
                        "radiusOnDelim" : 0.5,
                        "radiusOnMax" : 0.6,
                        "radiusOnZero" : 0.2,
                        "reduceTime" : 0.1,
                        "rotationSpeed" : [
                            4.0,
                            6.0
                        ],
                        "shotDelay" : 30.0,
                        "smokePenalty" : 1.0E-4,
                        "typeinfo" : {
                            "nation" : "USA",
                            "species" : "Main",
                            "type" : "Gun"
                        },
                        "vertSector" : [
                            -2.0,
                            15.0
                        ]
                    },
                    {
                        "ammoList" : [
                            "PAPA026_Shell_305mm_HE_C",
                            "PAPA025_Shell_305mm_AP_AP"
                        ],
                        "barrelDiameter" : 0.305,
                        "coeffPerSecondMin" : 0.3,
                        "deadZone" : [ ],
                        "delim" : 0.5,
                        "ellipseRangeMax" : 250.0,
                        "ellipseRangeMin" : 50.0,
                        "horizSector" : [
                            -138.0,
                            138.0
                        ],
                        "id" : 4240041968,
                        "idealDistance" : 1000.0,
                        "idealRadius" : 12.0,
                        "index" : "PAGM052",
                        "maxEllipseRanging" : 1.003,
                        "medEllipseRanging" : 1.002,
                        "minEllipseRanging" : 1.001,
                        "minRadius" : 2.0,
                        "name" : "PAGM052_12in45_Mk5",
                        "numBarrels" : 2,
                        "onMoveTarPosCoeffDelim" : 1.001,
                        "onMoveTarPosCoeffMaxDist" : 1.002,
                        "onMoveTarPosCoeffZero" : 1.0,
                        "onMoveTarPosDelim" : 0.1,
                        "position" : [
                            2.0,
                            1.0
                        ],
                        "radiusOnDelim" : 0.5,
                        "radiusOnMax" : 0.6,
                        "radiusOnZero" : 0.2,
                        "reduceTime" : 0.1,
                        "rotationSpeed" : [
                            4.0,
                            6.0
                        ],
                        "shotDelay" : 30.0,
                        "smokePenalty" : 1.0E-4,
                        "typeinfo" : {
                            "nation" : "USA",
                            "species" : "Main",
                            "type" : "Gun"
                        },
                        "vertSector" : [
                            -2.0,
                            15.0
                        ]
                    },
                    {
                        "ammoList" : [
                            "PAPA026_Shell_305mm_HE_C",
                            "PAPA025_Shell_305mm_AP_AP"
                        ],
                        "barrelDiameter" : 0.305,
                        "coeffPerSecondMin" : 0.3,
                        "deadZone" : [ ],
                        "delim" : 0.5,
                        "ellipseRangeMax" : 250.0,
                        "ellipseRangeMin" : 50.0,
                        "horizSector" : [
                            -136.0,
                            136.0
                        ],
                        "id" : 4240041968,
                        "idealDistance" : 1000.0,
                        "idealRadius" : 12.0,
                        "index" : "PAGM052",
                        "maxEllipseRanging" : 1.003,
                        "medEllipseRanging" : 1.002,
                        "minEllipseRanging" : 1.001,
                        "minRadius" : 2.0,
                        "name" : "PAGM052_12in45_Mk5",
                        "numBarrels" : 2,
                        "onMoveTarPosCoeffDelim" : 1.001,
                        "onMoveTarPosCoeffMaxDist" : 1.002,
                        "onMoveTarPosCoeffZero" : 1.0,
                        "onMoveTarPosDelim" : 0.1,
                        "position" : [
                            4.0,
                            1.0
                        ],
                        "radiusOnDelim" : 0.5,
                        "radiusOnMax" : 0.6,
                        "radiusOnZero" : 0.2,
                        "reduceTime" : 0.1,
                        "rotationSpeed" : [
                            4.0,
                            6.0
                        ],
                        "shotDelay" : 30.0,
                        "smokePenalty" : 1.0E-4,
                        "typeinfo" : {
                            "nation" : "USA",
                            "species" : "Main",
                            "type" : "Gun"
                        },
                        "vertSector" : [
                            -2.0,
                            15.0
                        ]
                    },
                    {
                        "ammoList" : [
                            "PAPA026_Shell_305mm_HE_C",
                            "PAPA025_Shell_305mm_AP_AP"
                        ],
                        "barrelDiameter" : 0.305,
                        "coeffPerSecondMin" : 0.3,
                        "deadZone" : [ ],
                        "delim" : 0.5,
                        "ellipseRangeMax" : 250.0,
                        "ellipseRangeMin" : 50.0,
                        "horizSector" : [
                            -140.0,
                            140.0
                        ],
                        "id" : 4240041968,
                        "idealDistance" : 1000.0,
                        "idealRadius" : 12.0,
                        "index" : "PAGM052",
                        "maxEllipseRanging" : 1.003,
                        "medEllipseRanging" : 1.002,
                        "minEllipseRanging" : 1.001,
                        "minRadius" : 2.0,
                        "name" : "PAGM052_12in45_Mk5",
                        "numBarrels" : 2,
                        "onMoveTarPosCoeffDelim" : 1.001,
                        "onMoveTarPosCoeffMaxDist" : 1.002,
                        "onMoveTarPosCoeffZero" : 1.0,
                        "onMoveTarPosDelim" : 0.1,
                        "position" : [
                            5.0,
                            1.0
                        ],
                        "radiusOnDelim" : 0.5,
                        "radiusOnMax" : 0.6,
                        "radiusOnZero" : 0.2,
                        "reduceTime" : 0.1,
                        "rotationSpeed" : [
                            4.0,
                            6.0
                        ],
                        "shotDelay" : 30.0,
                        "smokePenalty" : 1.0E-4,
                        "typeinfo" : {
                            "nation" : "USA",
                            "species" : "Main",
                            "type" : "Gun"
                        },
                        "vertSector" : [
                            -2.0,
                            15.0
                        ]
                    }
                ],
                "turretTypes" : {
                    "2" : [
                        4,
                        "PAGM052_12in45_Mk5"
                    ]
                },
                "maxDist" : 14240.0,
                "minDistH" : 50.0,
                "minDistV" : 110.0,
                "normalDistribution" : true,
                "sigmaCount" : 1.9,
                "taperDist" : 3000.0,
                "GMIdealRadius" : 1.0,
                "barrelDiameter" : 0.305,
                "numBarrels" : 8
            },
            "B1_Artillery" : {
                "turrets" : [
                    {
                        "ammoList" : [
                            "PAPA026_Shell_305mm_HE_C",
                            "PAPA025_Shell_305mm_AP_AP"
                        ],
                        "barrelDiameter" : 0.305,
                        "coeffPerSecondMin" : 0.3,
                        "deadZone" : [ ],
                        "delim" : 0.5,
                        "ellipseRangeMax" : 250.0,
                        "ellipseRangeMin" : 50.0,
                        "horizSector" : [
                            -140.0,
                            140.0
                        ],
                        "id" : 4240041968,
                        "idealDistance" : 1000.0,
                        "idealRadius" : 12.0,
                        "index" : "PAGM052",
                        "maxEllipseRanging" : 1.003,
                        "medEllipseRanging" : 1.002,
                        "minEllipseRanging" : 1.001,
                        "minRadius" : 2.0,
                        "name" : "PAGM052_12in45_Mk5",
                        "numBarrels" : 2,
                        "onMoveTarPosCoeffDelim" : 1.001,
                        "onMoveTarPosCoeffMaxDist" : 1.002,
                        "onMoveTarPosCoeffZero" : 1.0,
                        "onMoveTarPosDelim" : 0.1,
                        "position" : [
                            1.0,
                            1.0
                        ],
                        "radiusOnDelim" : 0.5,
                        "radiusOnMax" : 0.6,
                        "radiusOnZero" : 0.2,
                        "reduceTime" : 0.1,
                        "rotationSpeed" : [
                            4.0,
                            6.0
                        ],
                        "shotDelay" : 30.0,
                        "smokePenalty" : 1.0E-4,
                        "typeinfo" : {
                            "nation" : "USA",
                            "species" : "Main",
                            "type" : "Gun"
                        },
                        "vertSector" : [
                            -2.0,
                            15.0
                        ]
                    },
                    {
                        "ammoList" : [
                            "PAPA026_Shell_305mm_HE_C",
                            "PAPA025_Shell_305mm_AP_AP"
                        ],
                        "barrelDiameter" : 0.305,
                        "coeffPerSecondMin" : 0.3,
                        "deadZone" : [ ],
                        "delim" : 0.5,
                        "ellipseRangeMax" : 250.0,
                        "ellipseRangeMin" : 50.0,
                        "horizSector" : [
                            -138.0,
                            138.0
                        ],
                        "id" : 4240041968,
                        "idealDistance" : 1000.0,
                        "idealRadius" : 12.0,
                        "index" : "PAGM052",
                        "maxEllipseRanging" : 1.003,
                        "medEllipseRanging" : 1.002,
                        "minEllipseRanging" : 1.001,
                        "minRadius" : 2.0,
                        "name" : "PAGM052_12in45_Mk5",
                        "numBarrels" : 2,
                        "onMoveTarPosCoeffDelim" : 1.001,
                        "onMoveTarPosCoeffMaxDist" : 1.002,
                        "onMoveTarPosCoeffZero" : 1.0,
                        "onMoveTarPosDelim" : 0.1,
                        "position" : [
                            2.0,
                            1.0
                        ],
                        "radiusOnDelim" : 0.5,
                        "radiusOnMax" : 0.6,
                        "radiusOnZero" : 0.2,
                        "reduceTime" : 0.1,
                        "rotationSpeed" : [
                            4.0,
                            6.0
                        ],
                        "shotDelay" : 30.0,
                        "smokePenalty" : 1.0E-4,
                        "typeinfo" : {
                            "nation" : "USA",
                            "species" : "Main",
                            "type" : "Gun"
                        },
                        "vertSector" : [
                            -2.0,
                            15.0
                        ]
                    },
                    {
                        "ammoList" : [
                            "PAPA026_Shell_305mm_HE_C",
                            "PAPA025_Shell_305mm_AP_AP"
                        ],
                        "barrelDiameter" : 0.305,
                        "coeffPerSecondMin" : 0.3,
                        "deadZone" : [ ],
                        "delim" : 0.5,
                        "ellipseRangeMax" : 250.0,
                        "ellipseRangeMin" : 50.0,
                        "horizSector" : [
                            -136.0,
                            136.0
                        ],
                        "id" : 4240041968,
                        "idealDistance" : 1000.0,
                        "idealRadius" : 12.0,
                        "index" : "PAGM052",
                        "maxEllipseRanging" : 1.003,
                        "medEllipseRanging" : 1.002,
                        "minEllipseRanging" : 1.001,
                        "minRadius" : 2.0,
                        "name" : "PAGM052_12in45_Mk5",
                        "numBarrels" : 2,
                        "onMoveTarPosCoeffDelim" : 1.001,
                        "onMoveTarPosCoeffMaxDist" : 1.002,
                        "onMoveTarPosCoeffZero" : 1.0,
                        "onMoveTarPosDelim" : 0.1,
                        "position" : [
                            4.0,
                            1.0
                        ],
                        "radiusOnDelim" : 0.5,
                        "radiusOnMax" : 0.6,
                        "radiusOnZero" : 0.2,
                        "reduceTime" : 0.1,
                        "rotationSpeed" : [
                            4.0,
                            6.0
                        ],
                        "shotDelay" : 30.0,
                        "smokePenalty" : 1.0E-4,
                        "typeinfo" : {
                            "nation" : "USA",
                            "species" : "Main",
                            "type" : "Gun"
                        },
                        "vertSector" : [
                            -2.0,
                            15.0
                        ]
                    },
                    {
                        "ammoList" : [
                            "PAPA026_Shell_305mm_HE_C",
                            "PAPA025_Shell_305mm_AP_AP"
                        ],
                        "barrelDiameter" : 0.305,
                        "coeffPerSecondMin" : 0.3,
                        "deadZone" : [ ],
                        "delim" : 0.5,
                        "ellipseRangeMax" : 250.0,
                        "ellipseRangeMin" : 50.0,
                        "horizSector" : [
                            -140.0,
                            140.0
                        ],
                        "id" : 4240041968,
                        "idealDistance" : 1000.0,
                        "idealRadius" : 12.0,
                        "index" : "PAGM052",
                        "maxEllipseRanging" : 1.003,
                        "medEllipseRanging" : 1.002,
                        "minEllipseRanging" : 1.001,
                        "minRadius" : 2.0,
                        "name" : "PAGM052_12in45_Mk5",
                        "numBarrels" : 2,
                        "onMoveTarPosCoeffDelim" : 1.001,
                        "onMoveTarPosCoeffMaxDist" : 1.002,
                        "onMoveTarPosCoeffZero" : 1.0,
                        "onMoveTarPosDelim" : 0.1,
                        "position" : [
                            5.0,
                            1.0
                        ],
                        "radiusOnDelim" : 0.5,
                        "radiusOnMax" : 0.6,
                        "radiusOnZero" : 0.2,
                        "reduceTime" : 0.1,
                        "rotationSpeed" : [
                            4.0,
                            6.0
                        ],
                        "shotDelay" : 30.0,
                        "smokePenalty" : 1.0E-4,
                        "typeinfo" : {
                            "nation" : "USA",
                            "species" : "Main",
                            "type" : "Gun"
                        },
                        "vertSector" : [
                            -2.0,
                            15.0
                        ]
                    }
                ],
                "turretTypes" : {
                    "2" : [
                        4,
                        "PAGM052_12in45_Mk5"
                    ]
                },
                "maxDist" : 14240.0,
                "minDistH" : 50.0,
                "minDistV" : 110.0,
                "normalDistribution" : true,
                "sigmaCount" : 1.9,
                "taperDist" : 3000.0,
                "GMIdealRadius" : 1.0,
                "barrelDiameter" : 0.305,
                "numBarrels" : 8
            }
        },
        "atba" : {
            "A_ATBA" : {
                "secondaries" : {
                    "PAGS045_3in50_Mk4" : {
                        "ammoList" : [
                            "PAPA024_Shell_76mm_HE_C"
                        ],
                        "antiAirAuraDistance" : 67.0,
                        "antiAirAuraStrength" : 0.03,
                        "barrelDiameter" : 0.0762,
                        "deadZone" : [ ],
                        "delim" : 0.6,
                        "horizSector" : [
                            -65.0,
                            0.0
                        ],
                        "id" : 4247185392,
                        "idealDistance" : 333.333,
                        "idealRadius" : 20.0,
                        "index" : "PAGS045",
                        "minRadius" : 1.0,
                        "name" : "PAGS045_3in50_Mk4",
                        "numBarrels" : 1,
                        "radiusOnDelim" : 0.8,
                        "radiusOnMax" : 1.0,
                        "radiusOnZero" : 0.1,
                        "rotationSpeed" : [
                            60.0,
                            1.0
                        ],
                        "shotDelay" : 6.0,
                        "smallGun" : true,
                        "smokePenalty" : 1.0E-4,
                        "typeinfo" : {
                            "nation" : "USA",
                            "species" : "Secondary",
                            "type" : "Gun"
                        },
                        "vertSector" : [
                            -1.0,
                            15.0
                        ],
                        "GSIdealRadius" : 1.0,
                        "count" : 22
                    }
                },
                "maxDist" : 3000.0,
                "minDistH" : 50.0,
                "minDistV" : 110.0,
                "sigmaCount" : 1.0,
                "GSIdealRadius" : 1.0
            },
            "B_ATBA" : {
                "secondaries" : {
                    "PAGS045_3in50_Mk4" : {
                        "ammoList" : [
                            "PAPA024_Shell_76mm_HE_C"
                        ],
                        "antiAirAuraDistance" : 67.0,
                        "antiAirAuraStrength" : 0.03,
                        "barrelDiameter" : 0.0762,
                        "deadZone" : [ ],
                        "delim" : 0.6,
                        "horizSector" : [
                            -65.0,
                            0.0
                        ],
                        "id" : 4247185392,
                        "idealDistance" : 333.333,
                        "idealRadius" : 20.0,
                        "index" : "PAGS045",
                        "minRadius" : 1.0,
                        "name" : "PAGS045_3in50_Mk4",
                        "numBarrels" : 1,
                        "radiusOnDelim" : 0.8,
                        "radiusOnMax" : 1.0,
                        "radiusOnZero" : 0.1,
                        "rotationSpeed" : [
                            60.0,
                            1.0
                        ],
                        "shotDelay" : 6.0,
                        "smallGun" : true,
                        "smokePenalty" : 1.0E-4,
                        "typeinfo" : {
                            "nation" : "USA",
                            "species" : "Secondary",
                            "type" : "Gun"
                        },
                        "vertSector" : [
                            -1.0,
                            15.0
                        ],
                        "GSIdealRadius" : 1.0,
                        "count" : 20
                    }
                },
                "maxDist" : 3000.0,
                "minDistH" : 50.0,
                "minDistV" : 110.0,
                "sigmaCount" : 1.0,
                "GSIdealRadius" : 1.0
            }
        },
        "hull" : {
            "A_Hull" : {
                "backwardPowerCoef" : 4.0,
                "buoyancy" : 200000.0,
                "buoyancyRudderTime" : 1.0,
                "burnNodes" : [
                    [
                        1.0,
                        0.3,
                        60.0
                    ],
                    [
                        1.0,
                        0.3,
                        60.0
                    ],
                    [
                        1.0,
                        0.3,
                        60.0
                    ],
                    [
                        1.0,
                        0.3,
                        60.0
                    ]
                ],
                "burnProb" : 1.0,
                "burnDamage" : 0.3,
                "burnTime" : 60.0,
                "burnSize" : 4,
                "deckHeight" : 5.0,
                "draft" : 11.0,
                "enginePower" : 17600.0,
                "floodNodes" : [
                    [
                        0.27,
                        0.5,
                        40.0
                    ],
                    [
                        0.27,
                        0.5,
                        40.0
                    ]
                ],
                "floodProb" : 0.27,
                "floodProtection" : 19.0,
                "floodDamage" : 0.5,
                "floodTime" : 40.0,
                "floodSize" : 2,
                "health" : 29000.0,
                "mass" : 1.79E7,
                "maxRudderAngle" : 30.0,
                "maxSpeed" : 18.0,
                "pushingMaxRudderAngle" : 16.0,
                "pushingMinRudderAngle" : 1.0,
                "rollEffect" : 27.0,
                "rudderPower" : 3.2E7,
                "rudderTime" : 17.13,
                "sideDragCoef" : 1500000.0,
                "size" : [
                    137.5,
                    24.43,
                    32.6
                ],
                "smokeScanRadius" : 27.0,
                "speedCoef" : 1.0,
                "tonnage" : 16000.0,
                "torpedoImpactMassImpulseCoeff" : 0.5,
                "turningRadius" : 480.0,
                "visibilityCoefATBA" : 1.0E-6,
                "visibilityCoefATBAByPlane" : 1.0E-6,
                "visibilityCoefFire" : 2.0,
                "visibilityCoefFireByPlane" : 3.0,
                "visibilityCoefGK" : 1.0E-6,
                "visibilityCoefGKByPlane" : 6.1,
                "visibilityCoefGKInSmoke" : 10.62,
                "visibilityCoeff" : 16.75,
                "visibilityFactor" : 13.86,
                "visibilityFactorByPlane" : 6.0,
                "visibilityFactorInSmoke" : 1.0E-6,
                "burnSizeSkill" : 4
            },
            "B_Hull" : {
                "backwardPowerCoef" : 4.0,
                "buoyancy" : 200000.0,
                "buoyancyRudderTime" : 1.0,
                "burnNodes" : [
                    [
                        0.9667,
                        0.3,
                        60.0
                    ],
                    [
                        0.9667,
                        0.3,
                        60.0
                    ],
                    [
                        0.9667,
                        0.3,
                        60.0
                    ],
                    [
                        0.9667,
                        0.3,
                        60.0
                    ]
                ],
                "burnProb" : 0.9667,
                "burnDamage" : 0.3,
                "burnTime" : 60.0,
                "burnSize" : 4,
                "deckHeight" : 5.0,
                "draft" : 11.0,
                "enginePower" : 17600.0,
                "floodNodes" : [
                    [
                        0.27,
                        0.5,
                        40.0
                    ],
                    [
                        0.27,
                        0.5,
                        40.0
                    ]
                ],
                "floodProb" : 0.27,
                "floodProtection" : 19.0,
                "floodDamage" : 0.5,
                "floodTime" : 40.0,
                "floodSize" : 2,
                "health" : 31700.0,
                "mass" : 1.79E7,
                "maxRudderAngle" : 30.0,
                "maxSpeed" : 18.0,
                "pushingMaxRudderAngle" : 16.0,
                "pushingMinRudderAngle" : 1.0,
                "rollEffect" : 27.0,
                "rudderPower" : 3.2E7,
                "rudderTime" : 12.23,
                "sideDragCoef" : 1500000.0,
                "size" : [
                    137.5,
                    24.43,
                    32.6
                ],
                "smokeScanRadius" : 27.0,
                "speedCoef" : 1.0,
                "tonnage" : 17900.0,
                "torpedoImpactMassImpulseCoeff" : 0.5,
                "turningRadius" : 480.0,
                "visibilityCoefATBA" : 1.0E-6,
                "visibilityCoefATBAByPlane" : 1.0E-6,
                "visibilityCoefFire" : 2.0,
                "visibilityCoefFireByPlane" : 3.0,
                "visibilityCoefGK" : 1.0E-6,
                "visibilityCoefGKByPlane" : 6.1,
                "visibilityCoefGKInSmoke" : 10.62,
                "visibilityCoeff" : 16.75,
                "visibilityFactor" : 13.86,
                "visibilityFactorByPlane" : 6.0,
                "visibilityFactorInSmoke" : 1.0E-6,
                "burnSizeSkill" : 4
            }
        },
        "suo" : {
            "AB1_FireControl" : {
                "maxDistCoef" : 1.0,
                "sigmaCountCoef" : 1.0
            },
            "B2_FireControl" : {
                "maxDistCoef" : 1.1,
                "sigmaCountCoef" : 1.0
            }
        },
        "engine" : {
            "AB2_Engine" : {
                "backwardEngineForsag" : 2.5,
                "backwardEngineForsagMaxSpeed" : 2.5,
                "backwardEngineUpTime" : 30.0,
                "backwardSpeedOnFlood" : -0.6,
                "damagedEnginePowerMultiplier" : -0.325,
                "damagedEnginePowerTimeMultiplier" : 6.5,
                "forwardEngineForsag" : 2.5,
                "forwardEngineForsagMaxSpeed" : 2.5,
                "forwardEngineUpTime" : 60.0,
                "forwardSpeedOnFlood" : -0.3,
                "histEnginePower" : 17600.0
            },
            "AB1_Engine" : {
                "backwardEngineForsag" : 2.5,
                "backwardEngineForsagMaxSpeed" : 2.5,
                "backwardEngineUpTime" : 30.0,
                "backwardSpeedOnFlood" : -0.6,
                "damagedEnginePowerMultiplier" : -0.325,
                "damagedEnginePowerTimeMultiplier" : 6.5,
                "forwardEngineForsag" : 2.5,
                "forwardEngineForsagMaxSpeed" : 2.5,
                "forwardEngineUpTime" : 60.0,
                "forwardSpeedOnFlood" : -0.3,
                "histEnginePower" : 16000.0,
                "speedCoef" : -0.12
            }
        }
    },
    "shipAbilities" : {
        "AbilitySlot0" : {
            "abils" : [
                [
                    "PCY009_CrashCrewPremium",
                    "B_USA_Gold"
                ]
            ],
            "slot" : 0
        },
        "AbilitySlot1" : {
            "abils" : [
                [
                    "PCY010_RegenCrewPremium",
                    "B_Colorado_Gold"
                ]
            ],
            "slot" : 1
        },
        "AbilitySlot2" : {
            "slot" : 2
        },
        "AbilitySlot3" : {
            "slot" : 3
        },
        "AbilitySlot4" : {
            "slot" : 4
        }
    },
    "shipUpgradeInfo" : {
        "components" : {
            "flightControl" : [ ],
            "artillery" : [
                {
                    "name" : "PAUA221_B3_ART_STOCK",
                    "ucType" : "_Artillery",
                    "ucTypeShort" : "artillery",
                    "position" : 1,
                    "elem" : 1,
                    "prevType" : "artillery",
                    "prevPosition" : 0,
                    "components" : {
                        "artillery" : [
                            "A1_Artillery",
                            "B1_Artillery"
                        ]
                    },
                    "image" : "https://cdn.wowsft.com/images/modules/icon_module_Artillery.png"
                }
            ],
            "hull" : [
                {
                    "name" : "PAUH221_Michigan_1916",
                    "ucType" : "_Hull",
                    "ucTypeShort" : "hull",
                    "position" : 1,
                    "elem" : 2,
                    "prevType" : "hull",
                    "prevPosition" : 0,
                    "components" : {
                        "airArmament" : [ ],
                        "airDefense" : [ ],
                        "artillery" : [
                            "A1_Artillery"
                        ],
                        "atba" : [
                            "A_ATBA"
                        ],
                        "depthCharges" : [ ],
                        "hull" : [
                            "A_Hull"
                        ],
                        "hydrophone" : [ ],
                        "pinger" : [ ],
                        "torpedoes" : [ ]
                    },
                    "image" : "https://cdn.wowsft.com/images/modules/icon_module_Hull.png"
                },
                {
                    "nextShips" : [
                        "PASB004_Arkansas_1912"
                    ],
                    "name" : "PAUH222_Michigan_1919",
                    "prev" : "PAUH221_Michigan_1916",
                    "ucType" : "_Hull",
                    "ucTypeShort" : "hull",
                    "position" : 2,
                    "elem" : 2,
                    "prevType" : "hull",
                    "prevPosition" : 1,
                    "prevElem" : 2,
                    "components" : {
                        "airArmament" : [ ],
                        "airDefense" : [
                            "B_AirDefense"
                        ],
                        "artillery" : [
                            "B1_Artillery"
                        ],
                        "atba" : [
                            "B_ATBA"
                        ],
                        "depthCharges" : [ ],
                        "hull" : [
                            "B_Hull"
                        ],
                        "hydrophone" : [ ],
                        "pinger" : [ ],
                        "torpedoes" : [ ]
                    },
                    "image" : "https://cdn.wowsft.com/images/modules/icon_module_Hull.png"
                }
            ],
            "torpedoes" : [ ],
            "suo" : [
                {
                    "name" : "PAUS231_Suo",
                    "ucType" : "_Suo",
                    "ucTypeShort" : "suo",
                    "position" : 1,
                    "elem" : 4,
                    "prevType" : "suo",
                    "prevPosition" : 0,
                    "components" : {
                        "suo" : [
                            "AB1_FireControl"
                        ]
                    },
                    "image" : "https://cdn.wowsft.com/images/modules/icon_module_Suo.png"
                },
                {
                    "name" : "PAUS232_Suo",
                    "prev" : "PAUS231_Suo",
                    "ucType" : "_Suo",
                    "ucTypeShort" : "suo",
                    "position" : 2,
                    "elem" : 4,
                    "prevType" : "suo",
                    "prevPosition" : 1,
                    "prevElem" : 4,
                    "components" : {
                        "suo" : [
                            "B2_FireControl"
                        ]
                    },
                    "image" : "https://cdn.wowsft.com/images/modules/icon_module_Suo.png"
                }
            ],
            "fighter" : [ ],
            "torpedoBomber" : [ ],
            "diveBomber" : [ ],
            "engine" : [
                {
                    "name" : "PAUE222_B3_ENG_STOCK",
                    "ucType" : "_Engine",
                    "ucTypeShort" : "engine",
                    "position" : 1,
                    "elem" : 8,
                    "prevType" : "engine",
                    "prevPosition" : 0,
                    "components" : {
                        "engine" : [
                            "AB1_Engine"
                        ]
                    },
                    "image" : "https://cdn.wowsft.com/images/modules/icon_module_Engine.png"
                },
                {
                    "name" : "PAUE221_B3_ENG_TOP",
                    "prev" : "PAUE222_B3_ENG_STOCK",
                    "ucType" : "_Engine",
                    "ucTypeShort" : "engine",
                    "position" : 2,
                    "elem" : 8,
                    "prevType" : "engine",
                    "prevPosition" : 1,
                    "prevElem" : 8,
                    "components" : {
                        "engine" : [
                            "AB2_Engine"
                        ]
                    },
                    "image" : "https://cdn.wowsft.com/images/modules/icon_module_Engine.png"
                }
            ]
        },
        "cols" : {
            "artillery" : 1,
            "hull" : 1,
            "torpedoes" : 0,
            "suo" : 1,
            "fighter" : 0,
            "torpedoBomber" : 0,
            "diveBomber" : 0,
            "engine" : 1
        },
        "maxRows" : 2,
        "costCR" : 309000,
        "costXP" : 2800,
        "value" : 1
    },
    "battleLevels" : { },
    "canEquipCamouflage" : true,
    "group" : "upgradeable",
    "id" : 4293867504,
    "index" : "PASB001",
    "level" : 3,
    "maxEquippedFlags" : 8,
    "name" : "PASB001_Michigan_1916",
    "navalFlag" : "usa",
    "needShowProjectYear" : true,
    "peculiarity" : "default",
    "steerAngle" : [
        0.2,
        0.7,
        1.0
    ],
    "typeinfo" : {
        "nation" : "USA",
        "species" : "Battleship",
        "type" : "Ship"
    },
    "realShipType" : "Battleship",
    "realShipTypeId" : "BATTLESHIP",
    "research" : true,
    "prevShipIndex" : "PASC004",
    "prevShipName" : "PASC004_St_Louis_1906",
    "prevShipXP" : 2200,
    "prevShipCompXP" : 600,
    "typeImage" : "https://cdn.wowsft.com/images/vehicles/ship_classes/icon_battleship_standard.png",
    "imageSmall" : "https://cdn.wowsft.com/images/vehicles/ship_previews/PASB001.png"
}