{
  "components" : {
    "airArmament" : {
      "AirArmamentDefault" : {
        "auraCoeff" : 1.0,
        "deckPlaceCount" : 0.0,
        "launchPrepareTime" : 0.0,
        "launchpadType" : "catapult",
        "planesReserveCapacity" : 0.0,
        "independentLaunchpad" : false
      }
    },
    "airDefense" : {
      "AirDefenseDefault" : {
        "auraMedium" : [ {
          "areaDamage" : 119.0,
          "areaDamageFrequency" : 0.285714285714,
          "enableBarrage" : true,
          "guns" : [ "HP_AGA_13", "HP_AGA_14", "HP_AGA_15", "HP_AGA_16", "HP_AGA_17", "HP_AGA_18", "HP_AGA_19", "HP_AGA_20", "HP_AGA_21", "HP_AGA_22", "HP_AGA_23", "HP_AGA_24" ],
          "hitChance" : 0.9,
          "joint" : true,
          "maxDistance" : 4000.0,
          "minDistance" : 100.0,
          "shotDelay" : 0.5,
          "shotTravelTime" : 1.5,
          "type" : "medium"
        } ],
        "auraNear" : [ {
          "areaDamage" : 25.0,
          "areaDamageFrequency" : 0.285714285714,
          "enableBarrage" : true,
          "guns" : [ "HP_AGA_1", "HP_AGA_2", "HP_AGA_3", "HP_AGA_4", "HP_AGA_5", "HP_AGA_6", "HP_AGA_7", "HP_AGA_8", "HP_AGA_9", "HP_AGA_10", "HP_AGA_11", "HP_AGA_12" ],
          "hitChance" : 0.85,
          "joint" : true,
          "maxDistance" : 2000.0,
          "minDistance" : 100.0,
          "shotDelay" : 0.1,
          "shotTravelTime" : 1.0,
          "type" : "near"
        } ],
        "ownerlessTracesScatterCoefficient" : 1.0,
        "sectors" : [ [ 0.0, 180.0 ], [ 180.0, 0.0 ] ],
        "prioritySectorPhases" : [ [ 5.0, "linear", 0.035, 1.0, 1.5 ], [ 5.0, "linear", 0.0, 1.5, 1.5 ] ],
        "prioritySectorPreparation" : 5.0,
        "prioritySectorDuration" : 5.0,
        "prioritySectorDamageInitial" : 0.035,
        "prioritySectorCoefficientInitial" : 1.0,
        "prioritySectorCoefficientDuring" : 1.5
      }
    },
    "artillery" : {
      "ArtilleryDefault" : {
        "turrets" : [ {
          "ammoList" : [ "PAPA002_Shell_203mm_HE_HC_Mk_25", "PAPA012_Shell_203mm_AP_AP_Mk_21" ],
          "barrelDiameter" : 0.203,
          "coeffPerSecondMin" : 0.3,
          "deadZone" : [ ],
          "delim" : 0.5,
          "ellipseRangeMax" : 250.0,
          "ellipseRangeMin" : 50.0,
          "horizSector" : [ 210.0, 150.0 ],
          "id" : 4268353520,
          "idealDistance" : 1000.0,
          "idealRadius" : 8.0,
          "index" : "PAGM025",
          "maxEllipseRanging" : 1.003,
          "medEllipseRanging" : 1.002,
          "minEllipseRanging" : 1.001,
          "minRadius" : 1.1,
          "name" : "PAGM025_8in55_Triple_Mk16",
          "numBarrels" : 3,
          "onMoveTarPosCoeffDelim" : 1.001,
          "onMoveTarPosCoeffMaxDist" : 1.002,
          "onMoveTarPosCoeffZero" : 1.0,
          "onMoveTarPosDelim" : 0.1,
          "position" : [ 0.0, 1.0 ],
          "radiusOnDelim" : 0.5,
          "radiusOnMax" : 0.6,
          "radiusOnZero" : 0.2,
          "reduceTime" : 0.1,
          "rotationSpeed" : [ 6.0, 8.2 ],
          "shotDelay" : 5.5,
          "smokePenalty" : 1.0E-4,
          "typeinfo" : {
            "nation" : "USA",
            "species" : "Main",
            "type" : "Gun"
          },
          "vertSector" : [ -2.0, 41.0 ]
        }, {
          "ammoList" : [ "PAPA002_Shell_203mm_HE_HC_Mk_25", "PAPA012_Shell_203mm_AP_AP_Mk_21" ],
          "barrelDiameter" : 0.203,
          "coeffPerSecondMin" : 0.3,
          "deadZone" : [ ],
          "delim" : 0.5,
          "ellipseRangeMax" : 250.0,
          "ellipseRangeMin" : 50.0,
          "horizSector" : [ 210.0, 150.0 ],
          "id" : 4268353520,
          "idealDistance" : 1000.0,
          "idealRadius" : 8.0,
          "index" : "PAGM025",
          "maxEllipseRanging" : 1.003,
          "medEllipseRanging" : 1.002,
          "minEllipseRanging" : 1.001,
          "minRadius" : 1.1,
          "name" : "PAGM025_8in55_Triple_Mk16",
          "numBarrels" : 3,
          "onMoveTarPosCoeffDelim" : 1.001,
          "onMoveTarPosCoeffMaxDist" : 1.002,
          "onMoveTarPosCoeffZero" : 1.0,
          "onMoveTarPosDelim" : 0.1,
          "position" : [ 1.0, 1.0 ],
          "radiusOnDelim" : 0.5,
          "radiusOnMax" : 0.6,
          "radiusOnZero" : 0.2,
          "reduceTime" : 0.1,
          "rotationSpeed" : [ 6.0, 8.2 ],
          "shotDelay" : 5.5,
          "smokePenalty" : 1.0E-4,
          "typeinfo" : {
            "nation" : "USA",
            "species" : "Main",
            "type" : "Gun"
          },
          "vertSector" : [ -2.0, 41.0 ]
        }, {
          "ammoList" : [ "PAPA002_Shell_203mm_HE_HC_Mk_25", "PAPA012_Shell_203mm_AP_AP_Mk_21" ],
          "barrelDiameter" : 0.203,
          "coeffPerSecondMin" : 0.3,
          "deadZone" : [ ],
          "delim" : 0.5,
          "ellipseRangeMax" : 250.0,
          "ellipseRangeMin" : 50.0,
          "horizSector" : [ 210.0, 150.0 ],
          "id" : 4268353520,
          "idealDistance" : 1000.0,
          "idealRadius" : 8.0,
          "index" : "PAGM025",
          "maxEllipseRanging" : 1.003,
          "medEllipseRanging" : 1.002,
          "minEllipseRanging" : 1.001,
          "minRadius" : 1.1,
          "name" : "PAGM025_8in55_Triple_Mk16",
          "numBarrels" : 3,
          "onMoveTarPosCoeffDelim" : 1.001,
          "onMoveTarPosCoeffMaxDist" : 1.002,
          "onMoveTarPosCoeffZero" : 1.0,
          "onMoveTarPosDelim" : 0.1,
          "position" : [ 5.0, 1.0 ],
          "radiusOnDelim" : 0.5,
          "radiusOnMax" : 0.6,
          "radiusOnZero" : 0.2,
          "reduceTime" : 0.1,
          "rotationSpeed" : [ 6.0, 8.2 ],
          "shotDelay" : 5.5,
          "smokePenalty" : 1.0E-4,
          "typeinfo" : {
            "nation" : "USA",
            "species" : "Main",
            "type" : "Gun"
          },
          "vertSector" : [ -2.0, 41.0 ]
        } ],
        "turretTypes" : {
          "3" : [ 3, "PAGM025_8in55_Triple_Mk16" ]
        },
        "maxDist" : 15830.0,
        "minDistH" : 50.0,
        "minDistV" : 110.0,
        "normalDistribution" : true,
        "sigmaCount" : 2.05,
        "taperDist" : 4000.0,
        "GMIdealRadius" : 1.0,
        "barrelDiameter" : 0.203
      }
    },
    "atba" : {
      "ATBADefault" : {
        "auraFar" : [ {
          "areaDamage" : 30.0,
          "areaDamageFrequency" : 0.285714285714,
          "bubbleDuration" : 3.0,
          "enableBarrage" : true,
          "enableCrewSelectedTargetCoeff" : true,
          "explosionCount" : 2.0,
          "guns" : [ "HP_AGS_1", "HP_AGS_2", "HP_AGS_3", "HP_AGS_4", "HP_AGS_5", "HP_AGS_6" ],
          "halfOuterBubbleZone" : 50.0,
          "hitChance" : 0.9,
          "innerBubbleCount" : 3.0,
          "innerBubbleSpawnTimeRange" : [ 2.65, 3.15 ],
          "innerBubbleZone" : 20.0,
          "joint" : true,
          "maxBubbleActivationDelay" : 0.4,
          "maxDistance" : 5800.0,
          "minBubbleActivationDelay" : 0.1,
          "minDistance" : 100.0,
          "outerBubbleSpawnTimeRange" : [ 2.45, 2.65 ],
          "shotDelay" : 5.0,
          "shotTravelTime" : 1.51,
          "type" : "far"
        }, {
          "areaDamageFrequency" : 0.285714285714,
          "bubbleDamage" : 240.0,
          "bubbleDuration" : 3.0,
          "bubbleRadius" : 2.75,
          "enableBarrage" : true,
          "enableCrewSelectedTargetCoeff" : true,
          "explosionCount" : 3.0,
          "guns" : [ "HP_AGS_1", "HP_AGS_2", "HP_AGS_3", "HP_AGS_4", "HP_AGS_5", "HP_AGS_6" ],
          "halfOuterBubbleZone" : 50.0,
          "hitChance" : 0.9,
          "innerBubbleCount" : 4.0,
          "innerBubbleSpawnTimeRange" : [ 2.65, 3.15 ],
          "innerBubbleZone" : 20.0,
          "joint" : true,
          "maxBubbleActivationDelay" : 0.4,
          "maxDistance" : 5800.0,
          "minBubbleActivationDelay" : 0.1,
          "minDistance" : 3500.0,
          "outerBubbleCount" : 1.0,
          "outerBubbleSpawnTimeRange" : [ 2.45, 2.65 ],
          "shotDelay" : 5.0,
          "shotTravelTime" : 1.51,
          "type" : "far"
        } ],
        "secondaries" : {
          "PAGS010_5in38_Mk32_Mod12" : {
            "ammoList" : [ "PAPA018_Main_127mm_HE_C_Mk_32" ],
            "antiAirAuraDistance" : 167.0,
            "antiAirAuraStrength" : 0.151,
            "barrelDiameter" : 0.127,
            "deadZone" : [ ],
            "delim" : 0.6,
            "horizSector" : [ -146.0, 146.0 ],
            "id" : 4283885552,
            "idealDistance" : 333.333,
            "idealRadius" : 20.0,
            "index" : "PAGS010",
            "minRadius" : 1.0,
            "name" : "PAGS010_5in38_Mk32_Mod12",
            "numBarrels" : 2,
            "radiusOnDelim" : 0.8,
            "radiusOnMax" : 1.0,
            "radiusOnZero" : 0.1,
            "rotationSpeed" : [ 60.0, 1.0 ],
            "shotDelay" : 6.0,
            "smallGun" : true,
            "smokePenalty" : 1.0E-4,
            "typeinfo" : {
              "nation" : "USA",
              "species" : "Secondary",
              "type" : "Gun"
            },
            "vertSector" : [ 358.0, 85.0 ],
            "GSIdealRadius" : 1.0,
            "count" : 6
          }
        },
        "maxDist" : 6000.0,
        "minDistH" : 50.0,
        "minDistV" : 110.0,
        "sigmaCount" : 1.0,
        "GSIdealRadius" : 1.0
      }
    },
    "hull" : {
      "HullDefault" : {
        "backwardPowerCoef" : 3.0,
        "buoyancy" : 200000.0,
        "burnNodes" : [ [ 0.5005, 0.3, 30.0 ], [ 0.5005, 0.3, 30.0 ], [ 0.5005, 0.3, 30.0 ], [ 0.5005, 0.3, 30.0 ] ],
        "burnProb" : 0.5005,
        "burnDamage" : 0.3,
        "burnTime" : 30.0,
        "burnSize" : 4.0,
        "deckHeight" : 7.0,
        "deepwaterVisibilityCoeff" : 0.1,
        "draft" : 7.9,
        "enginePower" : 120000.0,
        "floodNodes" : [ [ 0.31, 0.25, 40.0 ], [ 0.31, 0.25, 40.0 ] ],
        "floodProb" : 0.31,
        "floodProtection" : 7.0,
        "floodDamage" : 0.25,
        "floodTime" : 40.0,
        "floodSize" : 2.0,
        "health" : 50600.0,
        "mass" : 2.095E7,
        "maxRudderAngle" : 30.0,
        "maxSpeed" : 33.0,
        "pushingMaxRudderAngle" : 16.0,
        "pushingMinRudderAngle" : 1.0,
        "rollEffect" : 31.0,
        "rudderPower" : 6.2E7,
        "rudderTime" : 11.22,
        "sideDragCoef" : 500000.0,
        "size" : [ 218.4, 23.0, 30.0 ],
        "smokeScanRadius" : 27.0,
        "speedCoef" : 1.0,
        "tonnage" : 20950.0,
        "torpedoImpactMassImpulseCoeff" : 0.5,
        "turningRadius" : 770.0,
        "underwaterVisibilityCoeff" : 0.5,
        "visibilityCoefATBA" : 1.0E-6,
        "visibilityCoefATBAByPlane" : 1.0E-6,
        "visibilityCoefFire" : 2.0,
        "visibilityCoefFireByPlane" : 3.0,
        "visibilityCoefGK" : 1.0E-6,
        "visibilityCoefGKByPlane" : 4.06,
        "visibilityCoefGKInSmoke" : 8.18,
        "visibilityCoeff" : 23.0,
        "visibilityFactor" : 13.86,
        "visibilityFactorByPlane" : 7.9,
        "visibilityFactorInSmoke" : 1.0E-6,
        "burnSizeSkill" : 4
      }
    },
    "suo" : {
      "A1_FireControl" : {
        "maxDistCoef" : 1.0,
        "sigmaCountCoef" : 1.0
      }
    },
    "engine" : {
      "EngineDefault" : {
        "backwardEngineForsag" : 2.5,
        "backwardEngineForsagMaxSpeed" : 2.5,
        "backwardEngineUpTime" : 20.0,
        "backwardSpeedOnFlood" : -0.6,
        "damagedEnginePowerMultiplier" : -0.26,
        "damagedEnginePowerTimeMultiplier" : 5.5,
        "forwardEngineForsag" : 2.5,
        "forwardEngineForsagMaxSpeed" : 2.5,
        "forwardEngineUpTime" : 40.0,
        "forwardSpeedOnFlood" : -0.3,
        "histEnginePower" : 120000.0
      }
    }
  },
  "shipAbilities" : {
    "AbilitySlot0" : {
      "abils" : [ [ "PCY001_CrashCrew", "CV_CA_CL" ], [ "PCY009_CrashCrewPremium", "CV_CA_CL_Gold" ], [ "PCY023_CrashCrewSuper", "CV_CA_CL" ] ],
      "slot" : 0
    },
    "AbilitySlot1" : {
      "abils" : [ [ "PCY003_AirDefenseDisp", "US_Cruisers" ], [ "PCY011_AirDefenseDispPremium", "US_Cruisers_Gold" ], [ "PCY025_AirDefenseDispSuper", "US_Cruisers" ], [ "PCY008_SonarSearch", "C_8_10" ], [ "PCY016_SonarSearchPremium", "C_8_10" ], [ "PCY030_SonarSearchSuper", "C_8_10" ] ],
      "slot" : 1
    },
    "AbilitySlot2" : {
      "abils" : [ [ "PCY004_Fighter", "Fighter_4" ], [ "PCY012_FighterPremium", "Fighter_4" ], [ "PCY026_FighterSuper", "Fighter_4" ], [ "PCY005_Spotter", "Default" ], [ "PCY013_SpotterPremium", "Default" ], [ "PCY027_SpotterSuper", "Default" ], [ "PCY019_RLSSearch", "US_10" ], [ "PCY020_RLSSearchPremium", "US_10_PREMIUM" ], [ "PCY032_RLSSearchSuper", "US_10" ] ],
      "slot" : 2
    },
    "AbilitySlot3" : {
      "abils" : [ [ "PCY002_RegenCrew", "C" ], [ "PCY010_RegenCrewPremium", "C_Gold" ], [ "PCY024_RegenCrewSuper", "C" ] ],
      "slot" : 3
    },
    "AbilitySlot4" : {
      "abils" : [ ],
      "slot" : 4
    }
  },
  "shipUpgradeInfo" : {
    "components" : {
      "flightControl" : [ ],
      "artillery" : [ {
        "name" : "PAUA901_C10_ART_STOCK",
        "ucType" : "_Artillery",
        "position" : 1,
        "elem" : 1,
        "prevType" : "artillery",
        "prevPosition" : 0,
        "components" : {
          "artillery" : [ "ArtilleryDefault" ]
        },
        "ucTypeShort" : "artillery",
        "image" : "https://cdn.wowsft.com/images/modules/artillery.png"
      } ],
      "hull" : [ {
        "disabledAbilities" : [ ],
        "name" : "PAUH901_Des_Moines_1948",
        "ucType" : "_Hull",
        "position" : 1,
        "elem" : 2,
        "prevType" : "hull",
        "prevPosition" : 0,
        "components" : {
          "airArmament" : [ "AirArmamentDefault" ],
          "airDefense" : [ "AirDefenseDefault" ],
          "artillery" : [ "ArtilleryDefault" ],
          "atba" : [ "ATBADefault" ],
          "hull" : [ "HullDefault" ],
          "torpedoes" : [ ]
        },
        "ucTypeShort" : "hull",
        "image" : "https://cdn.wowsft.com/images/modules/hull.png"
      } ],
      "torpedoes" : [ ],
      "suo" : [ {
        "name" : "PAUS901_Suo",
        "ucType" : "_Suo",
        "position" : 1,
        "elem" : 4,
        "prevType" : "suo",
        "prevPosition" : 0,
        "components" : {
          "suo" : [ "A1_FireControl" ]
        },
        "ucTypeShort" : "suo",
        "image" : "https://cdn.wowsft.com/images/modules/suo.png"
      } ],
      "fighter" : [ ],
      "torpedoBomber" : [ ],
      "diveBomber" : [ ],
      "engine" : [ {
        "name" : "PAUE902_C10_ENG_STOCK",
        "ucType" : "_Engine",
        "position" : 1,
        "elem" : 8,
        "prevType" : "engine",
        "prevPosition" : 0,
        "components" : {
          "engine" : [ "EngineDefault" ]
        },
        "ucTypeShort" : "engine",
        "image" : "https://cdn.wowsft.com/images/modules/engine.png"
      } ]
    },
    "cols" : {
      "flightControl" : 0,
      "artillery" : 1,
      "hull" : 1,
      "torpedoes" : 0,
      "suo" : 1,
      "fighter" : 0,
      "torpedoBomber" : 0,
      "diveBomber" : 0,
      "engine" : 1
    },
    "maxRows" : 1,
    "costCR" : 19800000,
    "costXP" : 237500,
    "lockedConfig" : [ ],
    "value" : 1
  },
  "canEquipCamouflage" : true,
  "group" : "upgradeable",
  "id" : 4273911792,
  "index" : "PASC020",
  "level" : 10,
  "maxEquippedFlags" : 8,
  "name" : "PASC020_Des_Moines_1948",
  "navalFlag" : "usa",
  "needShowProjectYear" : true,
  "peculiarity" : "default",
  "steerAngle" : [ 0.2, 0.7, 1.0 ],
  "typeinfo" : {
    "nation" : "USA",
    "species" : "Cruiser",
    "type" : "Ship"
  },
  "realShipType" : "Cruiser",
  "realShipTypeId" : "CRUISER",
  "research" : true,
  "prevShipIndex" : "PASC109",
  "prevShipName" : "PASC109_Buffalo",
  "prevShipXP" : 165000,
  "prevShipCompXP" : 40500,
  "typeImage" : "https://cdn.wowsft.com/images/vehicles/ship_classes/icon_cruiser_standard.png",
  "imageSmall" : "https://cdn.wowsft.com/images/vehicles/ship_previews/PASC020.png"
}