{
    "components" : {
        "airArmament" : {
            "AB_AirArmament" : {
                "auraCoeff" : 1.0,
                "deckPlaceCount" : 0,
                "independentLaunchpad" : false,
                "launchPrepareTime" : 0.0,
                "launchpadType" : "catapult",
                "planesReserveCapacity" : 0
            }
        },
        "airDefense" : {
            "A_AirDefense" : {
                "aaJoint" : {
                    "auraFar" : [ ],
                    "auraMedium" : [
                        {
                            "areaDamage" : 67.0,
                            "areaDamagePeriod" : 0.285714285714,
                            "bubbleDuration" : 4.75,
                            "bubbleRadius" : 1.0,
                            "enableBarrage" : true,
                            "explosionCount" : 15.0,
                            "guns" : [
                                "HP_AGA_10",
                                "HP_AGA_11",
                                "HP_AGA_12",
                                "HP_AGA_21",
                                "HP_AGA_22",
                                "HP_AGA_23",
                                "HP_AGA_24",
                                "HP_AGA_27",
                                "HP_AGA_28",
                                "HP_AGA_35",
                                "HP_AGA_36",
                                "HP_AGA_9"
                            ],
                            "halfOuterBubbleZone" : 60.0,
                            "hitChance" : 0.9,
                            "innerBubbleSpawnTimeRange" : [
                                3.3,
                                3.8
                            ],
                            "innerBubbleZone" : 20.0,
                            "joint" : true,
                            "maxBubbleActivationDelay" : 0.5,
                            "maxDistance" : 3500.0,
                            "minBubbleActivationDelay" : 0.2,
                            "minDistance" : 100.0,
                            "outerBubbleSpawnTimeRange" : [
                                2.5,
                                3.0
                            ],
                            "shotDelay" : 0.5,
                            "shotTravelTime" : 1.5,
                            "type" : "medium"
                        }
                    ],
                    "auraNear" : [
                        {
                            "areaDamage" : 39.0,
                            "areaDamagePeriod" : 0.285714285714,
                            "bubbleDuration" : 4.75,
                            "bubbleRadius" : 1.0,
                            "enableBarrage" : true,
                            "explosionCount" : 15.0,
                            "guns" : [
                                "HP_AGA_1",
                                "HP_AGA_19",
                                "HP_AGA_2",
                                "HP_AGA_20",
                                "HP_AGA_25",
                                "HP_AGA_26",
                                "HP_AGA_29",
                                "HP_AGA_3",
                                "HP_AGA_30",
                                "HP_AGA_31",
                                "HP_AGA_32",
                                "HP_AGA_33",
                                "HP_AGA_34",
                                "HP_AGA_4",
                                "HP_AGA_5",
                                "HP_AGA_6",
                                "HP_AGA_7",
                                "HP_AGA_8"
                            ],
                            "halfOuterBubbleZone" : 60.0,
                            "hitChance" : 0.85,
                            "innerBubbleSpawnTimeRange" : [
                                3.3,
                                3.8
                            ],
                            "innerBubbleZone" : 20.0,
                            "joint" : true,
                            "maxBubbleActivationDelay" : 0.5,
                            "maxDistance" : 2000.0,
                            "minBubbleActivationDelay" : 0.2,
                            "minDistance" : 100.0,
                            "outerBubbleSpawnTimeRange" : [
                                2.5,
                                3.0
                            ],
                            "shotDelay" : 0.1,
                            "shotTravelTime" : 1.0,
                            "type" : "near"
                        }
                    ]
                },
                "ownerlessTracesScatterCoefficient" : 1.0,
                "sectors" : [
                    [
                        0.0,
                        180.0
                    ],
                    [
                        180.0,
                        0.0
                    ]
                ],
                "prioritySectorPhases" : [
                    [
                        5.0,
                        "linear",
                        0.035,
                        1.0,
                        1.5
                    ],
                    [
                        5.0,
                        "linear",
                        0.0,
                        1.5,
                        1.5
                    ]
                ],
                "prioritySectorPreparation" : 10.0,
                "prioritySectorDuration" : 10.0,
                "prioritySectorDamageInitial" : 0.035,
                "prioritySectorCoefficientInitial" : 1.0,
                "prioritySectorCoefficientDuring" : 1.5
            },
            "B_AirDefense" : {
                "aaJoint" : {
                    "auraFar" : [ ],
                    "auraMedium" : [
                        {
                            "areaDamage" : 92.0,
                            "areaDamagePeriod" : 0.285714285714,
                            "bubbleDuration" : 4.75,
                            "bubbleRadius" : 1.0,
                            "enableBarrage" : true,
                            "explosionCount" : 15.0,
                            "guns" : [
                                "HP_AGA_10",
                                "HP_AGA_11",
                                "HP_AGA_12",
                                "HP_AGA_21",
                                "HP_AGA_22",
                                "HP_AGA_23",
                                "HP_AGA_24",
                                "HP_AGA_27",
                                "HP_AGA_28",
                                "HP_AGA_35",
                                "HP_AGA_36",
                                "HP_AGA_9"
                            ],
                            "halfOuterBubbleZone" : 60.0,
                            "hitChance" : 0.9,
                            "innerBubbleSpawnTimeRange" : [
                                3.3,
                                3.8
                            ],
                            "innerBubbleZone" : 20.0,
                            "joint" : true,
                            "maxBubbleActivationDelay" : 0.5,
                            "maxDistance" : 3500.0,
                            "minBubbleActivationDelay" : 0.2,
                            "minDistance" : 100.0,
                            "outerBubbleSpawnTimeRange" : [
                                2.5,
                                3.0
                            ],
                            "shotDelay" : 0.5,
                            "shotTravelTime" : 1.5,
                            "type" : "medium"
                        }
                    ],
                    "auraNear" : [
                        {
                            "areaDamage" : 50.0,
                            "areaDamagePeriod" : 0.285714285714,
                            "bubbleDuration" : 4.75,
                            "bubbleRadius" : 1.0,
                            "enableBarrage" : true,
                            "explosionCount" : 15.0,
                            "guns" : [
                                "HP_AGA_1",
                                "HP_AGA_13",
                                "HP_AGA_14",
                                "HP_AGA_15",
                                "HP_AGA_16",
                                "HP_AGA_17",
                                "HP_AGA_18",
                                "HP_AGA_19",
                                "HP_AGA_2",
                                "HP_AGA_20",
                                "HP_AGA_25",
                                "HP_AGA_26",
                                "HP_AGA_29",
                                "HP_AGA_3",
                                "HP_AGA_30",
                                "HP_AGA_31",
                                "HP_AGA_32",
                                "HP_AGA_33",
                                "HP_AGA_34",
                                "HP_AGA_4",
                                "HP_AGA_5",
                                "HP_AGA_6",
                                "HP_AGA_7",
                                "HP_AGA_8"
                            ],
                            "halfOuterBubbleZone" : 60.0,
                            "hitChance" : 0.85,
                            "innerBubbleSpawnTimeRange" : [
                                3.3,
                                3.8
                            ],
                            "innerBubbleZone" : 20.0,
                            "joint" : true,
                            "maxBubbleActivationDelay" : 0.5,
                            "maxDistance" : 2000.0,
                            "minBubbleActivationDelay" : 0.2,
                            "minDistance" : 100.0,
                            "outerBubbleSpawnTimeRange" : [
                                2.5,
                                3.0
                            ],
                            "shotDelay" : 0.1,
                            "shotTravelTime" : 1.0,
                            "type" : "near"
                        }
                    ]
                },
                "ownerlessTracesScatterCoefficient" : 1.0,
                "sectors" : [
                    [
                        0.0,
                        180.0
                    ],
                    [
                        180.0,
                        0.0
                    ]
                ],
                "prioritySectorPhases" : [
                    [
                        5.0,
                        "linear",
                        0.035,
                        1.0,
                        1.5
                    ],
                    [
                        5.0,
                        "linear",
                        0.0,
                        1.5,
                        1.5
                    ]
                ],
                "prioritySectorPreparation" : 10.0,
                "prioritySectorDuration" : 10.0,
                "prioritySectorDamageInitial" : 0.035,
                "prioritySectorCoefficientInitial" : 1.0,
                "prioritySectorCoefficientDuring" : 1.5
            }
        },
        "airSupport" : {
            "AB_AirSupport" : {
                "chargesNum" : 2,
                "climbAngle" : 30,
                "flyAwayTime" : 5.0,
                "maxDist" : 5000,
                "maxPlaneFlightDist" : 4550,
                "minDist" : 500,
                "planeName" : "PAAD903_ASW_T8_ALT",
                "reloadTime" : 90.0,
                "timeBetweenShots" : 2.0,
                "timeFromHeaven" : 2.0
            }
        },
        "artillery" : {
            "A_Artillery" : {
                "aaJoint" : {
                    "auraFar" : [
                        {
                            "areaDamage" : 31.0,
                            "areaDamagePeriod" : 0.285714285714,
                            "bubbleDuration" : 3.0,
                            "enableBarrage" : true,
                            "guns" : [
                                "HP_AGM_1",
                                "HP_AGM_2",
                                "HP_AGM_3",
                                "HP_AGM_4"
                            ],
                            "halfOuterBubbleZone" : 50.0,
                            "hitChance" : 0.9,
                            "innerBubbleSpawnTimeRange" : [
                                2.65,
                                3.15
                            ],
                            "innerBubbleZone" : 20.0,
                            "joint" : true,
                            "maxBubbleActivationDelay" : 0.4,
                            "maxDistance" : 6900.0,
                            "minBubbleActivationDelay" : 0.1,
                            "minDistance" : 100.0,
                            "outerBubbleSpawnTimeRange" : [
                                2.45,
                                2.65
                            ],
                            "shotDelay" : 5.0,
                            "shotTravelTime" : 1.79,
                            "type" : "far"
                        },
                        {
                            "areaDamagePeriod" : 0.285714285714,
                            "bubbleDamage" : 260.0,
                            "bubbleDuration" : 3.0,
                            "bubbleRadius" : 2.658,
                            "enableBarrage" : true,
                            "explosionCount" : 2.0,
                            "guns" : [
                                "HP_AGM_1",
                                "HP_AGM_2",
                                "HP_AGM_3",
                                "HP_AGM_4"
                            ],
                            "halfOuterBubbleZone" : 50.0,
                            "hitChance" : 0.9,
                            "innerBubbleCount" : 4,
                            "innerBubbleSpawnTimeRange" : [
                                2.65,
                                3.15
                            ],
                            "innerBubbleZone" : 20.0,
                            "joint" : true,
                            "maxBubbleActivationDelay" : 0.4,
                            "maxDistance" : 6900.0,
                            "minBubbleActivationDelay" : 0.1,
                            "minDistance" : 3500.0,
                            "outerBubbleCount" : 1.0,
                            "outerBubbleSpawnTimeRange" : [
                                2.45,
                                2.65
                            ],
                            "shotDelay" : 5.0,
                            "shotTravelTime" : 1.79,
                            "type" : "far"
                        }
                    ],
                    "auraMedium" : [ ],
                    "auraNear" : [ ]
                },
                "turrets" : [
                    {
                        "ammoList" : [
                            "PAPA051_152mm_HE_HC_Mark_39_Mod_0",
                            "PAPA019_Shell_152mm_AP_AP_Mk_35"
                        ],
                        "antiAirAuraDistance" : 200.0,
                        "antiAirAuraStrength" : 0.225,
                        "barrelDiameter" : 0.152,
                        "coeffPerSecondMin" : 0.3,
                        "deadZone" : [ ],
                        "delim" : 0.5,
                        "ellipseRangeMax" : 250.0,
                        "ellipseRangeMin" : 50.0,
                        "horizSector" : [
                            -145.0,
                            145.0
                        ],
                        "id" : 4106872816,
                        "idealDistance" : 1000.0,
                        "idealRadius" : 8.0,
                        "index" : "PAGM179",
                        "maxEllipseRanging" : 1.003,
                        "medEllipseRanging" : 1.002,
                        "minEllipseRanging" : 1.001,
                        "minRadius" : 1.1,
                        "name" : "PAGM179_6in47_Triple",
                        "numBarrels" : 3,
                        "onMoveTarPosCoeffDelim" : 1.001,
                        "onMoveTarPosCoeffMaxDist" : 1.002,
                        "onMoveTarPosCoeffZero" : 1.0,
                        "onMoveTarPosDelim" : 0.1,
                        "position" : [
                            1.0,
                            1.0
                        ],
                        "radiusOnDelim" : 0.5,
                        "radiusOnMax" : 0.6,
                        "radiusOnZero" : 0.2,
                        "reduceTime" : 0.1,
                        "rotationSpeed" : [
                            8.0,
                            11.0
                        ],
                        "shotDelay" : 6.5,
                        "smokePenalty" : 1.0E-4,
                        "typeinfo" : {
                            "nation" : "USA",
                            "species" : "Main",
                            "type" : "Gun"
                        },
                        "vertSector" : [
                            -2.0,
                            60.0
                        ]
                    },
                    {
                        "ammoList" : [
                            "PAPA051_152mm_HE_HC_Mark_39_Mod_0",
                            "PAPA019_Shell_152mm_AP_AP_Mk_35"
                        ],
                        "antiAirAuraDistance" : 200.0,
                        "antiAirAuraStrength" : 0.225,
                        "barrelDiameter" : 0.152,
                        "coeffPerSecondMin" : 0.3,
                        "deadZone" : [ ],
                        "delim" : 0.5,
                        "ellipseRangeMax" : 250.0,
                        "ellipseRangeMin" : 50.0,
                        "horizSector" : [
                            -132.0,
                            132.0
                        ],
                        "id" : 4106872816,
                        "idealDistance" : 1000.0,
                        "idealRadius" : 8.0,
                        "index" : "PAGM179",
                        "maxEllipseRanging" : 1.003,
                        "medEllipseRanging" : 1.002,
                        "minEllipseRanging" : 1.001,
                        "minRadius" : 1.1,
                        "name" : "PAGM179_6in47_Triple",
                        "numBarrels" : 3,
                        "onMoveTarPosCoeffDelim" : 1.001,
                        "onMoveTarPosCoeffMaxDist" : 1.002,
                        "onMoveTarPosCoeffZero" : 1.0,
                        "onMoveTarPosDelim" : 0.1,
                        "position" : [
                            2.0,
                            1.0
                        ],
                        "radiusOnDelim" : 0.5,
                        "radiusOnMax" : 0.6,
                        "radiusOnZero" : 0.2,
                        "reduceTime" : 0.1,
                        "rotationSpeed" : [
                            8.0,
                            11.0
                        ],
                        "shotDelay" : 6.5,
                        "smokePenalty" : 1.0E-4,
                        "typeinfo" : {
                            "nation" : "USA",
                            "species" : "Main",
                            "type" : "Gun"
                        },
                        "vertSector" : [
                            -2.0,
                            60.0
                        ]
                    },
                    {
                        "ammoList" : [
                            "PAPA051_152mm_HE_HC_Mark_39_Mod_0",
                            "PAPA019_Shell_152mm_AP_AP_Mk_35"
                        ],
                        "antiAirAuraDistance" : 200.0,
                        "antiAirAuraStrength" : 0.225,
                        "barrelDiameter" : 0.152,
                        "coeffPerSecondMin" : 0.3,
                        "deadZone" : [ ],
                        "delim" : 0.5,
                        "ellipseRangeMax" : 250.0,
                        "ellipseRangeMin" : 50.0,
                        "horizSector" : [
                            -145.0,
                            145.0
                        ],
                        "id" : 4106872816,
                        "idealDistance" : 1000.0,
                        "idealRadius" : 8.0,
                        "index" : "PAGM179",
                        "maxEllipseRanging" : 1.003,
                        "medEllipseRanging" : 1.002,
                        "minEllipseRanging" : 1.001,
                        "minRadius" : 1.1,
                        "name" : "PAGM179_6in47_Triple",
                        "numBarrels" : 3,
                        "onMoveTarPosCoeffDelim" : 1.001,
                        "onMoveTarPosCoeffMaxDist" : 1.002,
                        "onMoveTarPosCoeffZero" : 1.0,
                        "onMoveTarPosDelim" : 0.1,
                        "position" : [
                            4.0,
                            1.0
                        ],
                        "radiusOnDelim" : 0.5,
                        "radiusOnMax" : 0.6,
                        "radiusOnZero" : 0.2,
                        "reduceTime" : 0.1,
                        "rotationSpeed" : [
                            8.0,
                            11.0
                        ],
                        "shotDelay" : 6.5,
                        "smokePenalty" : 1.0E-4,
                        "typeinfo" : {
                            "nation" : "USA",
                            "species" : "Main",
                            "type" : "Gun"
                        },
                        "vertSector" : [
                            -2.0,
                            60.0
                        ]
                    },
                    {
                        "ammoList" : [
                            "PAPA051_152mm_HE_HC_Mark_39_Mod_0",
                            "PAPA019_Shell_152mm_AP_AP_Mk_35"
                        ],
                        "antiAirAuraDistance" : 200.0,
                        "antiAirAuraStrength" : 0.225,
                        "barrelDiameter" : 0.152,
                        "coeffPerSecondMin" : 0.3,
                        "deadZone" : [ ],
                        "delim" : 0.5,
                        "ellipseRangeMax" : 250.0,
                        "ellipseRangeMin" : 50.0,
                        "horizSector" : [
                            -145.0,
                            145.0
                        ],
                        "id" : 4106872816,
                        "idealDistance" : 1000.0,
                        "idealRadius" : 8.0,
                        "index" : "PAGM179",
                        "maxEllipseRanging" : 1.003,
                        "medEllipseRanging" : 1.002,
                        "minEllipseRanging" : 1.001,
                        "minRadius" : 1.1,
                        "name" : "PAGM179_6in47_Triple",
                        "numBarrels" : 3,
                        "onMoveTarPosCoeffDelim" : 1.001,
                        "onMoveTarPosCoeffMaxDist" : 1.002,
                        "onMoveTarPosCoeffZero" : 1.0,
                        "onMoveTarPosDelim" : 0.1,
                        "position" : [
                            5.0,
                            1.0
                        ],
                        "radiusOnDelim" : 0.5,
                        "radiusOnMax" : 0.6,
                        "radiusOnZero" : 0.2,
                        "reduceTime" : 0.1,
                        "rotationSpeed" : [
                            8.0,
                            11.0
                        ],
                        "shotDelay" : 6.5,
                        "smokePenalty" : 1.0E-4,
                        "typeinfo" : {
                            "nation" : "USA",
                            "species" : "Main",
                            "type" : "Gun"
                        },
                        "vertSector" : [
                            -2.0,
                            60.0
                        ]
                    }
                ],
                "turretTypes" : {
                    "3" : [
                        4,
                        "PAGM179_6in47_Triple"
                    ]
                },
                "maxDist" : 14280.0,
                "minDistH" : 50.0,
                "minDistV" : 110.0,
                "normalDistribution" : true,
                "sigmaCount" : 2.05,
                "taperDist" : 4000.0,
                "GMIdealRadius" : 1.0,
                "barrelDiameter" : 0.152,
                "numBarrels" : 12
            },
            "B_Artillery" : {
                "aaJoint" : {
                    "auraFar" : [
                        {
                            "areaDamage" : 30.0,
                            "areaDamagePeriod" : 0.285714285714,
                            "bubbleDuration" : 3.0,
                            "enableBarrage" : true,
                            "guns" : [
                                "HP_AGM_1",
                                "HP_AGM_2",
                                "HP_AGM_3",
                                "HP_AGM_4"
                            ],
                            "halfOuterBubbleZone" : 50.0,
                            "hitChance" : 0.9,
                            "innerBubbleSpawnTimeRange" : [
                                2.65,
                                3.15
                            ],
                            "innerBubbleZone" : 20.0,
                            "joint" : true,
                            "maxBubbleActivationDelay" : 0.4,
                            "maxDistance" : 6900.0,
                            "minBubbleActivationDelay" : 0.1,
                            "minDistance" : 100.0,
                            "outerBubbleSpawnTimeRange" : [
                                2.45,
                                2.65
                            ],
                            "shotDelay" : 5.0,
                            "shotTravelTime" : 1.79,
                            "type" : "far"
                        },
                        {
                            "areaDamagePeriod" : 0.285714285714,
                            "bubbleDamage" : 260.0,
                            "bubbleDuration" : 3.0,
                            "bubbleRadius" : 2.658,
                            "enableBarrage" : true,
                            "explosionCount" : 2.0,
                            "guns" : [
                                "HP_AGM_1",
                                "HP_AGM_2",
                                "HP_AGM_3",
                                "HP_AGM_4"
                            ],
                            "halfOuterBubbleZone" : 50.0,
                            "hitChance" : 0.9,
                            "innerBubbleCount" : 4,
                            "innerBubbleSpawnTimeRange" : [
                                2.65,
                                3.15
                            ],
                            "innerBubbleZone" : 20.0,
                            "joint" : true,
                            "maxBubbleActivationDelay" : 0.4,
                            "maxDistance" : 6900.0,
                            "minBubbleActivationDelay" : 0.1,
                            "minDistance" : 3500.0,
                            "outerBubbleCount" : 1.0,
                            "outerBubbleSpawnTimeRange" : [
                                2.45,
                                2.65
                            ],
                            "shotDelay" : 5.0,
                            "shotTravelTime" : 1.79,
                            "type" : "far"
                        }
                    ],
                    "auraMedium" : [ ],
                    "auraNear" : [ ]
                },
                "turrets" : [
                    {
                        "ammoList" : [
                            "PAPA051_152mm_HE_HC_Mark_39_Mod_0",
                            "PAPA019_Shell_152mm_AP_AP_Mk_35"
                        ],
                        "antiAirAuraDistance" : 200.0,
                        "antiAirAuraStrength" : 0.225,
                        "barrelDiameter" : 0.152,
                        "coeffPerSecondMin" : 0.3,
                        "deadZone" : [ ],
                        "delim" : 0.5,
                        "ellipseRangeMax" : 250.0,
                        "ellipseRangeMin" : 50.0,
                        "horizSector" : [
                            -130.0,
                            130.0
                        ],
                        "id" : 4106872816,
                        "idealDistance" : 1000.0,
                        "idealRadius" : 8.0,
                        "index" : "PAGM179",
                        "maxEllipseRanging" : 1.003,
                        "medEllipseRanging" : 1.002,
                        "minEllipseRanging" : 1.001,
                        "minRadius" : 1.1,
                        "name" : "PAGM179_6in47_Triple",
                        "numBarrels" : 3,
                        "onMoveTarPosCoeffDelim" : 1.001,
                        "onMoveTarPosCoeffMaxDist" : 1.002,
                        "onMoveTarPosCoeffZero" : 1.0,
                        "onMoveTarPosDelim" : 0.1,
                        "position" : [
                            1.0,
                            1.0
                        ],
                        "radiusOnDelim" : 0.5,
                        "radiusOnMax" : 0.6,
                        "radiusOnZero" : 0.2,
                        "reduceTime" : 0.1,
                        "rotationSpeed" : [
                            8.0,
                            11.0
                        ],
                        "shotDelay" : 6.5,
                        "smokePenalty" : 1.0E-4,
                        "typeinfo" : {
                            "nation" : "USA",
                            "species" : "Main",
                            "type" : "Gun"
                        },
                        "vertSector" : [
                            -2.0,
                            60.0
                        ]
                    },
                    {
                        "ammoList" : [
                            "PAPA051_152mm_HE_HC_Mark_39_Mod_0",
                            "PAPA019_Shell_152mm_AP_AP_Mk_35"
                        ],
                        "antiAirAuraDistance" : 200.0,
                        "antiAirAuraStrength" : 0.225,
                        "barrelDiameter" : 0.152,
                        "coeffPerSecondMin" : 0.3,
                        "deadZone" : [ ],
                        "delim" : 0.5,
                        "ellipseRangeMax" : 250.0,
                        "ellipseRangeMin" : 50.0,
                        "horizSector" : [
                            -130.0,
                            130.0
                        ],
                        "id" : 4106872816,
                        "idealDistance" : 1000.0,
                        "idealRadius" : 8.0,
                        "index" : "PAGM179",
                        "maxEllipseRanging" : 1.003,
                        "medEllipseRanging" : 1.002,
                        "minEllipseRanging" : 1.001,
                        "minRadius" : 1.1,
                        "name" : "PAGM179_6in47_Triple",
                        "numBarrels" : 3,
                        "onMoveTarPosCoeffDelim" : 1.001,
                        "onMoveTarPosCoeffMaxDist" : 1.002,
                        "onMoveTarPosCoeffZero" : 1.0,
                        "onMoveTarPosDelim" : 0.1,
                        "position" : [
                            2.0,
                            1.0
                        ],
                        "radiusOnDelim" : 0.5,
                        "radiusOnMax" : 0.6,
                        "radiusOnZero" : 0.2,
                        "reduceTime" : 0.1,
                        "rotationSpeed" : [
                            8.0,
                            11.0
                        ],
                        "shotDelay" : 6.5,
                        "smokePenalty" : 1.0E-4,
                        "typeinfo" : {
                            "nation" : "USA",
                            "species" : "Main",
                            "type" : "Gun"
                        },
                        "vertSector" : [
                            -2.0,
                            60.0
                        ]
                    },
                    {
                        "ammoList" : [
                            "PAPA051_152mm_HE_HC_Mark_39_Mod_0",
                            "PAPA019_Shell_152mm_AP_AP_Mk_35"
                        ],
                        "antiAirAuraDistance" : 200.0,
                        "antiAirAuraStrength" : 0.225,
                        "barrelDiameter" : 0.152,
                        "coeffPerSecondMin" : 0.3,
                        "deadZone" : [ ],
                        "delim" : 0.5,
                        "ellipseRangeMax" : 250.0,
                        "ellipseRangeMin" : 50.0,
                        "horizSector" : [
                            -140.0,
                            140.0
                        ],
                        "id" : 4106872816,
                        "idealDistance" : 1000.0,
                        "idealRadius" : 8.0,
                        "index" : "PAGM179",
                        "maxEllipseRanging" : 1.003,
                        "medEllipseRanging" : 1.002,
                        "minEllipseRanging" : 1.001,
                        "minRadius" : 1.1,
                        "name" : "PAGM179_6in47_Triple",
                        "numBarrels" : 3,
                        "onMoveTarPosCoeffDelim" : 1.001,
                        "onMoveTarPosCoeffMaxDist" : 1.002,
                        "onMoveTarPosCoeffZero" : 1.0,
                        "onMoveTarPosDelim" : 0.1,
                        "position" : [
                            4.0,
                            1.0
                        ],
                        "radiusOnDelim" : 0.5,
                        "radiusOnMax" : 0.6,
                        "radiusOnZero" : 0.2,
                        "reduceTime" : 0.1,
                        "rotationSpeed" : [
                            8.0,
                            11.0
                        ],
                        "shotDelay" : 6.5,
                        "smokePenalty" : 1.0E-4,
                        "typeinfo" : {
                            "nation" : "USA",
                            "species" : "Main",
                            "type" : "Gun"
                        },
                        "vertSector" : [
                            -2.0,
                            60.0
                        ]
                    },
                    {
                        "ammoList" : [
                            "PAPA051_152mm_HE_HC_Mark_39_Mod_0",
                            "PAPA019_Shell_152mm_AP_AP_Mk_35"
                        ],
                        "antiAirAuraDistance" : 200.0,
                        "antiAirAuraStrength" : 0.225,
                        "barrelDiameter" : 0.152,
                        "coeffPerSecondMin" : 0.3,
                        "deadZone" : [ ],
                        "delim" : 0.5,
                        "ellipseRangeMax" : 250.0,
                        "ellipseRangeMin" : 50.0,
                        "horizSector" : [
                            -140.0,
                            140.0
                        ],
                        "id" : 4106872816,
                        "idealDistance" : 1000.0,
                        "idealRadius" : 8.0,
                        "index" : "PAGM179",
                        "maxEllipseRanging" : 1.003,
                        "medEllipseRanging" : 1.002,
                        "minEllipseRanging" : 1.001,
                        "minRadius" : 1.1,
                        "name" : "PAGM179_6in47_Triple",
                        "numBarrels" : 3,
                        "onMoveTarPosCoeffDelim" : 1.001,
                        "onMoveTarPosCoeffMaxDist" : 1.002,
                        "onMoveTarPosCoeffZero" : 1.0,
                        "onMoveTarPosDelim" : 0.1,
                        "position" : [
                            5.0,
                            1.0
                        ],
                        "radiusOnDelim" : 0.5,
                        "radiusOnMax" : 0.6,
                        "radiusOnZero" : 0.2,
                        "reduceTime" : 0.1,
                        "rotationSpeed" : [
                            8.0,
                            11.0
                        ],
                        "shotDelay" : 6.5,
                        "smokePenalty" : 1.0E-4,
                        "typeinfo" : {
                            "nation" : "USA",
                            "species" : "Main",
                            "type" : "Gun"
                        },
                        "vertSector" : [
                            -2.0,
                            60.0
                        ]
                    }
                ],
                "turretTypes" : {
                    "3" : [
                        4,
                        "PAGM179_6in47_Triple"
                    ]
                },
                "maxDist" : 14280.0,
                "minDistH" : 50.0,
                "minDistV" : 110.0,
                "normalDistribution" : true,
                "sigmaCount" : 2.05,
                "taperDist" : 4000.0,
                "GMIdealRadius" : 1.0,
                "barrelDiameter" : 0.152,
                "numBarrels" : 12
            }
        },
        "hull" : {
            "A_Hull" : {
                "backwardPowerCoef" : 3.0,
                "buoyancy" : 200000.0,
                "buoyancyRudderTime" : 1.0,
                "burnNodes" : [
                    [
                        0.6004,
                        0.3,
                        30.0
                    ],
                    [
                        0.6004,
                        0.3,
                        30.0
                    ],
                    [
                        0.6004,
                        0.3,
                        30.0
                    ],
                    [
                        0.6004,
                        0.3,
                        30.0
                    ]
                ],
                "burnProb" : 0.6004,
                "burnDamage" : 0.3,
                "burnTime" : 30.0,
                "burnSize" : 4,
                "deckHeight" : 6.0,
                "draft" : 7.1,
                "enginePower" : 125000.0,
                "floodNodes" : [
                    [
                        0.32,
                        0.25,
                        40.0
                    ],
                    [
                        0.32,
                        0.25,
                        40.0
                    ]
                ],
                "floodProb" : 0.32,
                "floodProtection" : 4.0,
                "floodDamage" : 0.25,
                "floodTime" : 40.0,
                "floodSize" : 2,
                "health" : 41800.0,
                "mass" : 1.7675E7,
                "maxRudderAngle" : 30.0,
                "maxSpeed" : 33.0,
                "pushingMaxRudderAngle" : 16.0,
                "pushingMinRudderAngle" : 1.0,
                "rollEffect" : 32.0,
                "rudderPower" : 5.7E7,
                "rudderTime" : 15.78,
                "sideDragCoef" : 450000.0,
                "size" : [
                    202.13,
                    20.88,
                    25.0
                ],
                "smokeScanRadius" : 27.0,
                "speedCoef" : 1.0,
                "tonnage" : 16539.0,
                "torpedoImpactMassImpulseCoeff" : 0.5,
                "turningRadius" : 750.0,
                "visibilityCoefATBA" : 1.0E-6,
                "visibilityCoefATBAByPlane" : 1.0E-6,
                "visibilityCoefFire" : 2.0,
                "visibilityCoefFireByPlane" : 3.0,
                "visibilityCoefGK" : 1.0E-6,
                "visibilityCoefGKByPlane" : 3.04,
                "visibilityCoefGKInSmoke" : 5.9,
                "visibilityCoeff" : 21.9,
                "visibilityFactor" : 12.24,
                "visibilityFactorByPlane" : 8.52,
                "visibilityFactorInSmoke" : 1.0E-6,
                "burnSizeSkill" : 4
            },
            "B_Hull" : {
                "backwardPowerCoef" : 3.0,
                "buoyancy" : 200000.0,
                "buoyancyRudderTime" : 1.0,
                "burnNodes" : [
                    [
                        0.5671,
                        0.3,
                        30.0
                    ],
                    [
                        0.5671,
                        0.3,
                        30.0
                    ],
                    [
                        0.5671,
                        0.3,
                        30.0
                    ],
                    [
                        0.5671,
                        0.3,
                        30.0
                    ]
                ],
                "burnProb" : 0.5671,
                "burnDamage" : 0.3,
                "burnTime" : 30.0,
                "burnSize" : 4,
                "deckHeight" : 6.0,
                "draft" : 7.1,
                "enginePower" : 125000.0,
                "floodNodes" : [
                    [
                        0.32,
                        0.25,
                        40.0
                    ],
                    [
                        0.32,
                        0.25,
                        40.0
                    ]
                ],
                "floodProb" : 0.32,
                "floodProtection" : 4.0,
                "floodDamage" : 0.25,
                "floodTime" : 40.0,
                "floodSize" : 2,
                "health" : 43600.0,
                "mass" : 1.7675E7,
                "maxRudderAngle" : 30.0,
                "maxSpeed" : 33.0,
                "pushingMaxRudderAngle" : 16.0,
                "pushingMinRudderAngle" : 1.0,
                "rollEffect" : 32.0,
                "rudderPower" : 5.7E7,
                "rudderTime" : 11.3,
                "sideDragCoef" : 450000.0,
                "size" : [
                    202.13,
                    20.88,
                    25.0
                ],
                "smokeScanRadius" : 27.0,
                "speedCoef" : 1.0,
                "tonnage" : 17675.0,
                "torpedoImpactMassImpulseCoeff" : 0.5,
                "turningRadius" : 750.0,
                "visibilityCoefATBA" : 1.0E-6,
                "visibilityCoefATBAByPlane" : 1.0E-6,
                "visibilityCoefFire" : 2.0,
                "visibilityCoefFireByPlane" : 3.0,
                "visibilityCoefGK" : 1.0E-6,
                "visibilityCoefGKByPlane" : 3.04,
                "visibilityCoefGKInSmoke" : 5.9,
                "visibilityCoeff" : 21.9,
                "visibilityFactor" : 12.24,
                "visibilityFactorByPlane" : 8.52,
                "visibilityFactorInSmoke" : 1.0E-6,
                "burnSizeSkill" : 4
            }
        },
        "suo" : {
            "AB1_FireControl" : {
                "maxDistCoef" : 1.0,
                "sigmaCountCoef" : 1.0
            },
            "AB2_FireControl" : {
                "maxDistCoef" : 1.1,
                "sigmaCountCoef" : 1.0
            }
        },
        "engine" : {
            "AB_Engine" : {
                "backwardEngineForsag" : 2.5,
                "backwardEngineForsagMaxSpeed" : 2.5,
                "backwardEngineUpTime" : 20.0,
                "backwardSpeedOnFlood" : -0.6,
                "damagedEnginePowerMultiplier" : -0.6,
                "damagedEnginePowerTimeMultiplier" : 5.5,
                "forwardEngineForsag" : 2.5,
                "forwardEngineForsagMaxSpeed" : 2.5,
                "forwardEngineUpTime" : 40.0,
                "forwardSpeedOnFlood" : -0.3,
                "histEnginePower" : 125000.0
            }
        }
    },
    "shipAbilities" : {
        "AbilitySlot0" : {
            "abils" : [
                [
                    "PCY009_CrashCrewPremium",
                    "CV_CA_CL_Gold"
                ]
            ],
            "slot" : 0
        },
        "AbilitySlot1" : {
            "abils" : [
                [
                    "PCY011_AirDefenseDispPremium",
                    "US_Cruisers_Gold"
                ]
            ],
            "slot" : 1
        },
        "AbilitySlot2" : {
            "abils" : [
                [
                    "PCY020_RLSSearchPremium",
                    "US_9_CL"
                ],
                [
                    "PCY012_FighterPremium",
                    "Fighter_4"
                ],
                [
                    "PCY013_SpotterPremium",
                    "Default"
                ]
            ],
            "slot" : 2
        },
        "AbilitySlot3" : {
            "abils" : [
                [
                    "PCY010_RegenCrewPremium",
                    "C_Gold"
                ]
            ],
            "slot" : 3
        },
        "AbilitySlot4" : {
            "abils" : [
                [
                    "PCY016_SonarSearchPremium",
                    "C_8_10"
                ]
            ],
            "slot" : 4
        }
    },
    "shipUpgradeInfo" : {
        "components" : {
            "flightControl" : [ ],
            "artillery" : [
                {
                    "name" : "PAUA803_CL9_ART_STOCK",
                    "ucType" : "_Artillery",
                    "ucTypeShort" : "artillery",
                    "position" : 1,
                    "elem" : 1,
                    "prevType" : "artillery",
                    "prevPosition" : 0,
                    "components" : {
                        "artillery" : [
                            "A_Artillery",
                            "B_Artillery"
                        ]
                    },
                    "image" : "https://cdn.wowsft.com/images/modules/icon_module_Artillery.png"
                }
            ],
            "hull" : [
                {
                    "name" : "PAUH803_SEATTLE_A",
                    "ucType" : "_Hull",
                    "ucTypeShort" : "hull",
                    "position" : 1,
                    "elem" : 2,
                    "prevType" : "hull",
                    "prevPosition" : 0,
                    "components" : {
                        "airArmament" : [
                            "AB_AirArmament"
                        ],
                        "airDefense" : [
                            "A_AirDefense"
                        ],
                        "airSupport" : [
                            "AB_AirSupport"
                        ],
                        "artillery" : [
                            "A_Artillery"
                        ],
                        "atba" : [ ],
                        "depthCharges" : [ ],
                        "hull" : [
                            "A_Hull"
                        ],
                        "pinger" : [ ],
                        "torpedoes" : [ ]
                    },
                    "image" : "https://cdn.wowsft.com/images/modules/icon_module_Hull.png"
                },
                {
                    "nextShips" : [
                        "PASC210_Worcester"
                    ],
                    "name" : "PAUH804_SEATTLE_B",
                    "prev" : "PAUH803_SEATTLE_A",
                    "ucType" : "_Hull",
                    "ucTypeShort" : "hull",
                    "position" : 2,
                    "elem" : 2,
                    "prevType" : "hull",
                    "prevPosition" : 1,
                    "prevElem" : 2,
                    "components" : {
                        "airArmament" : [
                            "AB_AirArmament"
                        ],
                        "airDefense" : [
                            "B_AirDefense"
                        ],
                        "airSupport" : [
                            "AB_AirSupport"
                        ],
                        "artillery" : [
                            "B_Artillery"
                        ],
                        "atba" : [ ],
                        "depthCharges" : [ ],
                        "hull" : [
                            "B_Hull"
                        ],
                        "pinger" : [ ],
                        "torpedoes" : [ ]
                    },
                    "image" : "https://cdn.wowsft.com/images/modules/icon_module_Hull.png"
                }
            ],
            "torpedoes" : [ ],
            "suo" : [
                {
                    "name" : "PAUS803_CL9_STOCK_SUO",
                    "ucType" : "_Suo",
                    "ucTypeShort" : "suo",
                    "position" : 1,
                    "elem" : 4,
                    "prevType" : "suo",
                    "prevPosition" : 0,
                    "components" : {
                        "suo" : [
                            "AB1_FireControl"
                        ]
                    },
                    "image" : "https://cdn.wowsft.com/images/modules/icon_module_Suo.png"
                },
                {
                    "name" : "PAUS804_CL9_TOP_SUO",
                    "prev" : "PAUS803_CL9_STOCK_SUO",
                    "ucType" : "_Suo",
                    "ucTypeShort" : "suo",
                    "position" : 2,
                    "elem" : 4,
                    "prevType" : "suo",
                    "prevPosition" : 1,
                    "prevElem" : 4,
                    "components" : {
                        "suo" : [
                            "AB2_FireControl"
                        ]
                    },
                    "image" : "https://cdn.wowsft.com/images/modules/icon_module_Suo.png"
                }
            ],
            "fighter" : [ ],
            "torpedoBomber" : [ ],
            "diveBomber" : [ ],
            "skipBomber" : [ ],
            "engine" : [
                {
                    "name" : "PAUE803_CL9_ENG_STOCK",
                    "ucType" : "_Engine",
                    "ucTypeShort" : "engine",
                    "position" : 1,
                    "elem" : 9,
                    "prevType" : "engine",
                    "prevPosition" : 0,
                    "components" : {
                        "engine" : [
                            "AB_Engine"
                        ]
                    },
                    "image" : "https://cdn.wowsft.com/images/modules/icon_module_Engine.png"
                }
            ]
        },
        "cols" : {
            "artillery" : 1,
            "hull" : 1,
            "torpedoes" : 0,
            "suo" : 1,
            "fighter" : 0,
            "torpedoBomber" : 0,
            "diveBomber" : 0,
            "skipBomber" : 0,
            "engine" : 1
        },
        "maxRows" : 2,
        "costCR" : 14100000,
        "costXP" : 169000,
        "value" : 1
    },
    "battleLevels" : { },
    "canEquipCamouflage" : true,
    "group" : "upgradeable",
    "id" : 4075730928,
    "index" : "PASC209",
    "paperShip" : true,
    "level" : 9,
    "maxEquippedFlags" : 8,
    "name" : "PASC209_Seattle",
    "navalFlag" : "usa",
    "needShowProjectYear" : true,
    "peculiarity" : "default",
    "steerAngle" : [
        0.2,
        0.7,
        1.0
    ],
    "typeinfo" : {
        "nation" : "USA",
        "species" : "Cruiser",
        "type" : "Ship"
    },
    "realShipType" : "Cruiser",
    "realShipTypeId" : "CRUISER",
    "research" : true,
    "prevShipIndex" : "PASC208",
    "prevShipName" : "PASC208_Cleveland",
    "prevShipXP" : 110000,
    "prevShipCompXP" : 28000,
    "typeImage" : "https://cdn.wowsft.com/images/vehicles/ship_classes/icon_cruiser_standard.png",
    "imageSmall" : "https://cdn.wowsft.com/images/vehicles/ship_previews/PASC209.png"
}