{
    "components" : {
        "airArmament" : {
            "AB_AirArmament" : {
                "auraCoeff" : 1.0,
                "deckPlaceCount" : 0,
                "independentLaunchpad" : false,
                "launchPrepareTime" : 0.0,
                "launchpadType" : "catapult",
                "planesReserveCapacity" : 0
            }
        },
        "airDefense" : {
            "A_AirDefense" : {
                "auraNear" : [
                    {
                        "areaDamage" : 13.0,
                        "areaDamageFrequency" : 0.285714285714,
                        "enableBarrage" : true,
                        "guns" : [
                            "HP_AGA_15",
                            "HP_AGA_16",
                            "HP_AGA_17",
                            "HP_AGA_18",
                            "HP_AGA_21",
                            "HP_AGA_22",
                            "HP_AGA_8",
                            "HP_AGA_9"
                        ],
                        "hitChance" : 0.85,
                        "joint" : true,
                        "maxDistance" : 2400.0,
                        "minDistance" : 100.0,
                        "shotDelay" : 0.1,
                        "shotTravelTime" : 1.0,
                        "type" : "near"
                    },
                    {
                        "areaDamage" : 42.0,
                        "areaDamageFrequency" : 0.285714285714,
                        "enableBarrage" : true,
                        "guns" : [
                            "HP_AGA_1",
                            "HP_AGA_10",
                            "HP_AGA_11",
                            "HP_AGA_12",
                            "HP_AGA_13",
                            "HP_AGA_14",
                            "HP_AGA_19",
                            "HP_AGA_2",
                            "HP_AGA_20",
                            "HP_AGA_3",
                            "HP_AGA_4",
                            "HP_AGA_5",
                            "HP_AGA_6",
                            "HP_AGA_7"
                        ],
                        "hitChance" : 0.85,
                        "joint" : true,
                        "maxDistance" : 2400.0,
                        "minDistance" : 100.0,
                        "shotDelay" : 0.1,
                        "shotTravelTime" : 1.0,
                        "type" : "near"
                    }
                ],
                "ownerlessTracesScatterCoefficient" : 1.0,
                "sectors" : [
                    [
                        0.0,
                        180.0
                    ],
                    [
                        180.0,
                        0.0
                    ]
                ],
                "prioritySectorPhases" : [
                    [
                        5.0,
                        "linear",
                        0.035,
                        1.0,
                        1.5
                    ],
                    [
                        5.0,
                        "linear",
                        0.0,
                        1.5,
                        1.5
                    ]
                ],
                "prioritySectorPreparation" : 5.0,
                "prioritySectorDuration" : 5.0,
                "prioritySectorDamageInitial" : 0.035,
                "prioritySectorCoefficientInitial" : 1.0,
                "prioritySectorCoefficientDuring" : 1.5
            },
            "B_AirDefense" : {
                "auraMedium" : [
                    {
                        "areaDamage" : 57.0,
                        "areaDamageFrequency" : 0.285714285714,
                        "enableBarrage" : true,
                        "guns" : [
                            "HP_AGA_15",
                            "HP_AGA_16",
                            "HP_AGA_17",
                            "HP_AGA_18",
                            "HP_AGA_21",
                            "HP_AGA_22",
                            "HP_AGA_8",
                            "HP_AGA_9"
                        ],
                        "hitChance" : 0.9,
                        "joint" : true,
                        "maxDistance" : 3500.0,
                        "minDistance" : 100.0,
                        "shotDelay" : 0.5,
                        "shotTravelTime" : 1.5,
                        "type" : "medium"
                    }
                ],
                "auraNear" : [
                    {
                        "areaDamage" : 38.0,
                        "areaDamageFrequency" : 0.285714285714,
                        "enableBarrage" : true,
                        "guns" : [
                            "HP_AGA_1",
                            "HP_AGA_10",
                            "HP_AGA_11",
                            "HP_AGA_12",
                            "HP_AGA_13",
                            "HP_AGA_14",
                            "HP_AGA_19",
                            "HP_AGA_2",
                            "HP_AGA_20",
                            "HP_AGA_3",
                            "HP_AGA_4",
                            "HP_AGA_5",
                            "HP_AGA_6",
                            "HP_AGA_7"
                        ],
                        "hitChance" : 0.85,
                        "joint" : true,
                        "maxDistance" : 2000.0,
                        "minDistance" : 100.0,
                        "shotDelay" : 0.1,
                        "shotTravelTime" : 1.0,
                        "type" : "near"
                    }
                ],
                "ownerlessTracesScatterCoefficient" : 1.0,
                "sectors" : [
                    [
                        0.0,
                        180.0
                    ],
                    [
                        180.0,
                        0.0
                    ]
                ],
                "prioritySectorPhases" : [
                    [
                        5.0,
                        "linear",
                        0.035,
                        1.0,
                        1.5
                    ],
                    [
                        5.0,
                        "linear",
                        0.0,
                        1.5,
                        1.5
                    ]
                ],
                "prioritySectorPreparation" : 5.0,
                "prioritySectorDuration" : 5.0,
                "prioritySectorDamageInitial" : 0.035,
                "prioritySectorCoefficientInitial" : 1.0,
                "prioritySectorCoefficientDuring" : 1.5
            }
        },
        "artillery" : {
            "AB1_Artillery" : {
                "turrets" : [
                    {
                        "ammoList" : [
                            "PAPA020_Shell_152mm_HE_HC_Mk_34",
                            "PAPA019_Shell_152mm_AP_AP_Mk_35"
                        ],
                        "barrelDiameter" : 0.152,
                        "coeffPerSecondMin" : 0.3,
                        "deadZone" : [ ],
                        "delim" : 0.5,
                        "ellipseRangeMax" : 250.0,
                        "ellipseRangeMin" : 50.0,
                        "horizSector" : [
                            210.0,
                            150.0
                        ],
                        "id" : 4285130736,
                        "idealDistance" : 1000.0,
                        "idealRadius" : 8.0,
                        "index" : "PAGM009",
                        "maxEllipseRanging" : 1.003,
                        "medEllipseRanging" : 1.002,
                        "minEllipseRanging" : 1.001,
                        "minRadius" : 1.1,
                        "name" : "PAGM009_6in47_CL55",
                        "numBarrels" : 3,
                        "onMoveTarPosCoeffDelim" : 1.001,
                        "onMoveTarPosCoeffMaxDist" : 1.002,
                        "onMoveTarPosCoeffZero" : 1.0,
                        "onMoveTarPosDelim" : 0.1,
                        "position" : [
                            0.5,
                            1.0
                        ],
                        "radiusOnDelim" : 0.5,
                        "radiusOnMax" : 0.6,
                        "radiusOnZero" : 0.2,
                        "reduceTime" : 0.1,
                        "rotationSpeed" : [
                            8.0,
                            11.0
                        ],
                        "shotDelay" : 8.5,
                        "smokePenalty" : 1.0E-4,
                        "typeinfo" : {
                            "nation" : "USA",
                            "species" : "Main",
                            "type" : "Gun"
                        },
                        "vertSector" : [
                            -2.0,
                            60.0
                        ]
                    },
                    {
                        "ammoList" : [
                            "PAPA020_Shell_152mm_HE_HC_Mk_34",
                            "PAPA019_Shell_152mm_AP_AP_Mk_35"
                        ],
                        "barrelDiameter" : 0.152,
                        "coeffPerSecondMin" : 0.3,
                        "deadZone" : [ ],
                        "delim" : 0.5,
                        "ellipseRangeMax" : 250.0,
                        "ellipseRangeMin" : 50.0,
                        "horizSector" : [
                            210.0,
                            150.0
                        ],
                        "id" : 4285130736,
                        "idealDistance" : 1000.0,
                        "idealRadius" : 8.0,
                        "index" : "PAGM009",
                        "maxEllipseRanging" : 1.003,
                        "medEllipseRanging" : 1.002,
                        "minEllipseRanging" : 1.001,
                        "minRadius" : 1.1,
                        "name" : "PAGM009_6in47_CL55",
                        "numBarrels" : 3,
                        "onMoveTarPosCoeffDelim" : 1.001,
                        "onMoveTarPosCoeffMaxDist" : 1.002,
                        "onMoveTarPosCoeffZero" : 1.0,
                        "onMoveTarPosDelim" : 0.1,
                        "position" : [
                            1.5,
                            1.0
                        ],
                        "radiusOnDelim" : 0.5,
                        "radiusOnMax" : 0.6,
                        "radiusOnZero" : 0.2,
                        "reduceTime" : 0.1,
                        "rotationSpeed" : [
                            8.0,
                            11.0
                        ],
                        "shotDelay" : 8.5,
                        "smokePenalty" : 1.0E-4,
                        "typeinfo" : {
                            "nation" : "USA",
                            "species" : "Main",
                            "type" : "Gun"
                        },
                        "vertSector" : [
                            -2.0,
                            60.0
                        ]
                    },
                    {
                        "ammoList" : [
                            "PAPA020_Shell_152mm_HE_HC_Mk_34",
                            "PAPA019_Shell_152mm_AP_AP_Mk_35"
                        ],
                        "barrelDiameter" : 0.152,
                        "coeffPerSecondMin" : 0.3,
                        "deadZone" : [
                            [
                                -40.0,
                                40.0
                            ]
                        ],
                        "delim" : 0.5,
                        "ellipseRangeMax" : 250.0,
                        "ellipseRangeMin" : 50.0,
                        "horizSector" : [
                            210.0,
                            150.0
                        ],
                        "id" : 4285130736,
                        "idealDistance" : 1000.0,
                        "idealRadius" : 8.0,
                        "index" : "PAGM009",
                        "maxEllipseRanging" : 1.003,
                        "medEllipseRanging" : 1.002,
                        "minEllipseRanging" : 1.001,
                        "minRadius" : 1.1,
                        "name" : "PAGM009_6in47_CL55",
                        "numBarrels" : 3,
                        "onMoveTarPosCoeffDelim" : 1.001,
                        "onMoveTarPosCoeffMaxDist" : 1.002,
                        "onMoveTarPosCoeffZero" : 1.0,
                        "onMoveTarPosDelim" : 0.1,
                        "position" : [
                            2.5,
                            1.0
                        ],
                        "radiusOnDelim" : 0.5,
                        "radiusOnMax" : 0.6,
                        "radiusOnZero" : 0.2,
                        "reduceTime" : 0.1,
                        "rotationSpeed" : [
                            8.0,
                            11.0
                        ],
                        "shotDelay" : 8.5,
                        "smokePenalty" : 1.0E-4,
                        "typeinfo" : {
                            "nation" : "USA",
                            "species" : "Main",
                            "type" : "Gun"
                        },
                        "vertSector" : [
                            -2.0,
                            60.0
                        ]
                    },
                    {
                        "ammoList" : [
                            "PAPA020_Shell_152mm_HE_HC_Mk_34",
                            "PAPA019_Shell_152mm_AP_AP_Mk_35"
                        ],
                        "barrelDiameter" : 0.152,
                        "coeffPerSecondMin" : 0.3,
                        "deadZone" : [ ],
                        "delim" : 0.5,
                        "ellipseRangeMax" : 250.0,
                        "ellipseRangeMin" : 50.0,
                        "horizSector" : [
                            210.0,
                            150.0
                        ],
                        "id" : 4285130736,
                        "idealDistance" : 1000.0,
                        "idealRadius" : 8.0,
                        "index" : "PAGM009",
                        "maxEllipseRanging" : 1.003,
                        "medEllipseRanging" : 1.002,
                        "minEllipseRanging" : 1.001,
                        "minRadius" : 1.1,
                        "name" : "PAGM009_6in47_CL55",
                        "numBarrels" : 3,
                        "onMoveTarPosCoeffDelim" : 1.001,
                        "onMoveTarPosCoeffMaxDist" : 1.002,
                        "onMoveTarPosCoeffZero" : 1.0,
                        "onMoveTarPosDelim" : 0.1,
                        "position" : [
                            4.0,
                            1.0
                        ],
                        "radiusOnDelim" : 0.5,
                        "radiusOnMax" : 0.6,
                        "radiusOnZero" : 0.2,
                        "reduceTime" : 0.1,
                        "rotationSpeed" : [
                            8.0,
                            11.0
                        ],
                        "shotDelay" : 8.5,
                        "smokePenalty" : 1.0E-4,
                        "typeinfo" : {
                            "nation" : "USA",
                            "species" : "Main",
                            "type" : "Gun"
                        },
                        "vertSector" : [
                            -2.0,
                            60.0
                        ]
                    },
                    {
                        "ammoList" : [
                            "PAPA020_Shell_152mm_HE_HC_Mk_34",
                            "PAPA019_Shell_152mm_AP_AP_Mk_35"
                        ],
                        "barrelDiameter" : 0.152,
                        "coeffPerSecondMin" : 0.3,
                        "deadZone" : [ ],
                        "delim" : 0.5,
                        "ellipseRangeMax" : 250.0,
                        "ellipseRangeMin" : 50.0,
                        "horizSector" : [
                            210.0,
                            150.0
                        ],
                        "id" : 4285130736,
                        "idealDistance" : 1000.0,
                        "idealRadius" : 8.0,
                        "index" : "PAGM009",
                        "maxEllipseRanging" : 1.003,
                        "medEllipseRanging" : 1.002,
                        "minEllipseRanging" : 1.001,
                        "minRadius" : 1.1,
                        "name" : "PAGM009_6in47_CL55",
                        "numBarrels" : 3,
                        "onMoveTarPosCoeffDelim" : 1.001,
                        "onMoveTarPosCoeffMaxDist" : 1.002,
                        "onMoveTarPosCoeffZero" : 1.0,
                        "onMoveTarPosDelim" : 0.1,
                        "position" : [
                            5.0,
                            1.0
                        ],
                        "radiusOnDelim" : 0.5,
                        "radiusOnMax" : 0.6,
                        "radiusOnZero" : 0.2,
                        "reduceTime" : 0.1,
                        "rotationSpeed" : [
                            8.0,
                            11.0
                        ],
                        "shotDelay" : 8.5,
                        "smokePenalty" : 1.0E-4,
                        "typeinfo" : {
                            "nation" : "USA",
                            "species" : "Main",
                            "type" : "Gun"
                        },
                        "vertSector" : [
                            -2.0,
                            60.0
                        ]
                    }
                ],
                "turretTypes" : {
                    "3" : [
                        5,
                        "PAGM009_6in47_CL55"
                    ]
                },
                "maxDist" : 13240.0,
                "minDistH" : 50.0,
                "minDistV" : 110.0,
                "normalDistribution" : true,
                "sigmaCount" : 2.0,
                "taperDist" : 4000.0,
                "GMIdealRadius" : 1.0,
                "barrelDiameter" : 0.152,
                "numBarrels" : 15
            }
        },
        "atba" : {
            "A_ATBA" : {
                "auraFar" : [
                    {
                        "areaDamage" : 24.0,
                        "areaDamageFrequency" : 0.285714285714,
                        "bubbleDuration" : 3.0,
                        "enableBarrage" : true,
                        "enableCrewSelectedTargetCoeff" : true,
                        "explosionCount" : 2.0,
                        "guns" : [
                            "HP_AGS_1",
                            "HP_AGS_2",
                            "HP_AGS_3",
                            "HP_AGS_4"
                        ],
                        "halfOuterBubbleZone" : 50.0,
                        "hitChance" : 0.9,
                        "innerBubbleCount" : 3.0,
                        "innerBubbleSpawnTimeRange" : [
                            2.65,
                            3.15
                        ],
                        "innerBubbleZone" : 20.0,
                        "joint" : true,
                        "maxBubbleActivationDelay" : 0.4,
                        "maxDistance" : 5800.0,
                        "minBubbleActivationDelay" : 0.1,
                        "minDistance" : 100.0,
                        "outerBubbleSpawnTimeRange" : [
                            2.45,
                            2.65
                        ],
                        "shotDelay" : 5.0,
                        "shotTravelTime" : 1.51,
                        "type" : "far"
                    },
                    {
                        "areaDamageFrequency" : 0.285714285714,
                        "bubbleDamage" : 200.0,
                        "bubbleDuration" : 3.0,
                        "bubbleRadius" : 2.475,
                        "enableBarrage" : true,
                        "enableCrewSelectedTargetCoeff" : true,
                        "explosionCount" : 2.0,
                        "guns" : [
                            "HP_AGS_1",
                            "HP_AGS_2",
                            "HP_AGS_3",
                            "HP_AGS_4"
                        ],
                        "halfOuterBubbleZone" : 50.0,
                        "hitChance" : 0.9,
                        "innerBubbleCount" : 2.0,
                        "innerBubbleSpawnTimeRange" : [
                            2.65,
                            3.15
                        ],
                        "innerBubbleZone" : 20.0,
                        "joint" : true,
                        "maxBubbleActivationDelay" : 0.4,
                        "maxDistance" : 5800.0,
                        "minBubbleActivationDelay" : 0.1,
                        "minDistance" : 3500.0,
                        "outerBubbleCount" : 1.0,
                        "outerBubbleSpawnTimeRange" : [
                            2.45,
                            2.65
                        ],
                        "shotDelay" : 5.0,
                        "shotTravelTime" : 1.51,
                        "type" : "far"
                    }
                ],
                "secondaries" : {
                    "PAGS028_5in38_Mk29_Mod0" : {
                        "ammoList" : [
                            "PAPA018_Main_127mm_HE_C_Mk_32"
                        ],
                        "antiAirAuraDistance" : 167.0,
                        "antiAirAuraStrength" : 0.151,
                        "barrelDiameter" : 0.127,
                        "deadZone" : [ ],
                        "delim" : 0.6,
                        "horizSector" : [
                            -170.0,
                            0.0
                        ],
                        "id" : 4265011184,
                        "idealDistance" : 333.333,
                        "idealRadius" : 20.0,
                        "index" : "PAGS028",
                        "minRadius" : 1.0,
                        "name" : "PAGS028_5in38_Mk29_Mod0",
                        "numBarrels" : 2,
                        "radiusOnDelim" : 0.8,
                        "radiusOnMax" : 1.0,
                        "radiusOnZero" : 0.1,
                        "rotationSpeed" : [
                            60.0,
                            1.0
                        ],
                        "shotDelay" : 6.0,
                        "smallGun" : true,
                        "smokePenalty" : 1.0E-4,
                        "typeinfo" : {
                            "nation" : "USA",
                            "species" : "Secondary",
                            "type" : "Gun"
                        },
                        "vertSector" : [
                            358.0,
                            85.0
                        ],
                        "GSIdealRadius" : 1.0,
                        "count" : 4
                    }
                },
                "maxDist" : 4500.0,
                "minDistH" : 50.0,
                "minDistV" : 110.0,
                "sigmaCount" : 1.0,
                "GSIdealRadius" : 1.0
            },
            "B_ATBA" : {
                "auraFar" : [
                    {
                        "areaDamage" : 22.0,
                        "areaDamageFrequency" : 0.285714285714,
                        "bubbleDuration" : 3.0,
                        "enableBarrage" : true,
                        "enableCrewSelectedTargetCoeff" : true,
                        "explosionCount" : 2.0,
                        "guns" : [
                            "HP_AGS_1",
                            "HP_AGS_2",
                            "HP_AGS_3",
                            "HP_AGS_4"
                        ],
                        "halfOuterBubbleZone" : 50.0,
                        "hitChance" : 0.9,
                        "innerBubbleCount" : 3.0,
                        "innerBubbleSpawnTimeRange" : [
                            2.65,
                            3.15
                        ],
                        "innerBubbleZone" : 20.0,
                        "joint" : true,
                        "maxBubbleActivationDelay" : 0.4,
                        "maxDistance" : 5800.0,
                        "minBubbleActivationDelay" : 0.1,
                        "minDistance" : 100.0,
                        "outerBubbleSpawnTimeRange" : [
                            2.45,
                            2.65
                        ],
                        "shotDelay" : 5.0,
                        "shotTravelTime" : 1.51,
                        "type" : "far"
                    },
                    {
                        "areaDamageFrequency" : 0.285714285714,
                        "bubbleDamage" : 200.0,
                        "bubbleDuration" : 3.0,
                        "bubbleRadius" : 2.475,
                        "enableBarrage" : true,
                        "enableCrewSelectedTargetCoeff" : true,
                        "explosionCount" : 2.0,
                        "guns" : [
                            "HP_AGS_1",
                            "HP_AGS_2",
                            "HP_AGS_3",
                            "HP_AGS_4"
                        ],
                        "halfOuterBubbleZone" : 50.0,
                        "hitChance" : 0.9,
                        "innerBubbleCount" : 2.0,
                        "innerBubbleSpawnTimeRange" : [
                            2.65,
                            3.15
                        ],
                        "innerBubbleZone" : 20.0,
                        "joint" : true,
                        "maxBubbleActivationDelay" : 0.4,
                        "maxDistance" : 5800.0,
                        "minBubbleActivationDelay" : 0.1,
                        "minDistance" : 3500.0,
                        "outerBubbleCount" : 1.0,
                        "outerBubbleSpawnTimeRange" : [
                            2.45,
                            2.65
                        ],
                        "shotDelay" : 5.0,
                        "shotTravelTime" : 1.51,
                        "type" : "far"
                    }
                ],
                "secondaries" : {
                    "PAGS028_5in38_Mk29_Mod0" : {
                        "ammoList" : [
                            "PAPA018_Main_127mm_HE_C_Mk_32"
                        ],
                        "antiAirAuraDistance" : 167.0,
                        "antiAirAuraStrength" : 0.151,
                        "barrelDiameter" : 0.127,
                        "deadZone" : [ ],
                        "delim" : 0.6,
                        "horizSector" : [
                            -170.0,
                            0.0
                        ],
                        "id" : 4265011184,
                        "idealDistance" : 333.333,
                        "idealRadius" : 20.0,
                        "index" : "PAGS028",
                        "minRadius" : 1.0,
                        "name" : "PAGS028_5in38_Mk29_Mod0",
                        "numBarrels" : 2,
                        "radiusOnDelim" : 0.8,
                        "radiusOnMax" : 1.0,
                        "radiusOnZero" : 0.1,
                        "rotationSpeed" : [
                            60.0,
                            1.0
                        ],
                        "shotDelay" : 6.0,
                        "smallGun" : true,
                        "smokePenalty" : 1.0E-4,
                        "typeinfo" : {
                            "nation" : "USA",
                            "species" : "Secondary",
                            "type" : "Gun"
                        },
                        "vertSector" : [
                            358.0,
                            85.0
                        ],
                        "GSIdealRadius" : 1.0,
                        "count" : 4
                    }
                },
                "maxDist" : 4500.0,
                "minDistH" : 50.0,
                "minDistV" : 110.0,
                "sigmaCount" : 1.0,
                "GSIdealRadius" : 1.0
            }
        },
        "hull" : {
            "A_Hull" : {
                "backwardPowerCoef" : 3.0,
                "buoyancy" : 200000.0,
                "burnNodes" : [
                    [
                        0.7336,
                        0.3,
                        30.0
                    ],
                    [
                        0.7336,
                        0.3,
                        30.0
                    ],
                    [
                        0.7336,
                        0.3,
                        30.0
                    ],
                    [
                        0.7336,
                        0.3,
                        30.0
                    ]
                ],
                "burnProb" : 0.7336,
                "burnDamage" : 0.3,
                "burnTime" : 30.0,
                "burnSize" : 4,
                "deckHeight" : 5.3,
                "deepwaterVisibilityCoeff" : 0.1,
                "draft" : 6.3,
                "enginePower" : 100000.0,
                "floodNodes" : [
                    [
                        0.32,
                        0.25,
                        40.0
                    ],
                    [
                        0.32,
                        0.25,
                        40.0
                    ]
                ],
                "floodProb" : 0.32,
                "floodProtection" : 4.0,
                "floodDamage" : 0.25,
                "floodTime" : 40.0,
                "floodSize" : 2,
                "health" : 28700.0,
                "mass" : 1.2283E7,
                "maxRudderAngle" : 30.0,
                "maxSpeed" : 32.5,
                "pushingMaxRudderAngle" : 16.0,
                "pushingMinRudderAngle" : 1.0,
                "rollEffect" : 18.0,
                "rudderPower" : 5.6E7,
                "rudderTime" : 16.72,
                "sideDragCoef" : 320000.0,
                "size" : [
                    182.88,
                    19.6,
                    24.8
                ],
                "smokeScanRadius" : 27.0,
                "speedCoef" : 1.0,
                "tonnage" : 12283.0,
                "torpedoImpactMassImpulseCoeff" : 0.5,
                "turningRadius" : 680.0,
                "underwaterVisibilityCoeff" : 0.5,
                "visibilityCoefATBA" : 1.0E-6,
                "visibilityCoefATBAByPlane" : 1.0E-6,
                "visibilityCoefFire" : 2.0,
                "visibilityCoefFireByPlane" : 3.0,
                "visibilityCoefGK" : 1.0E-6,
                "visibilityCoefGKByPlane" : 3.04,
                "visibilityCoefGKInSmoke" : 5.64,
                "visibilityCoeff" : 19.51,
                "visibilityFactor" : 11.88,
                "visibilityFactorByPlane" : 6.44,
                "visibilityFactorInSmoke" : 1.0E-6,
                "burnSizeSkill" : 4
            },
            "B_Hull" : {
                "backwardPowerCoef" : 3.0,
                "buoyancy" : 200000.0,
                "burnNodes" : [
                    [
                        0.7003,
                        0.3,
                        30.0
                    ],
                    [
                        0.7003,
                        0.3,
                        30.0
                    ],
                    [
                        0.7003,
                        0.3,
                        30.0
                    ],
                    [
                        0.7003,
                        0.3,
                        30.0
                    ]
                ],
                "burnProb" : 0.7003,
                "burnDamage" : 0.3,
                "burnTime" : 30.0,
                "burnSize" : 4,
                "deckHeight" : 5.3,
                "deepwaterVisibilityCoeff" : 0.1,
                "draft" : 6.3,
                "enginePower" : 100000.0,
                "floodNodes" : [
                    [
                        0.32,
                        0.25,
                        40.0
                    ],
                    [
                        0.32,
                        0.25,
                        40.0
                    ]
                ],
                "floodProb" : 0.32,
                "floodProtection" : 4.0,
                "floodDamage" : 0.25,
                "floodTime" : 40.0,
                "floodSize" : 2,
                "health" : 33300.0,
                "mass" : 1.2283E7,
                "maxRudderAngle" : 30.0,
                "maxSpeed" : 32.5,
                "pushingMaxRudderAngle" : 16.0,
                "pushingMinRudderAngle" : 1.0,
                "rollEffect" : 18.0,
                "rudderPower" : 5.6E7,
                "rudderTime" : 11.94,
                "sideDragCoef" : 320000.0,
                "size" : [
                    182.88,
                    19.6,
                    24.8
                ],
                "smokeScanRadius" : 27.0,
                "speedCoef" : 1.0,
                "tonnage" : 12283.0,
                "torpedoImpactMassImpulseCoeff" : 0.5,
                "turningRadius" : 680.0,
                "underwaterVisibilityCoeff" : 0.5,
                "visibilityCoefATBA" : 1.0E-6,
                "visibilityCoefATBAByPlane" : 1.0E-6,
                "visibilityCoefFire" : 2.0,
                "visibilityCoefFireByPlane" : 3.0,
                "visibilityCoefGK" : 1.0E-6,
                "visibilityCoefGKByPlane" : 3.04,
                "visibilityCoefGKInSmoke" : 5.64,
                "visibilityCoeff" : 19.51,
                "visibilityFactor" : 11.88,
                "visibilityFactorByPlane" : 6.44,
                "visibilityFactorInSmoke" : 1.0E-6,
                "burnSizeSkill" : 4
            }
        },
        "suo" : {
            "AB1_FireControl" : {
                "maxDistCoef" : 1.0,
                "sigmaCountCoef" : 1.0
            },
            "AB2_FireControl" : {
                "maxDistCoef" : 1.1,
                "sigmaCountCoef" : 1.0
            }
        },
        "engine" : {
            "AB_Engine" : {
                "backwardEngineForsag" : 2.5,
                "backwardEngineForsagMaxSpeed" : 2.5,
                "backwardEngineUpTime" : 20.0,
                "backwardSpeedOnFlood" : -0.6,
                "damagedEnginePowerMultiplier" : -0.26,
                "damagedEnginePowerTimeMultiplier" : 5.5,
                "forwardEngineForsag" : 2.5,
                "forwardEngineForsagMaxSpeed" : 2.5,
                "forwardEngineUpTime" : 40.0,
                "forwardSpeedOnFlood" : -0.3,
                "histEnginePower" : 100000.0
            }
        }
    },
    "shipAbilities" : {
        "AbilitySlot0" : {
            "abils" : [
                [
                    "PCY001_CrashCrew",
                    "CV_CA_CL"
                ],
                [
                    "PCY009_CrashCrewPremium",
                    "CV_CA_CL_Gold"
                ],
                [
                    "PCY023_CrashCrewSuper",
                    "CV_CA_CL"
                ]
            ],
            "slot" : 0
        },
        "AbilitySlot1" : {
            "abils" : [
                [
                    "PCY003_AirDefenseDisp",
                    "US_Cruisers"
                ],
                [
                    "PCY011_AirDefenseDispPremium",
                    "US_Cruisers_Gold"
                ],
                [
                    "PCY025_AirDefenseDispSuper",
                    "US_Cruisers"
                ]
            ],
            "slot" : 1
        },
        "AbilitySlot2" : {
            "abils" : [
                [
                    "PCY004_Fighter",
                    "Fighter_3"
                ],
                [
                    "PCY012_FighterPremium",
                    "Fighter_3"
                ],
                [
                    "PCY026_FighterSuper",
                    "Fighter_3"
                ]
            ],
            "slot" : 2
        },
        "AbilitySlot3" : {
            "abils" : [
                [
                    "PCY008_SonarSearch",
                    "C_4_7"
                ],
                [
                    "PCY016_SonarSearchPremium",
                    "C_4_7"
                ],
                [
                    "PCY030_SonarSearchSuper",
                    "C_4_7"
                ]
            ],
            "slot" : 3
        },
        "AbilitySlot4" : {
            "slot" : 4
        }
    },
    "shipUpgradeInfo" : {
        "components" : {
            "flightControl" : [ ],
            "artillery" : [
                {
                    "name" : "PAUA603_CL7_ART_STOCK",
                    "ucType" : "_Artillery",
                    "ucTypeShort" : "artillery",
                    "position" : 1,
                    "elem" : 1,
                    "prevType" : "artillery",
                    "prevPosition" : 0,
                    "components" : {
                        "artillery" : [
                            "AB1_Artillery"
                        ]
                    },
                    "image" : "https://cdn.wowsft.com/images/modules/artillery.png"
                }
            ],
            "hull" : [
                {
                    "name" : "PAUH604_HELENA_A",
                    "ucType" : "_Hull",
                    "ucTypeShort" : "hull",
                    "position" : 1,
                    "elem" : 2,
                    "prevType" : "hull",
                    "prevPosition" : 0,
                    "components" : {
                        "airArmament" : [
                            "AB_AirArmament"
                        ],
                        "airDefense" : [
                            "A_AirDefense"
                        ],
                        "artillery" : [
                            "AB1_Artillery"
                        ],
                        "atba" : [
                            "A_ATBA"
                        ],
                        "hull" : [
                            "A_Hull"
                        ],
                        "torpedoes" : [ ]
                    },
                    "image" : "https://cdn.wowsft.com/images/modules/hull.png"
                },
                {
                    "nextShips" : [
                        "PASC208_Cleveland"
                    ],
                    "name" : "PAUH605_HELENA_B",
                    "prev" : "PAUH604_HELENA_A",
                    "ucType" : "_Hull",
                    "ucTypeShort" : "hull",
                    "position" : 2,
                    "elem" : 2,
                    "prevType" : "hull",
                    "prevPosition" : 1,
                    "prevElem" : 2,
                    "components" : {
                        "airArmament" : [
                            "AB_AirArmament"
                        ],
                        "airDefense" : [
                            "B_AirDefense"
                        ],
                        "artillery" : [
                            "AB1_Artillery"
                        ],
                        "atba" : [
                            "B_ATBA"
                        ],
                        "hull" : [
                            "B_Hull"
                        ],
                        "torpedoes" : [ ]
                    },
                    "image" : "https://cdn.wowsft.com/images/modules/hull.png"
                }
            ],
            "torpedoes" : [ ],
            "suo" : [
                {
                    "name" : "PAUS603_CL7_STOCK_SUO",
                    "ucType" : "_Suo",
                    "ucTypeShort" : "suo",
                    "position" : 1,
                    "elem" : 4,
                    "prevType" : "suo",
                    "prevPosition" : 0,
                    "components" : {
                        "suo" : [
                            "AB1_FireControl"
                        ]
                    },
                    "image" : "https://cdn.wowsft.com/images/modules/suo.png"
                },
                {
                    "name" : "PAUS604_CL7_TOP_SUO",
                    "prev" : "PAUS603_CL7_STOCK_SUO",
                    "ucType" : "_Suo",
                    "ucTypeShort" : "suo",
                    "position" : 2,
                    "elem" : 4,
                    "prevType" : "suo",
                    "prevPosition" : 1,
                    "prevElem" : 4,
                    "components" : {
                        "suo" : [
                            "AB2_FireControl"
                        ]
                    },
                    "image" : "https://cdn.wowsft.com/images/modules/suo.png"
                }
            ],
            "fighter" : [ ],
            "torpedoBomber" : [ ],
            "diveBomber" : [ ],
            "engine" : [
                {
                    "name" : "PAUE605_CL7_ENG_STOCK",
                    "ucType" : "_Engine",
                    "ucTypeShort" : "engine",
                    "position" : 1,
                    "elem" : 8,
                    "prevType" : "engine",
                    "prevPosition" : 0,
                    "components" : {
                        "engine" : [
                            "AB_Engine"
                        ]
                    },
                    "image" : "https://cdn.wowsft.com/images/modules/engine.png"
                }
            ]
        },
        "cols" : {
            "flightControl" : 0,
            "artillery" : 1,
            "hull" : 1,
            "torpedoes" : 0,
            "suo" : 1,
            "fighter" : 0,
            "torpedoBomber" : 0,
            "diveBomber" : 0,
            "engine" : 1
        },
        "maxRows" : 2,
        "costCR" : 5800000,
        "costXP" : 75000,
        "value" : 1
    },
    "battleLevels" : { },
    "canEquipCamouflage" : true,
    "group" : "upgradeable",
    "id" : 4077828080,
    "index" : "PASC207",
    "level" : 7,
    "maxEquippedFlags" : 8,
    "name" : "PASC207_Helena",
    "navalFlag" : "usa",
    "needShowProjectYear" : true,
    "peculiarity" : "default",
    "steerAngle" : [
        0.2,
        0.7,
        1.0
    ],
    "typeinfo" : {
        "nation" : "USA",
        "species" : "Cruiser",
        "type" : "Ship"
    },
    "realShipType" : "Cruiser",
    "realShipTypeId" : "CRUISER",
    "research" : true,
    "prevShipIndex" : "PASC206",
    "prevShipName" : "PASC206_Dallas",
    "prevShipXP" : 38500,
    "prevShipCompXP" : 9300,
    "typeImage" : "https://cdn.wowsft.com/images/vehicles/ship_classes/icon_cruiser_standard.png",
    "imageSmall" : "https://cdn.wowsft.com/images/vehicles/ship_previews/PASC207.png"
}