{
  "components" : {
    "airArmament" : {
      "AB_AirArmament" : {
        "auraCoeff" : 1.0,
        "deckPlaceCount" : 0.0,
        "launchPrepareTime" : 0.0,
        "launchpadType" : "catapult",
        "planesReserveCapacity" : 0.0,
        "independentLaunchpad" : false
      }
    },
    "airDefense" : {
      "A_AirDefense" : {
        "auraMedium" : [ {
          "areaDamage" : 68.0,
          "areaDamageFrequency" : 0.285714285714,
          "enableBarrage" : true,
          "guns" : [ "HP_AGA_3", "HP_AGA_4", "HP_AGA_5", "HP_AGA_12", "HP_AGA_13", "HP_AGA_16", "HP_AGA_17", "HP_AGA_20", "HP_AGA_21", "HP_AGA_31", "HP_AGA_32", "HP_AGA_35" ],
          "hitChance" : 0.9,
          "joint" : true,
          "maxDistance" : 3500.0,
          "minDistance" : 100.0,
          "shotDelay" : 0.5,
          "shotTravelTime" : 1.5,
          "type" : "medium"
        } ],
        "auraNear" : [ {
          "areaDamage" : 50.0,
          "areaDamageFrequency" : 0.285714285714,
          "enableBarrage" : true,
          "guns" : [ "HP_AGA_1", "HP_AGA_10", "HP_AGA_11", "HP_AGA_14", "HP_AGA_15", "HP_AGA_18", "HP_AGA_19", "HP_AGA_2", "HP_AGA_22", "HP_AGA_23", "HP_AGA_6", "HP_AGA_7", "HP_AGA_8", "HP_AGA_9", "HP_AGA_24", "HP_AGA_25", "HP_AGA_26", "HP_AGA_27", "HP_AGA_28", "HP_AGA_29", "HP_AGA_30", "HP_AGA_33", "HP_AGA_34" ],
          "hitChance" : 0.85,
          "joint" : true,
          "maxDistance" : 2000.0,
          "minDistance" : 100.0,
          "shotDelay" : 0.1,
          "shotTravelTime" : 1.0,
          "type" : "near"
        } ],
        "ownerlessTracesScatterCoefficient" : 1.0,
        "sectors" : [ [ 0.0, 180.0 ], [ 180.0, 0.0 ] ],
        "prioritySectorPhases" : [ [ 5.0, "linear", 0.035, 1.0, 1.5 ], [ 5.0, "linear", 0.0, 1.5, 1.5 ] ],
        "prioritySectorPreparation" : 5.0,
        "prioritySectorDuration" : 5.0,
        "prioritySectorDamageInitial" : 0.035,
        "prioritySectorCoefficientInitial" : 1.0,
        "prioritySectorCoefficientDuring" : 1.5
      },
      "B_AirDefense" : {
        "auraMedium" : [ {
          "areaDamage" : 93.0,
          "areaDamageFrequency" : 0.285714285714,
          "enableBarrage" : true,
          "guns" : [ "HP_AGA_12", "HP_AGA_13", "HP_AGA_16", "HP_AGA_17", "HP_AGA_20", "HP_AGA_21", "HP_AGA_3", "HP_AGA_31", "HP_AGA_32", "HP_AGA_35", "HP_AGA_4", "HP_AGA_5" ],
          "hitChance" : 0.9,
          "joint" : true,
          "maxDistance" : 3500.0,
          "minDistance" : 100.0,
          "shotDelay" : 1.0,
          "shotTravelTime" : 1.5,
          "type" : "medium"
        } ],
        "auraNear" : [ {
          "areaDamage" : 48.0,
          "areaDamageFrequency" : 0.285714285714,
          "enableBarrage" : true,
          "guns" : [ "HP_AGA_1", "HP_AGA_10", "HP_AGA_11", "HP_AGA_14", "HP_AGA_15", "HP_AGA_18", "HP_AGA_19", "HP_AGA_2", "HP_AGA_22", "HP_AGA_23", "HP_AGA_6", "HP_AGA_7", "HP_AGA_8", "HP_AGA_9", "HP_AGA_24", "HP_AGA_25", "HP_AGA_26", "HP_AGA_27", "HP_AGA_28", "HP_AGA_29", "HP_AGA_30", "HP_AGA_33", "HP_AGA_34" ],
          "hitChance" : 0.85,
          "joint" : true,
          "maxDistance" : 2000.0,
          "minDistance" : 100.0,
          "shotDelay" : 0.1,
          "shotTravelTime" : 1.0,
          "type" : "near"
        } ],
        "ownerlessTracesScatterCoefficient" : 1.0,
        "sectors" : [ [ 0.0, 180.0 ], [ 180.0, 0.0 ] ],
        "prioritySectorPhases" : [ [ 5.0, "linear", 0.035, 1.0, 1.5 ], [ 5.0, "linear", 0.0, 1.5, 1.5 ] ],
        "prioritySectorPreparation" : 5.0,
        "prioritySectorDuration" : 5.0,
        "prioritySectorDamageInitial" : 0.035,
        "prioritySectorCoefficientInitial" : 1.0,
        "prioritySectorCoefficientDuring" : 1.5
      }
    },
    "artillery" : {
      "AB1_Artillery" : {
        "turrets" : [ {
          "ammoList" : [ "PAPA002_Shell_203mm_HE_HC_Mk_25", "PAPA012_Shell_203mm_AP_AP_Mk_21" ],
          "barrelDiameter" : 0.203,
          "coeffPerSecondMin" : 0.3,
          "deadZone" : [ ],
          "delim" : 0.5,
          "ellipseRangeMax" : 250.0,
          "ellipseRangeMin" : 50.0,
          "horizSector" : [ -150.0, 150.0 ],
          "id" : 4274644976,
          "idealDistance" : 1000.0,
          "idealRadius" : 8.0,
          "index" : "PAGM019",
          "maxEllipseRanging" : 1.003,
          "medEllipseRanging" : 1.002,
          "minEllipseRanging" : 1.001,
          "minRadius" : 1.1,
          "name" : "PAGM019_8in55_CA68",
          "numBarrels" : 3,
          "onMoveTarPosCoeffDelim" : 1.001,
          "onMoveTarPosCoeffMaxDist" : 1.002,
          "onMoveTarPosCoeffZero" : 1.0,
          "onMoveTarPosDelim" : 0.1,
          "position" : [ 0.0, 1.0 ],
          "radiusOnDelim" : 0.5,
          "radiusOnMax" : 0.6,
          "radiusOnZero" : 0.2,
          "reduceTime" : 0.1,
          "rotationSpeed" : [ 6.0, 6.0 ],
          "shotDelay" : 10.0,
          "smokePenalty" : 1.0E-4,
          "typeinfo" : {
            "nation" : "USA",
            "species" : "Main",
            "type" : "Gun"
          },
          "vertSector" : [ -2.0, 41.0 ]
        }, {
          "ammoList" : [ "PAPA002_Shell_203mm_HE_HC_Mk_25", "PAPA012_Shell_203mm_AP_AP_Mk_21" ],
          "barrelDiameter" : 0.203,
          "coeffPerSecondMin" : 0.3,
          "deadZone" : [ ],
          "delim" : 0.5,
          "ellipseRangeMax" : 250.0,
          "ellipseRangeMin" : 50.0,
          "horizSector" : [ -150.0, 150.0 ],
          "id" : 4274644976,
          "idealDistance" : 1000.0,
          "idealRadius" : 8.0,
          "index" : "PAGM019",
          "maxEllipseRanging" : 1.003,
          "medEllipseRanging" : 1.002,
          "minEllipseRanging" : 1.001,
          "minRadius" : 1.1,
          "name" : "PAGM019_8in55_CA68",
          "numBarrels" : 3,
          "onMoveTarPosCoeffDelim" : 1.001,
          "onMoveTarPosCoeffMaxDist" : 1.002,
          "onMoveTarPosCoeffZero" : 1.0,
          "onMoveTarPosDelim" : 0.1,
          "position" : [ 1.0, 1.0 ],
          "radiusOnDelim" : 0.5,
          "radiusOnMax" : 0.6,
          "radiusOnZero" : 0.2,
          "reduceTime" : 0.1,
          "rotationSpeed" : [ 6.0, 6.0 ],
          "shotDelay" : 10.0,
          "smokePenalty" : 1.0E-4,
          "typeinfo" : {
            "nation" : "USA",
            "species" : "Main",
            "type" : "Gun"
          },
          "vertSector" : [ -2.0, 41.0 ]
        }, {
          "ammoList" : [ "PAPA002_Shell_203mm_HE_HC_Mk_25", "PAPA012_Shell_203mm_AP_AP_Mk_21" ],
          "barrelDiameter" : 0.203,
          "coeffPerSecondMin" : 0.3,
          "deadZone" : [ ],
          "delim" : 0.5,
          "ellipseRangeMax" : 250.0,
          "ellipseRangeMin" : 50.0,
          "horizSector" : [ -150.0, 150.0 ],
          "id" : 4274644976,
          "idealDistance" : 1000.0,
          "idealRadius" : 8.0,
          "index" : "PAGM019",
          "maxEllipseRanging" : 1.003,
          "medEllipseRanging" : 1.002,
          "minEllipseRanging" : 1.001,
          "minRadius" : 1.1,
          "name" : "PAGM019_8in55_CA68",
          "numBarrels" : 3,
          "onMoveTarPosCoeffDelim" : 1.001,
          "onMoveTarPosCoeffMaxDist" : 1.002,
          "onMoveTarPosCoeffZero" : 1.0,
          "onMoveTarPosDelim" : 0.1,
          "position" : [ 5.0, 1.0 ],
          "radiusOnDelim" : 0.5,
          "radiusOnMax" : 0.6,
          "radiusOnZero" : 0.2,
          "reduceTime" : 0.1,
          "rotationSpeed" : [ 6.0, 6.0 ],
          "shotDelay" : 10.0,
          "smokePenalty" : 1.0E-4,
          "typeinfo" : {
            "nation" : "USA",
            "species" : "Main",
            "type" : "Gun"
          },
          "vertSector" : [ -2.0, 41.0 ]
        } ],
        "turretTypes" : {
          "3" : [ 3, "PAGM019_8in55_CA68" ]
        },
        "maxDist" : 14390.0,
        "minDistH" : 50.0,
        "minDistV" : 110.0,
        "normalDistribution" : true,
        "sigmaCount" : 2.0,
        "taperDist" : 4000.0,
        "GMIdealRadius" : 1.0,
        "barrelDiameter" : 0.203
      }
    },
    "atba" : {
      "AB_ATBA" : {
        "auraFar" : [ {
          "areaDamage" : 31.0,
          "areaDamageFrequency" : 0.285714285714,
          "bubbleDuration" : 3.0,
          "enableBarrage" : true,
          "enableCrewSelectedTargetCoeff" : true,
          "explosionCount" : 2.0,
          "guns" : [ "HP_AGS_1", "HP_AGS_2", "HP_AGS_3", "HP_AGS_4", "HP_AGS_5", "HP_AGS_6" ],
          "halfOuterBubbleZone" : 50.0,
          "hitChance" : 0.9,
          "innerBubbleCount" : 3.0,
          "innerBubbleSpawnTimeRange" : [ 2.65, 3.15 ],
          "innerBubbleZone" : 20.0,
          "joint" : true,
          "maxBubbleActivationDelay" : 0.4,
          "maxDistance" : 5800.0,
          "minBubbleActivationDelay" : 0.1,
          "minDistance" : 100.0,
          "outerBubbleSpawnTimeRange" : [ 2.45, 2.65 ],
          "shotDelay" : 5.0,
          "shotTravelTime" : 1.51,
          "type" : "far"
        }, {
          "areaDamageFrequency" : 0.285714285714,
          "bubbleDamage" : 220.0,
          "bubbleDuration" : 3.0,
          "bubbleRadius" : 2.567,
          "enableBarrage" : true,
          "enableCrewSelectedTargetCoeff" : true,
          "explosionCount" : 2.0,
          "guns" : [ "HP_AGS_1", "HP_AGS_2", "HP_AGS_3", "HP_AGS_4", "HP_AGS_5", "HP_AGS_6" ],
          "halfOuterBubbleZone" : 50.0,
          "hitChance" : 0.9,
          "innerBubbleCount" : 4.0,
          "innerBubbleSpawnTimeRange" : [ 2.65, 3.15 ],
          "innerBubbleZone" : 20.0,
          "joint" : true,
          "maxBubbleActivationDelay" : 0.4,
          "maxDistance" : 5800.0,
          "minBubbleActivationDelay" : 0.1,
          "minDistance" : 3500.0,
          "outerBubbleCount" : 1.0,
          "outerBubbleSpawnTimeRange" : [ 2.45, 2.65 ],
          "shotDelay" : 5.0,
          "shotTravelTime" : 1.51,
          "type" : "far"
        } ],
        "secondaries" : {
          "PAGS010_5in38_Mk32_Mod12" : {
            "ammoList" : [ "PAPA018_Main_127mm_HE_C_Mk_32" ],
            "antiAirAuraDistance" : 167.0,
            "antiAirAuraStrength" : 0.151,
            "barrelDiameter" : 0.127,
            "deadZone" : [ [ -30.0, 30.0 ] ],
            "delim" : 0.6,
            "horizSector" : [ -132.0, 132.0 ],
            "id" : 4283885552,
            "idealDistance" : 333.333,
            "idealRadius" : 20.0,
            "index" : "PAGS010",
            "minRadius" : 1.0,
            "name" : "PAGS010_5in38_Mk32_Mod12",
            "numBarrels" : 2,
            "radiusOnDelim" : 0.8,
            "radiusOnMax" : 1.0,
            "radiusOnZero" : 0.1,
            "rotationSpeed" : [ 60.0, 1.0 ],
            "shotDelay" : 6.0,
            "smallGun" : true,
            "smokePenalty" : 1.0E-4,
            "typeinfo" : {
              "nation" : "USA",
              "species" : "Secondary",
              "type" : "Gun"
            },
            "vertSector" : [ 358.0, 85.0 ],
            "GSIdealRadius" : 1.0,
            "count" : 6
          }
        },
        "maxDist" : 5000.0,
        "minDistH" : 50.0,
        "minDistV" : 110.0,
        "sigmaCount" : 1.0,
        "GSIdealRadius" : 1.0
      }
    },
    "hull" : {
      "A_Hull" : {
        "backwardPowerCoef" : 3.0,
        "buoyancy" : 200000.0,
        "burnNodes" : [ [ 0.667, 0.3, 30.0 ], [ 0.667, 0.3, 30.0 ], [ 0.667, 0.3, 30.0 ], [ 0.667, 0.3, 30.0 ] ],
        "burnProb" : 0.667,
        "burnDamage" : 0.3,
        "burnTime" : 30.0,
        "burnSize" : 4.0,
        "deckHeight" : 6.0,
        "deepwaterVisibilityCoeff" : 0.1,
        "dockYOffset" : -0.0659,
        "draft" : 7.1,
        "enginePower" : 120000.0,
        "floodNodes" : [ [ 0.32, 0.25, 40.0 ], [ 0.32, 0.25, 40.0 ] ],
        "floodProb" : 0.32,
        "floodProtection" : 4.0,
        "floodDamage" : 0.25,
        "floodTime" : 40.0,
        "floodSize" : 2.0,
        "health" : 36600.0,
        "mass" : 1.7344E7,
        "maxRudderAngle" : 30.0,
        "maxSpeed" : 32.5,
        "pushingMaxRudderAngle" : 16.0,
        "pushingMinRudderAngle" : 1.0,
        "rollEffect" : 26.0,
        "rudderPower" : 5.7E7,
        "rudderTime" : 13.28,
        "sideDragCoef" : 450000.0,
        "size" : [ 205.3, 21.6, 26.0 ],
        "smokeScanRadius" : 27.0,
        "speedCoef" : 1.0,
        "tonnage" : 17344.0,
        "torpedoImpactMassImpulseCoeff" : 0.5,
        "turningRadius" : 730.0,
        "underwaterVisibilityCoeff" : 0.5,
        "visibilityCoefATBA" : 1.0E-6,
        "visibilityCoefATBAByPlane" : 1.0E-6,
        "visibilityCoefFire" : 2.0,
        "visibilityCoefFireByPlane" : 3.0,
        "visibilityCoefGK" : 1.0E-6,
        "visibilityCoefGKByPlane" : 4.06,
        "visibilityCoefGKInSmoke" : 7.18,
        "visibilityCoeff" : 22.25,
        "visibilityFactor" : 12.6,
        "visibilityFactorByPlane" : 7.25,
        "visibilityFactorInSmoke" : 1.0E-6,
        "burnSizeSkill" : 4
      },
      "B_Hull" : {
        "backwardPowerCoef" : 3.0,
        "buoyancy" : 200000.0,
        "burnNodes" : [ [ 0.6337, 0.3, 30.0 ], [ 0.6337, 0.3, 30.0 ], [ 0.6337, 0.3, 30.0 ], [ 0.6337, 0.3, 30.0 ] ],
        "burnProb" : 0.6337,
        "burnDamage" : 0.3,
        "burnTime" : 30.0,
        "burnSize" : 4.0,
        "deckHeight" : 6.0,
        "deepwaterVisibilityCoeff" : 0.1,
        "dockYOffset" : -0.0659,
        "draft" : 7.1,
        "enginePower" : 120000.0,
        "floodNodes" : [ [ 0.32, 0.25, 40.0 ], [ 0.32, 0.25, 40.0 ] ],
        "floodProb" : 0.32,
        "floodProtection" : 4.0,
        "floodDamage" : 0.25,
        "floodTime" : 40.0,
        "floodSize" : 2.0,
        "health" : 42400.0,
        "mass" : 1.7344E7,
        "maxRudderAngle" : 30.0,
        "maxSpeed" : 32.5,
        "pushingMaxRudderAngle" : 16.0,
        "pushingMinRudderAngle" : 1.0,
        "rollEffect" : 26.0,
        "rudderPower" : 5.7E7,
        "rudderTime" : 10.2,
        "sideDragCoef" : 450000.0,
        "size" : [ 205.3, 21.6, 26.0 ],
        "smokeScanRadius" : 27.0,
        "speedCoef" : 1.0,
        "tonnage" : 17344.0,
        "torpedoImpactMassImpulseCoeff" : 0.5,
        "turningRadius" : 730.0,
        "underwaterVisibilityCoeff" : 0.5,
        "visibilityCoefATBA" : 1.0E-6,
        "visibilityCoefATBAByPlane" : 1.0E-6,
        "visibilityCoefFire" : 2.0,
        "visibilityCoefFireByPlane" : 3.0,
        "visibilityCoefGK" : 1.0E-6,
        "visibilityCoefGKByPlane" : 4.06,
        "visibilityCoefGKInSmoke" : 7.18,
        "visibilityCoeff" : 22.25,
        "visibilityFactor" : 12.6,
        "visibilityFactorByPlane" : 7.25,
        "visibilityFactorInSmoke" : 1.0E-6,
        "burnSizeSkill" : 4
      }
    },
    "suo" : {
      "AB1_FireControl" : {
        "maxDistCoef" : 1.0,
        "sigmaCountCoef" : 1.0
      },
      "AB2_FireControl" : {
        "maxDistCoef" : 1.1,
        "sigmaCountCoef" : 1.0
      }
    },
    "engine" : {
      "AB_Engine" : {
        "backwardEngineForsag" : 2.5,
        "backwardEngineForsagMaxSpeed" : 2.5,
        "backwardEngineUpTime" : 20.0,
        "backwardSpeedOnFlood" : -0.6,
        "damagedEnginePowerMultiplier" : -0.26,
        "damagedEnginePowerTimeMultiplier" : 5.5,
        "forwardEngineForsag" : 2.5,
        "forwardEngineForsagMaxSpeed" : 2.5,
        "forwardEngineUpTime" : 40.0,
        "forwardSpeedOnFlood" : -0.3,
        "histEnginePower" : 120000.0
      }
    }
  },
  "shipAbilities" : {
    "AbilitySlot0" : {
      "abils" : [ [ "PCY001_CrashCrew", "CV_CA_CL" ], [ "PCY009_CrashCrewPremium", "CV_CA_CL_Gold" ], [ "PCY023_CrashCrewSuper", "CV_CA_CL" ] ],
      "slot" : 0
    },
    "AbilitySlot1" : {
      "abils" : [ [ "PCY003_AirDefenseDisp", "US_Cruisers" ], [ "PCY011_AirDefenseDispPremium", "US_Cruisers_Gold" ], [ "PCY025_AirDefenseDispSuper", "US_Cruisers" ], [ "PCY008_SonarSearch", "C_8_10" ], [ "PCY016_SonarSearchPremium", "C_8_10" ], [ "PCY030_SonarSearchSuper", "C_8_10" ] ],
      "slot" : 1
    },
    "AbilitySlot2" : {
      "abils" : [ [ "PCY019_RLSSearch", "US_8" ], [ "PCY020_RLSSearchPremium", "US_8_PREMIUM" ], [ "PCY032_RLSSearchSuper", "US_8" ], [ "PCY004_Fighter", "Fighter_3" ], [ "PCY012_FighterPremium", "Fighter_3" ], [ "PCY026_FighterSuper", "Fighter_3" ] ],
      "slot" : 2
    },
    "AbilitySlot3" : {
      "abils" : [ ],
      "slot" : 3
    },
    "AbilitySlot4" : {
      "abils" : [ ],
      "slot" : 4
    }
  },
  "shipUpgradeInfo" : {
    "components" : {
      "flightControl" : [ ],
      "artillery" : [ {
        "name" : "PAUA706_CA8_ART_STOCK",
        "ucType" : "_Artillery",
        "position" : 1,
        "elem" : 1,
        "prevType" : "artillery",
        "prevPosition" : 0,
        "components" : {
          "artillery" : [ "AB1_Artillery" ]
        },
        "ucTypeShort" : "artillery",
        "image" : "https://cdn.wowsft.com/images/modules/artillery.png"
      } ],
      "hull" : [ {
        "disabledAbilities" : [ "PCY005_Spotter", "PCY013_SpotterPremium", "PCY027_SpotterSuper" ],
        "name" : "PAUH707_BALTIMORE_A",
        "ucType" : "_Hull",
        "position" : 1,
        "elem" : 2,
        "prevType" : "hull",
        "prevPosition" : 0,
        "components" : {
          "airArmament" : [ "AB_AirArmament" ],
          "airDefense" : [ "A_AirDefense" ],
          "artillery" : [ "AB1_Artillery" ],
          "atba" : [ "AB_ATBA" ],
          "hull" : [ "A_Hull" ],
          "torpedoes" : [ ]
        },
        "ucTypeShort" : "hull",
        "image" : "https://cdn.wowsft.com/images/modules/hull.png"
      }, {
        "disabledAbilities" : [ ],
        "nextShips" : [ "PASC109_Buffalo" ],
        "name" : "PAUH708_BALTIMORE_B",
        "prev" : "PAUH707_BALTIMORE_A",
        "ucType" : "_Hull",
        "position" : 2,
        "elem" : 2,
        "prevType" : "hull",
        "prevPosition" : 1,
        "prevElem" : 2,
        "components" : {
          "airArmament" : [ "AB_AirArmament" ],
          "airDefense" : [ "B_AirDefense" ],
          "artillery" : [ "AB1_Artillery" ],
          "atba" : [ "AB_ATBA" ],
          "hull" : [ "B_Hull" ],
          "torpedoes" : [ ]
        },
        "ucTypeShort" : "hull",
        "image" : "https://cdn.wowsft.com/images/modules/hull.png"
      } ],
      "torpedoes" : [ ],
      "suo" : [ {
        "name" : "PAUS706_CA8_STOCK_SUO",
        "ucType" : "_Suo",
        "position" : 1,
        "elem" : 4,
        "prevType" : "suo",
        "prevPosition" : 0,
        "components" : {
          "suo" : [ "AB1_FireControl" ]
        },
        "ucTypeShort" : "suo",
        "image" : "https://cdn.wowsft.com/images/modules/suo.png"
      }, {
        "name" : "PAUS707_CA8_TOP_SUO",
        "prev" : "PAUS706_CA8_STOCK_SUO",
        "ucType" : "_Suo",
        "position" : 2,
        "elem" : 4,
        "prevType" : "suo",
        "prevPosition" : 1,
        "prevElem" : 4,
        "components" : {
          "suo" : [ "AB2_FireControl" ]
        },
        "ucTypeShort" : "suo",
        "image" : "https://cdn.wowsft.com/images/modules/suo.png"
      } ],
      "fighter" : [ ],
      "torpedoBomber" : [ ],
      "diveBomber" : [ ],
      "engine" : [ {
        "name" : "PAUE705_CA8_ENG_STOCK",
        "ucType" : "_Engine",
        "position" : 1,
        "elem" : 8,
        "prevType" : "engine",
        "prevPosition" : 0,
        "components" : {
          "engine" : [ "AB_Engine" ]
        },
        "ucTypeShort" : "engine",
        "image" : "https://cdn.wowsft.com/images/modules/engine.png"
      } ]
    },
    "cols" : {
      "flightControl" : 0,
      "artillery" : 1,
      "hull" : 1,
      "torpedoes" : 0,
      "suo" : 1,
      "fighter" : 0,
      "torpedoBomber" : 0,
      "diveBomber" : 0,
      "engine" : 1
    },
    "maxRows" : 2,
    "costCR" : 8900000,
    "costXP" : 110000,
    "lockedConfig" : [ ],
    "value" : 1
  },
  "canEquipCamouflage" : true,
  "group" : "upgradeable",
  "id" : 4181637104,
  "index" : "PASC108",
  "level" : 8,
  "maxEquippedFlags" : 8,
  "name" : "PASC108_Baltimore_1944",
  "navalFlag" : "usa",
  "needShowProjectYear" : true,
  "peculiarity" : "default",
  "steerAngle" : [ 0.2, 0.7, 1.0 ],
  "typeinfo" : {
    "nation" : "USA",
    "species" : "Cruiser",
    "type" : "Ship"
  },
  "realShipType" : "Cruiser",
  "realShipTypeId" : "CRUISER",
  "research" : true,
  "prevShipIndex" : "PASC107",
  "prevShipName" : "PASC107_New_Orlean_1944",
  "prevShipXP" : 70000,
  "prevShipCompXP" : 17800,
  "typeImage" : "https://cdn.wowsft.com/images/vehicles/ship_classes/icon_cruiser_standard.png",
  "imageSmall" : "https://cdn.wowsft.com/images/vehicles/ship_previews/PASC108.png"
}