{
    "components" : {
        "airArmament" : {
            "AB_AirArmament" : {
                "auraCoeff" : 1.0,
                "deckPlaceCount" : 0,
                "independentLaunchpad" : false,
                "launchPrepareTime" : 0.0,
                "launchpadType" : "catapult",
                "planesReserveCapacity" : 0
            }
        },
        "airDefense" : {
            "A_AirDefense" : {
                "aaJoint" : {
                    "auraFar" : [ ],
                    "auraMedium" : [
                        {
                            "areaDamage" : 57.0,
                            "areaDamagePeriod" : 0.285714285714,
                            "bubbleDuration" : 4.75,
                            "bubbleRadius" : 1.0,
                            "enableBarrage" : true,
                            "explosionCount" : 15.0,
                            "guns" : [
                                "HP_AGA_11",
                                "HP_AGA_12",
                                "HP_AGA_13",
                                "HP_AGA_14",
                                "HP_AGA_19",
                                "HP_AGA_20",
                                "HP_AGA_24",
                                "HP_AGA_25",
                                "HP_AGA_7",
                                "HP_AGA_8"
                            ],
                            "halfOuterBubbleZone" : 60.0,
                            "hitChance" : 0.9,
                            "innerBubbleSpawnTimeRange" : [
                                3.3,
                                3.8
                            ],
                            "innerBubbleZone" : 20.0,
                            "joint" : true,
                            "maxBubbleActivationDelay" : 0.5,
                            "maxDistance" : 3500.0,
                            "minBubbleActivationDelay" : 0.2,
                            "minDistance" : 100.0,
                            "outerBubbleSpawnTimeRange" : [
                                2.5,
                                3.0
                            ],
                            "shotDelay" : 0.5,
                            "shotTravelTime" : 1.5,
                            "type" : "medium"
                        }
                    ],
                    "auraNear" : [
                        {
                            "areaDamage" : 50.0,
                            "areaDamagePeriod" : 0.285714285714,
                            "bubbleDuration" : 4.75,
                            "bubbleRadius" : 1.0,
                            "enableBarrage" : true,
                            "explosionCount" : 15.0,
                            "guns" : [
                                "HP_AGA_1",
                                "HP_AGA_10",
                                "HP_AGA_15",
                                "HP_AGA_16",
                                "HP_AGA_17",
                                "HP_AGA_18",
                                "HP_AGA_2",
                                "HP_AGA_21",
                                "HP_AGA_22",
                                "HP_AGA_23",
                                "HP_AGA_26",
                                "HP_AGA_27",
                                "HP_AGA_28",
                                "HP_AGA_29",
                                "HP_AGA_3",
                                "HP_AGA_30",
                                "HP_AGA_31",
                                "HP_AGA_32",
                                "HP_AGA_33",
                                "HP_AGA_4",
                                "HP_AGA_5",
                                "HP_AGA_6",
                                "HP_AGA_9"
                            ],
                            "halfOuterBubbleZone" : 60.0,
                            "hitChance" : 0.85,
                            "innerBubbleSpawnTimeRange" : [
                                3.3,
                                3.8
                            ],
                            "innerBubbleZone" : 20.0,
                            "joint" : true,
                            "maxBubbleActivationDelay" : 0.5,
                            "maxDistance" : 2000.0,
                            "minBubbleActivationDelay" : 0.2,
                            "minDistance" : 100.0,
                            "outerBubbleSpawnTimeRange" : [
                                2.5,
                                3.0
                            ],
                            "shotDelay" : 0.1,
                            "shotTravelTime" : 1.0,
                            "type" : "near"
                        }
                    ]
                },
                "ownerlessTracesScatterCoefficient" : 1.0,
                "sectors" : [
                    [
                        0.0,
                        180.0
                    ],
                    [
                        180.0,
                        0.0
                    ]
                ],
                "prioritySectorPhases" : [
                    [
                        5.0,
                        "linear",
                        0.035,
                        1.0,
                        1.5
                    ],
                    [
                        5.0,
                        "linear",
                        0.0,
                        1.5,
                        1.5
                    ]
                ],
                "prioritySectorPreparation" : 10.0,
                "prioritySectorDuration" : 10.0,
                "prioritySectorDamageInitial" : 0.035,
                "prioritySectorCoefficientInitial" : 1.0,
                "prioritySectorCoefficientDuring" : 1.5
            },
            "B_AirDefense" : {
                "aaJoint" : {
                    "auraFar" : [ ],
                    "auraMedium" : [
                        {
                            "areaDamage" : 65.0,
                            "areaDamagePeriod" : 0.285714285714,
                            "bubbleDuration" : 4.75,
                            "bubbleRadius" : 1.0,
                            "enableBarrage" : true,
                            "explosionCount" : 15.0,
                            "guns" : [
                                "HP_AGA_11",
                                "HP_AGA_12",
                                "HP_AGA_13",
                                "HP_AGA_14",
                                "HP_AGA_19",
                                "HP_AGA_20",
                                "HP_AGA_24",
                                "HP_AGA_25",
                                "HP_AGA_7",
                                "HP_AGA_8"
                            ],
                            "halfOuterBubbleZone" : 60.0,
                            "hitChance" : 0.9,
                            "innerBubbleSpawnTimeRange" : [
                                3.3,
                                3.8
                            ],
                            "innerBubbleZone" : 20.0,
                            "joint" : true,
                            "maxBubbleActivationDelay" : 0.5,
                            "maxDistance" : 3500.0,
                            "minBubbleActivationDelay" : 0.2,
                            "minDistance" : 100.0,
                            "outerBubbleSpawnTimeRange" : [
                                2.5,
                                3.0
                            ],
                            "shotDelay" : 0.5,
                            "shotTravelTime" : 1.5,
                            "type" : "medium"
                        }
                    ],
                    "auraNear" : [
                        {
                            "areaDamage" : 83.0,
                            "areaDamagePeriod" : 0.285714285714,
                            "bubbleDuration" : 4.75,
                            "bubbleRadius" : 1.0,
                            "enableBarrage" : true,
                            "explosionCount" : 15.0,
                            "guns" : [
                                "HP_AGA_1",
                                "HP_AGA_10",
                                "HP_AGA_15",
                                "HP_AGA_16",
                                "HP_AGA_17",
                                "HP_AGA_18",
                                "HP_AGA_2",
                                "HP_AGA_21",
                                "HP_AGA_22",
                                "HP_AGA_23",
                                "HP_AGA_26",
                                "HP_AGA_27",
                                "HP_AGA_28",
                                "HP_AGA_29",
                                "HP_AGA_3",
                                "HP_AGA_30",
                                "HP_AGA_31",
                                "HP_AGA_32",
                                "HP_AGA_33",
                                "HP_AGA_4",
                                "HP_AGA_5",
                                "HP_AGA_6",
                                "HP_AGA_9"
                            ],
                            "halfOuterBubbleZone" : 60.0,
                            "hitChance" : 0.85,
                            "innerBubbleSpawnTimeRange" : [
                                3.3,
                                3.8
                            ],
                            "innerBubbleZone" : 20.0,
                            "joint" : true,
                            "maxBubbleActivationDelay" : 0.5,
                            "maxDistance" : 2000.0,
                            "minBubbleActivationDelay" : 0.2,
                            "minDistance" : 100.0,
                            "outerBubbleSpawnTimeRange" : [
                                2.5,
                                3.0
                            ],
                            "shotDelay" : 0.1,
                            "shotTravelTime" : 1.0,
                            "type" : "near"
                        }
                    ]
                },
                "ownerlessTracesScatterCoefficient" : 1.0,
                "sectors" : [
                    [
                        0.0,
                        180.0
                    ],
                    [
                        180.0,
                        0.0
                    ]
                ],
                "prioritySectorPhases" : [
                    [
                        5.0,
                        "linear",
                        0.035,
                        1.0,
                        1.5
                    ],
                    [
                        5.0,
                        "linear",
                        0.0,
                        1.5,
                        1.5
                    ]
                ],
                "prioritySectorPreparation" : 10.0,
                "prioritySectorDuration" : 10.0,
                "prioritySectorDamageInitial" : 0.035,
                "prioritySectorCoefficientInitial" : 1.0,
                "prioritySectorCoefficientDuring" : 1.5
            }
        },
        "artillery" : {
            "AB1_Artillery" : {
                "turrets" : [
                    {
                        "ammoList" : [
                            "PAPA051_152mm_HE_HC_Mark_39_Mod_0",
                            "PAPA019_Shell_152mm_AP_AP_Mk_35"
                        ],
                        "barrelDiameter" : 0.152,
                        "coeffPerSecondMin" : 0.3,
                        "deadZone" : [ ],
                        "delim" : 0.5,
                        "ellipseRangeMax" : 250.0,
                        "ellipseRangeMin" : 50.0,
                        "horizSector" : [
                            210.0,
                            150.0
                        ],
                        "id" : 4285130736,
                        "idealDistance" : 1000.0,
                        "idealRadius" : 8.0,
                        "index" : "PAGM009",
                        "maxEllipseRanging" : 1.003,
                        "medEllipseRanging" : 1.002,
                        "minEllipseRanging" : 1.001,
                        "minRadius" : 1.1,
                        "name" : "PAGM009_6in47_CL55",
                        "numBarrels" : 3,
                        "onMoveTarPosCoeffDelim" : 1.001,
                        "onMoveTarPosCoeffMaxDist" : 1.002,
                        "onMoveTarPosCoeffZero" : 1.0,
                        "onMoveTarPosDelim" : 0.1,
                        "position" : [
                            1.0,
                            1.0
                        ],
                        "radiusOnDelim" : 0.5,
                        "radiusOnMax" : 0.6,
                        "radiusOnZero" : 0.2,
                        "reduceTime" : 0.1,
                        "rotationSpeed" : [
                            10.0,
                            11.0
                        ],
                        "shotDelay" : 6.5,
                        "smokePenalty" : 1.0E-4,
                        "typeinfo" : {
                            "nation" : "USA",
                            "species" : "Main",
                            "type" : "Gun"
                        },
                        "vertSector" : [
                            -2.0,
                            60.0
                        ]
                    },
                    {
                        "ammoList" : [
                            "PAPA051_152mm_HE_HC_Mark_39_Mod_0",
                            "PAPA019_Shell_152mm_AP_AP_Mk_35"
                        ],
                        "barrelDiameter" : 0.152,
                        "coeffPerSecondMin" : 0.3,
                        "deadZone" : [ ],
                        "delim" : 0.5,
                        "ellipseRangeMax" : 250.0,
                        "ellipseRangeMin" : 50.0,
                        "horizSector" : [
                            210.0,
                            150.0
                        ],
                        "id" : 4285130736,
                        "idealDistance" : 1000.0,
                        "idealRadius" : 8.0,
                        "index" : "PAGM009",
                        "maxEllipseRanging" : 1.003,
                        "medEllipseRanging" : 1.002,
                        "minEllipseRanging" : 1.001,
                        "minRadius" : 1.1,
                        "name" : "PAGM009_6in47_CL55",
                        "numBarrels" : 3,
                        "onMoveTarPosCoeffDelim" : 1.001,
                        "onMoveTarPosCoeffMaxDist" : 1.002,
                        "onMoveTarPosCoeffZero" : 1.0,
                        "onMoveTarPosDelim" : 0.1,
                        "position" : [
                            2.0,
                            1.0
                        ],
                        "radiusOnDelim" : 0.5,
                        "radiusOnMax" : 0.6,
                        "radiusOnZero" : 0.2,
                        "reduceTime" : 0.1,
                        "rotationSpeed" : [
                            10.0,
                            11.0
                        ],
                        "shotDelay" : 6.5,
                        "smokePenalty" : 1.0E-4,
                        "typeinfo" : {
                            "nation" : "USA",
                            "species" : "Main",
                            "type" : "Gun"
                        },
                        "vertSector" : [
                            -2.0,
                            60.0
                        ]
                    },
                    {
                        "ammoList" : [
                            "PAPA051_152mm_HE_HC_Mark_39_Mod_0",
                            "PAPA019_Shell_152mm_AP_AP_Mk_35"
                        ],
                        "barrelDiameter" : 0.152,
                        "coeffPerSecondMin" : 0.3,
                        "deadZone" : [ ],
                        "delim" : 0.5,
                        "ellipseRangeMax" : 250.0,
                        "ellipseRangeMin" : 50.0,
                        "horizSector" : [
                            210.0,
                            150.0
                        ],
                        "id" : 4285130736,
                        "idealDistance" : 1000.0,
                        "idealRadius" : 8.0,
                        "index" : "PAGM009",
                        "maxEllipseRanging" : 1.003,
                        "medEllipseRanging" : 1.002,
                        "minEllipseRanging" : 1.001,
                        "minRadius" : 1.1,
                        "name" : "PAGM009_6in47_CL55",
                        "numBarrels" : 3,
                        "onMoveTarPosCoeffDelim" : 1.001,
                        "onMoveTarPosCoeffMaxDist" : 1.002,
                        "onMoveTarPosCoeffZero" : 1.0,
                        "onMoveTarPosDelim" : 0.1,
                        "position" : [
                            4.0,
                            1.0
                        ],
                        "radiusOnDelim" : 0.5,
                        "radiusOnMax" : 0.6,
                        "radiusOnZero" : 0.2,
                        "reduceTime" : 0.1,
                        "rotationSpeed" : [
                            10.0,
                            11.0
                        ],
                        "shotDelay" : 6.5,
                        "smokePenalty" : 1.0E-4,
                        "typeinfo" : {
                            "nation" : "USA",
                            "species" : "Main",
                            "type" : "Gun"
                        },
                        "vertSector" : [
                            -2.0,
                            60.0
                        ]
                    },
                    {
                        "ammoList" : [
                            "PAPA051_152mm_HE_HC_Mark_39_Mod_0",
                            "PAPA019_Shell_152mm_AP_AP_Mk_35"
                        ],
                        "barrelDiameter" : 0.152,
                        "coeffPerSecondMin" : 0.3,
                        "deadZone" : [ ],
                        "delim" : 0.5,
                        "ellipseRangeMax" : 250.0,
                        "ellipseRangeMin" : 50.0,
                        "horizSector" : [
                            210.0,
                            150.0
                        ],
                        "id" : 4285130736,
                        "idealDistance" : 1000.0,
                        "idealRadius" : 8.0,
                        "index" : "PAGM009",
                        "maxEllipseRanging" : 1.003,
                        "medEllipseRanging" : 1.002,
                        "minEllipseRanging" : 1.001,
                        "minRadius" : 1.1,
                        "name" : "PAGM009_6in47_CL55",
                        "numBarrels" : 3,
                        "onMoveTarPosCoeffDelim" : 1.001,
                        "onMoveTarPosCoeffMaxDist" : 1.002,
                        "onMoveTarPosCoeffZero" : 1.0,
                        "onMoveTarPosDelim" : 0.1,
                        "position" : [
                            5.0,
                            1.0
                        ],
                        "radiusOnDelim" : 0.5,
                        "radiusOnMax" : 0.6,
                        "radiusOnZero" : 0.2,
                        "reduceTime" : 0.1,
                        "rotationSpeed" : [
                            10.0,
                            11.0
                        ],
                        "shotDelay" : 6.5,
                        "smokePenalty" : 1.0E-4,
                        "typeinfo" : {
                            "nation" : "USA",
                            "species" : "Main",
                            "type" : "Gun"
                        },
                        "vertSector" : [
                            -2.0,
                            60.0
                        ]
                    }
                ],
                "turretTypes" : {
                    "3" : [
                        4,
                        "PAGM009_6in47_CL55"
                    ]
                },
                "maxDist" : 14200.0,
                "minDistH" : 50.0,
                "minDistV" : 110.0,
                "normalDistribution" : true,
                "sigmaCount" : 2.0,
                "taperDist" : 4000.0,
                "GMIdealRadius" : 1.0,
                "barrelDiameter" : 0.152,
                "numBarrels" : 12
            }
        },
        "atba" : {
            "AB_ATBA" : {
                "aaJoint" : {
                    "auraFar" : [
                        {
                            "areaDamage" : 31.0,
                            "areaDamagePeriod" : 0.285714285714,
                            "bubbleDuration" : 3.0,
                            "enableBarrage" : true,
                            "guns" : [
                                "HP_AGS_1",
                                "HP_AGS_2",
                                "HP_AGS_3",
                                "HP_AGS_4",
                                "HP_AGS_5",
                                "HP_AGS_6"
                            ],
                            "halfOuterBubbleZone" : 50.0,
                            "hitChance" : 0.9,
                            "innerBubbleSpawnTimeRange" : [
                                2.65,
                                3.15
                            ],
                            "innerBubbleZone" : 20.0,
                            "joint" : true,
                            "maxBubbleActivationDelay" : 0.4,
                            "maxDistance" : 5800.0,
                            "minBubbleActivationDelay" : 0.1,
                            "minDistance" : 100.0,
                            "outerBubbleSpawnTimeRange" : [
                                2.45,
                                2.65
                            ],
                            "shotDelay" : 5.0,
                            "shotTravelTime" : 1.51,
                            "type" : "far"
                        },
                        {
                            "areaDamagePeriod" : 0.285714285714,
                            "bubbleDamage" : 220.0,
                            "bubbleDuration" : 3.0,
                            "bubbleRadius" : 2.567,
                            "enableBarrage" : true,
                            "explosionCount" : 2.0,
                            "guns" : [
                                "HP_AGS_1",
                                "HP_AGS_2",
                                "HP_AGS_3",
                                "HP_AGS_4",
                                "HP_AGS_5",
                                "HP_AGS_6"
                            ],
                            "halfOuterBubbleZone" : 50.0,
                            "hitChance" : 0.9,
                            "innerBubbleCount" : 4,
                            "innerBubbleSpawnTimeRange" : [
                                2.65,
                                3.15
                            ],
                            "innerBubbleZone" : 20.0,
                            "joint" : true,
                            "maxBubbleActivationDelay" : 0.4,
                            "maxDistance" : 5800.0,
                            "minBubbleActivationDelay" : 0.1,
                            "minDistance" : 3500.0,
                            "outerBubbleCount" : 1.0,
                            "outerBubbleSpawnTimeRange" : [
                                2.45,
                                2.65
                            ],
                            "shotDelay" : 5.0,
                            "shotTravelTime" : 1.51,
                            "type" : "far"
                        }
                    ],
                    "auraMedium" : [ ],
                    "auraNear" : [ ]
                },
                "secondaries" : {
                    "PAGS010_5in38_Mk32_Mod12" : {
                        "ammoList" : [
                            "PAPA018_Main_127mm_HE_C_Mk_32"
                        ],
                        "antiAirAuraDistance" : 167.0,
                        "antiAirAuraStrength" : 0.151,
                        "barrelDiameter" : 0.127,
                        "deadZone" : [
                            [
                                -30.0,
                                30.0
                            ]
                        ],
                        "delim" : 0.6,
                        "horizSector" : [
                            -140.0,
                            140.0
                        ],
                        "id" : 4283885552,
                        "idealDistance" : 333.333,
                        "idealRadius" : 20.0,
                        "index" : "PAGS010",
                        "minRadius" : 1.0,
                        "name" : "PAGS010_5in38_Mk32_Mod12",
                        "numBarrels" : 2,
                        "radiusOnDelim" : 0.8,
                        "radiusOnMax" : 1.0,
                        "radiusOnZero" : 0.1,
                        "rotationSpeed" : [
                            60.0,
                            1.0
                        ],
                        "shotDelay" : 6.0,
                        "smallGun" : true,
                        "smokePenalty" : 1.0E-4,
                        "typeinfo" : {
                            "nation" : "USA",
                            "species" : "Secondary",
                            "type" : "Gun"
                        },
                        "vertSector" : [
                            -2.0,
                            85.0
                        ],
                        "GSIdealRadius" : 1.0,
                        "count" : 6
                    }
                },
                "maxDist" : 6600.0,
                "minDistH" : 50.0,
                "minDistV" : 110.0,
                "sigmaCount" : 1.0,
                "GSIdealRadius" : 1.0
            }
        },
        "hull" : {
            "A_Hull" : {
                "backwardPowerCoef" : 3.0,
                "buoyancy" : 200000.0,
                "buoyancyRudderTime" : 1.0,
                "burnNodes" : [
                    [
                        0.667,
                        0.3,
                        30.0
                    ],
                    [
                        0.667,
                        0.3,
                        30.0
                    ],
                    [
                        0.667,
                        0.3,
                        30.0
                    ],
                    [
                        0.667,
                        0.3,
                        30.0
                    ]
                ],
                "burnProb" : 0.667,
                "burnDamage" : 0.3,
                "burnTime" : 30.0,
                "burnSize" : 4,
                "deckHeight" : 6.0,
                "dockYOffset" : -0.0678,
                "draft" : 7.47,
                "enginePower" : 100000.0,
                "floodNodes" : [
                    [
                        0.32,
                        0.25,
                        40.0
                    ],
                    [
                        0.32,
                        0.25,
                        40.0
                    ]
                ],
                "floodProb" : 0.32,
                "floodProtection" : 4.0,
                "floodDamage" : 0.25,
                "floodTime" : 40.0,
                "floodSize" : 2,
                "health" : 30600.0,
                "mass" : 1.3976E7,
                "maxRudderAngle" : 30.0,
                "maxSpeed" : 32.5,
                "pushingMaxRudderAngle" : 16.0,
                "pushingMinRudderAngle" : 1.0,
                "rollEffect" : 21.0,
                "rudderPower" : 6.0E7,
                "rudderTime" : 12.2,
                "sideDragCoef" : 400000.0,
                "size" : [
                    185.9,
                    20.2,
                    25.0
                ],
                "smokeScanRadius" : 27.0,
                "speedCoef" : 1.0,
                "tonnage" : 10160.0,
                "torpedoImpactMassImpulseCoeff" : 0.5,
                "turningRadius" : 660.0,
                "visibilityCoefATBA" : 1.0E-6,
                "visibilityCoefATBAByPlane" : 1.0E-6,
                "visibilityCoefFire" : 2.0,
                "visibilityCoefFireByPlane" : 3.0,
                "visibilityCoefGK" : 1.0E-6,
                "visibilityCoefGKByPlane" : 3.04,
                "visibilityCoefGKInSmoke" : 5.64,
                "visibilityCoeff" : 20.88,
                "visibilityFactor" : 11.88,
                "visibilityFactorByPlane" : 7.16,
                "visibilityFactorInSmoke" : 1.0E-6,
                "burnSizeSkill" : 4
            },
            "B_Hull" : {
                "backwardPowerCoef" : 3.0,
                "buoyancy" : 200000.0,
                "buoyancyRudderTime" : 1.0,
                "burnNodes" : [
                    [
                        0.6337,
                        0.3,
                        30.0
                    ],
                    [
                        0.6337,
                        0.3,
                        30.0
                    ],
                    [
                        0.6337,
                        0.3,
                        30.0
                    ],
                    [
                        0.6337,
                        0.3,
                        30.0
                    ]
                ],
                "burnProb" : 0.6337,
                "burnDamage" : 0.3,
                "burnTime" : 30.0,
                "burnSize" : 4,
                "deckHeight" : 6.0,
                "dockYOffset" : -0.0678,
                "draft" : 7.47,
                "enginePower" : 100000.0,
                "floodNodes" : [
                    [
                        0.32,
                        0.25,
                        40.0
                    ],
                    [
                        0.32,
                        0.25,
                        40.0
                    ]
                ],
                "floodProb" : 0.32,
                "floodProtection" : 4.0,
                "floodDamage" : 0.25,
                "floodTime" : 40.0,
                "floodSize" : 2,
                "health" : 36900.0,
                "mass" : 1.3976E7,
                "maxRudderAngle" : 30.0,
                "maxSpeed" : 32.5,
                "pushingMaxRudderAngle" : 16.0,
                "pushingMinRudderAngle" : 1.0,
                "rollEffect" : 21.0,
                "rudderPower" : 6.0E7,
                "rudderTime" : 9.4,
                "sideDragCoef" : 400000.0,
                "size" : [
                    185.9,
                    20.2,
                    25.0
                ],
                "smokeScanRadius" : 27.0,
                "speedCoef" : 1.0,
                "tonnage" : 13976.0,
                "torpedoImpactMassImpulseCoeff" : 0.5,
                "turningRadius" : 660.0,
                "visibilityCoefATBA" : 1.0E-6,
                "visibilityCoefATBAByPlane" : 1.0E-6,
                "visibilityCoefFire" : 2.0,
                "visibilityCoefFireByPlane" : 3.0,
                "visibilityCoefGK" : 1.0E-6,
                "visibilityCoefGKByPlane" : 3.04,
                "visibilityCoefGKInSmoke" : 5.64,
                "visibilityCoeff" : 20.88,
                "visibilityFactor" : 11.88,
                "visibilityFactorByPlane" : 7.16,
                "visibilityFactorInSmoke" : 1.0E-6,
                "burnSizeSkill" : 4
            }
        },
        "suo" : {
            "AB1_FireControl" : {
                "maxDistCoef" : 1.0,
                "sigmaCountCoef" : 1.0
            },
            "AB2_FireControl" : {
                "maxDistCoef" : 1.1,
                "sigmaCountCoef" : 1.0
            }
        },
        "engine" : {
            "AB_Engine" : {
                "backwardEngineForsag" : 2.5,
                "backwardEngineForsagMaxSpeed" : 2.5,
                "backwardEngineUpTime" : 20.0,
                "backwardSpeedOnFlood" : -0.6,
                "damagedEnginePowerMultiplier" : -0.6,
                "damagedEnginePowerTimeMultiplier" : 5.5,
                "forwardEngineForsag" : 2.5,
                "forwardEngineForsagMaxSpeed" : 2.5,
                "forwardEngineUpTime" : 40.0,
                "forwardSpeedOnFlood" : -0.3,
                "histEnginePower" : 100000.0
            }
        }
    },
    "shipAbilities" : {
        "AbilitySlot0" : {
            "abils" : [
                [
                    "PCY009_CrashCrewPremium",
                    "CV_CA_CL_Gold"
                ]
            ],
            "slot" : 0
        },
        "AbilitySlot1" : {
            "abils" : [
                [
                    "PCY011_AirDefenseDispPremium",
                    "US_Cruisers_Gold"
                ]
            ],
            "slot" : 1
        },
        "AbilitySlot2" : {
            "abils" : [
                [
                    "PCY020_RLSSearchPremium",
                    "US_8_CL_CLEV"
                ],
                [
                    "PCY013_SpotterPremium",
                    "Default"
                ],
                [
                    "PCY012_FighterPremium",
                    "Fighter_3"
                ]
            ],
            "slot" : 2
        },
        "AbilitySlot3" : {
            "abils" : [
                [
                    "PCY016_SonarSearchPremium",
                    "C_8_10"
                ]
            ],
            "slot" : 3
        },
        "AbilitySlot4" : {
            "slot" : 4
        }
    },
    "shipUpgradeInfo" : {
        "components" : {
            "flightControl" : [ ],
            "artillery" : [
                {
                    "name" : "PAUA704_CL8_ART_STOCK",
                    "ucType" : "_Artillery",
                    "ucTypeShort" : "artillery",
                    "position" : 1,
                    "elem" : 1,
                    "prevType" : "artillery",
                    "prevPosition" : 0,
                    "components" : {
                        "artillery" : [
                            "AB1_Artillery"
                        ]
                    },
                    "image" : "https://cdn.wowsft.com/images/modules/icon_module_Artillery.png"
                }
            ],
            "hull" : [
                {
                    "name" : "PAUH705_CLEVELAND_A",
                    "ucType" : "_Hull",
                    "ucTypeShort" : "hull",
                    "position" : 1,
                    "elem" : 2,
                    "prevType" : "hull",
                    "prevPosition" : 0,
                    "components" : {
                        "airArmament" : [
                            "AB_AirArmament"
                        ],
                        "airDefense" : [
                            "A_AirDefense"
                        ],
                        "artillery" : [
                            "AB1_Artillery"
                        ],
                        "atba" : [
                            "AB_ATBA"
                        ],
                        "depthCharges" : [ ],
                        "hull" : [
                            "A_Hull"
                        ],
                        "pinger" : [ ],
                        "torpedoes" : [ ]
                    },
                    "image" : "https://cdn.wowsft.com/images/modules/icon_module_Hull.png"
                },
                {
                    "nextShips" : [
                        "PASC209_Seattle"
                    ],
                    "name" : "PAUH706_CLEVELAND_B",
                    "prev" : "PAUH705_CLEVELAND_A",
                    "ucType" : "_Hull",
                    "ucTypeShort" : "hull",
                    "position" : 2,
                    "elem" : 2,
                    "prevType" : "hull",
                    "prevPosition" : 1,
                    "prevElem" : 2,
                    "components" : {
                        "airArmament" : [
                            "AB_AirArmament"
                        ],
                        "airDefense" : [
                            "B_AirDefense"
                        ],
                        "artillery" : [
                            "AB1_Artillery"
                        ],
                        "atba" : [
                            "AB_ATBA"
                        ],
                        "depthCharges" : [ ],
                        "hull" : [
                            "B_Hull"
                        ],
                        "pinger" : [ ],
                        "torpedoes" : [ ]
                    },
                    "image" : "https://cdn.wowsft.com/images/modules/icon_module_Hull.png"
                }
            ],
            "torpedoes" : [ ],
            "suo" : [
                {
                    "name" : "PAUS704_CL8_STOCK_SUO",
                    "ucType" : "_Suo",
                    "ucTypeShort" : "suo",
                    "position" : 1,
                    "elem" : 4,
                    "prevType" : "suo",
                    "prevPosition" : 0,
                    "components" : {
                        "suo" : [
                            "AB1_FireControl"
                        ]
                    },
                    "image" : "https://cdn.wowsft.com/images/modules/icon_module_Suo.png"
                },
                {
                    "name" : "PAUS705_CL8_TOP_SUO",
                    "prev" : "PAUS704_CL8_STOCK_SUO",
                    "ucType" : "_Suo",
                    "ucTypeShort" : "suo",
                    "position" : 2,
                    "elem" : 4,
                    "prevType" : "suo",
                    "prevPosition" : 1,
                    "prevElem" : 4,
                    "components" : {
                        "suo" : [
                            "AB2_FireControl"
                        ]
                    },
                    "image" : "https://cdn.wowsft.com/images/modules/icon_module_Suo.png"
                }
            ],
            "fighter" : [ ],
            "torpedoBomber" : [ ],
            "diveBomber" : [ ],
            "skipBomber" : [ ],
            "engine" : [
                {
                    "name" : "PAUE704_CL8_ENG_STOCK",
                    "ucType" : "_Engine",
                    "ucTypeShort" : "engine",
                    "position" : 1,
                    "elem" : 9,
                    "prevType" : "engine",
                    "prevPosition" : 0,
                    "components" : {
                        "engine" : [
                            "AB_Engine"
                        ]
                    },
                    "image" : "https://cdn.wowsft.com/images/modules/icon_module_Engine.png"
                }
            ]
        },
        "cols" : {
            "artillery" : 1,
            "hull" : 1,
            "torpedoes" : 0,
            "suo" : 1,
            "fighter" : 0,
            "torpedoBomber" : 0,
            "diveBomber" : 0,
            "skipBomber" : 0,
            "engine" : 1
        },
        "maxRows" : 2,
        "costCR" : 8900000,
        "costXP" : 110000,
        "value" : 1
    },
    "battleLevels" : { },
    "canEquipCamouflage" : true,
    "group" : "upgradeable",
    "id" : 4076779504,
    "index" : "PASC208",
    "level" : 8,
    "maxEquippedFlags" : 8,
    "name" : "PASC208_Cleveland",
    "navalFlag" : "usa",
    "needShowProjectYear" : true,
    "peculiarity" : "default",
    "steerAngle" : [
        0.2,
        0.7,
        1.0
    ],
    "typeinfo" : {
        "nation" : "USA",
        "species" : "Cruiser",
        "type" : "Ship"
    },
    "realShipType" : "Cruiser",
    "realShipTypeId" : "CRUISER",
    "research" : true,
    "prevShipIndex" : "PASC207",
    "prevShipName" : "PASC207_Helena",
    "prevShipXP" : 75000,
    "prevShipCompXP" : 14300,
    "typeImage" : "https://cdn.wowsft.com/images/vehicles/ship_classes/icon_cruiser_standard.png",
    "imageSmall" : "https://cdn.wowsft.com/images/vehicles/ship_previews/PASC208.png"
}