{
    "components" : {
        "airArmament" : {
            "A_AirArmament" : {
                "auraCoeff" : 1.0,
                "deckPlaceCount" : 0,
                "independentLaunchpad" : false,
                "launchPrepareTime" : 0.0,
                "launchpadType" : "catapult",
                "planesReserveCapacity" : 0
            }
        },
        "airDefense" : {
            "A_AirDefense" : {
                "aaJoint" : {
                    "auraFar" : [ ],
                    "auraMedium" : [
                        {
                            "areaDamage" : 78.0,
                            "areaDamagePeriod" : 0.285714285714,
                            "bubbleDuration" : 4.75,
                            "bubbleRadius" : 1.0,
                            "enableBarrage" : true,
                            "explosionCount" : 15.0,
                            "guns" : [
                                "HP_AGA_1",
                                "HP_AGA_10",
                                "HP_AGA_13",
                                "HP_AGA_14",
                                "HP_AGA_15",
                                "HP_AGA_16",
                                "HP_AGA_17",
                                "HP_AGA_18",
                                "HP_AGA_19",
                                "HP_AGA_2",
                                "HP_AGA_20",
                                "HP_AGA_33",
                                "HP_AGA_34",
                                "HP_AGA_9"
                            ],
                            "halfOuterBubbleZone" : 60.0,
                            "hitChance" : 0.9,
                            "innerBubbleSpawnTimeRange" : [
                                3.3,
                                3.8
                            ],
                            "innerBubbleZone" : 20.0,
                            "joint" : true,
                            "maxBubbleActivationDelay" : 0.5,
                            "maxDistance" : 3500.0,
                            "minBubbleActivationDelay" : 0.2,
                            "minDistance" : 100.0,
                            "outerBubbleSpawnTimeRange" : [
                                2.5,
                                3.0
                            ],
                            "shotDelay" : 0.5,
                            "shotTravelTime" : 1.5,
                            "type" : "medium"
                        }
                    ],
                    "auraNear" : [
                        {
                            "areaDamage" : 43.0,
                            "areaDamagePeriod" : 0.285714285714,
                            "bubbleDuration" : 4.75,
                            "bubbleRadius" : 1.0,
                            "enableBarrage" : true,
                            "explosionCount" : 15.0,
                            "guns" : [
                                "HP_AGA_11",
                                "HP_AGA_12",
                                "HP_AGA_21",
                                "HP_AGA_22",
                                "HP_AGA_23",
                                "HP_AGA_24",
                                "HP_AGA_25",
                                "HP_AGA_26",
                                "HP_AGA_27",
                                "HP_AGA_28",
                                "HP_AGA_29",
                                "HP_AGA_3",
                                "HP_AGA_30",
                                "HP_AGA_31",
                                "HP_AGA_32",
                                "HP_AGA_4",
                                "HP_AGA_5",
                                "HP_AGA_6",
                                "HP_AGA_7",
                                "HP_AGA_8"
                            ],
                            "halfOuterBubbleZone" : 60.0,
                            "hitChance" : 0.85,
                            "innerBubbleSpawnTimeRange" : [
                                3.3,
                                3.8
                            ],
                            "innerBubbleZone" : 20.0,
                            "joint" : true,
                            "maxBubbleActivationDelay" : 0.5,
                            "maxDistance" : 2000.0,
                            "minBubbleActivationDelay" : 0.2,
                            "minDistance" : 100.0,
                            "outerBubbleSpawnTimeRange" : [
                                2.5,
                                3.0
                            ],
                            "shotDelay" : 0.1,
                            "shotTravelTime" : 1.0,
                            "type" : "near"
                        }
                    ]
                },
                "ownerlessTracesScatterCoefficient" : 1.0,
                "sectors" : [
                    [
                        0.0,
                        180.0
                    ],
                    [
                        180.0,
                        0.0
                    ]
                ],
                "prioritySectorPhases" : [
                    [
                        5.0,
                        "linear",
                        0.035,
                        1.0,
                        1.5
                    ],
                    [
                        5.0,
                        "linear",
                        0.0,
                        1.5,
                        1.5
                    ]
                ],
                "prioritySectorPreparation" : 10.0,
                "prioritySectorDuration" : 10.0,
                "prioritySectorDamageInitial" : 0.035,
                "prioritySectorCoefficientInitial" : 1.0,
                "prioritySectorCoefficientDuring" : 1.5
            }
        },
        "airSupport" : {
            "A_AirSupport" : {
                "chargesNum" : 2,
                "climbAngle" : 30,
                "flyAwayTime" : 5.0,
                "maxDist" : 5000,
                "maxPlaneFlightDist" : 4550,
                "minDist" : 500,
                "planeName" : "PAAD903_ASW_T8_ALT",
                "reloadTime" : 90.0,
                "timeBetweenShots" : 2.0,
                "timeFromHeaven" : 2.0
            }
        },
        "artillery" : {
            "A_Artillery" : {
                "turrets" : [
                    {
                        "ammoList" : [
                            "PAPA136_305MM_HE_CONGRESS",
                            "PAPA137_305MM_AP_CONGRESS"
                        ],
                        "barrelDiameter" : 0.305,
                        "coeffPerSecondMin" : 0.3,
                        "deadZone" : [ ],
                        "delim" : 0.5,
                        "ellipseRangeMax" : 250.0,
                        "ellipseRangeMin" : 50.0,
                        "horizSector" : [
                            -143.0,
                            143.0
                        ],
                        "id" : 4077512688,
                        "idealDistance" : 1000.0,
                        "idealRadius" : 10.0,
                        "index" : "PAGM207",
                        "maxEllipseRanging" : 1.003,
                        "medEllipseRanging" : 1.002,
                        "minEllipseRanging" : 1.001,
                        "minRadius" : 1.6,
                        "name" : "PAGM207_12in50_Mk8_Twin",
                        "numBarrels" : 2,
                        "onMoveTarPosCoeffDelim" : 1.001,
                        "onMoveTarPosCoeffMaxDist" : 1.002,
                        "onMoveTarPosCoeffZero" : 1.0,
                        "onMoveTarPosDelim" : 0.1,
                        "position" : [
                            1.0,
                            1.0
                        ],
                        "radiusOnDelim" : 0.5,
                        "radiusOnMax" : 0.6,
                        "radiusOnZero" : 0.2,
                        "reduceTime" : 0.1,
                        "rotationSpeed" : [
                            6.0,
                            12.0
                        ],
                        "shotDelay" : 22.0,
                        "smokePenalty" : 1.0E-4,
                        "typeinfo" : {
                            "nation" : "USA",
                            "species" : "Main",
                            "type" : "Gun"
                        },
                        "vertSector" : [
                            -1.0,
                            45.0
                        ]
                    },
                    {
                        "ammoList" : [
                            "PAPA136_305MM_HE_CONGRESS",
                            "PAPA137_305MM_AP_CONGRESS"
                        ],
                        "barrelDiameter" : 0.305,
                        "coeffPerSecondMin" : 0.3,
                        "deadZone" : [ ],
                        "delim" : 0.5,
                        "ellipseRangeMax" : 250.0,
                        "ellipseRangeMin" : 50.0,
                        "horizSector" : [
                            -143.0,
                            143.0
                        ],
                        "id" : 4108969968,
                        "idealDistance" : 1000.0,
                        "idealRadius" : 10.0,
                        "index" : "PAGM177",
                        "maxEllipseRanging" : 1.003,
                        "medEllipseRanging" : 1.002,
                        "minEllipseRanging" : 1.001,
                        "minRadius" : 1.6,
                        "name" : "PAGM177_12in50_Mk8_Triple",
                        "numBarrels" : 3,
                        "onMoveTarPosCoeffDelim" : 1.001,
                        "onMoveTarPosCoeffMaxDist" : 1.002,
                        "onMoveTarPosCoeffZero" : 1.0,
                        "onMoveTarPosDelim" : 0.1,
                        "position" : [
                            2.0,
                            1.0
                        ],
                        "radiusOnDelim" : 0.5,
                        "radiusOnMax" : 0.6,
                        "radiusOnZero" : 0.2,
                        "reduceTime" : 0.1,
                        "rotationSpeed" : [
                            6.0,
                            12.0
                        ],
                        "shotDelay" : 22.0,
                        "smokePenalty" : 1.0E-4,
                        "typeinfo" : {
                            "nation" : "USA",
                            "species" : "Main",
                            "type" : "Gun"
                        },
                        "vertSector" : [
                            -1.0,
                            45.0
                        ]
                    },
                    {
                        "ammoList" : [
                            "PAPA136_305MM_HE_CONGRESS",
                            "PAPA137_305MM_AP_CONGRESS"
                        ],
                        "barrelDiameter" : 0.305,
                        "coeffPerSecondMin" : 0.3,
                        "deadZone" : [ ],
                        "delim" : 0.5,
                        "ellipseRangeMax" : 250.0,
                        "ellipseRangeMin" : 50.0,
                        "horizSector" : [
                            -150.0,
                            150.0
                        ],
                        "id" : 4077512688,
                        "idealDistance" : 1000.0,
                        "idealRadius" : 10.0,
                        "index" : "PAGM207",
                        "maxEllipseRanging" : 1.003,
                        "medEllipseRanging" : 1.002,
                        "minEllipseRanging" : 1.001,
                        "minRadius" : 1.6,
                        "name" : "PAGM207_12in50_Mk8_Twin",
                        "numBarrels" : 2,
                        "onMoveTarPosCoeffDelim" : 1.001,
                        "onMoveTarPosCoeffMaxDist" : 1.002,
                        "onMoveTarPosCoeffZero" : 1.0,
                        "onMoveTarPosDelim" : 0.1,
                        "position" : [
                            5.0,
                            1.0
                        ],
                        "radiusOnDelim" : 0.5,
                        "radiusOnMax" : 0.6,
                        "radiusOnZero" : 0.2,
                        "reduceTime" : 0.1,
                        "rotationSpeed" : [
                            6.0,
                            12.0
                        ],
                        "shotDelay" : 22.0,
                        "smokePenalty" : 1.0E-4,
                        "typeinfo" : {
                            "nation" : "USA",
                            "species" : "Main",
                            "type" : "Gun"
                        },
                        "vertSector" : [
                            -3.0,
                            45.0
                        ]
                    }
                ],
                "turretTypes" : {
                    "2" : [
                        2,
                        "PAGM207_12in50_Mk8_Twin"
                    ],
                    "3" : [
                        1,
                        "PAGM177_12in50_Mk8_Triple"
                    ]
                },
                "maxDist" : 17500.0,
                "minDistH" : 50.0,
                "minDistV" : 110.0,
                "normalDistribution" : true,
                "sigmaCount" : 2.05,
                "taperDist" : 4000.0,
                "GMIdealRadius" : 1.0,
                "barrelDiameter" : 0.305,
                "numBarrels" : 7
            }
        },
        "atba" : {
            "A_ATBA" : {
                "aaJoint" : {
                    "auraFar" : [
                        {
                            "areaDamage" : 31.0,
                            "areaDamagePeriod" : 0.285714285714,
                            "bubbleDuration" : 3.0,
                            "enableBarrage" : true,
                            "guns" : [
                                "HP_AGS_1",
                                "HP_AGS_2",
                                "HP_AGS_3",
                                "HP_AGS_4",
                                "HP_AGS_5",
                                "HP_AGS_6"
                            ],
                            "halfOuterBubbleZone" : 50.0,
                            "hitChance" : 0.9,
                            "innerBubbleSpawnTimeRange" : [
                                2.65,
                                3.15
                            ],
                            "innerBubbleZone" : 20.0,
                            "joint" : true,
                            "maxBubbleActivationDelay" : 0.4,
                            "maxDistance" : 5800.0,
                            "minBubbleActivationDelay" : 0.1,
                            "minDistance" : 100.0,
                            "outerBubbleSpawnTimeRange" : [
                                2.45,
                                2.65
                            ],
                            "shotDelay" : 5.0,
                            "shotTravelTime" : 1.51,
                            "type" : "far"
                        },
                        {
                            "areaDamagePeriod" : 0.285714285714,
                            "bubbleDamage" : 220.0,
                            "bubbleDuration" : 3.0,
                            "bubbleRadius" : 2.567,
                            "enableBarrage" : true,
                            "explosionCount" : 2.0,
                            "guns" : [
                                "HP_AGS_1",
                                "HP_AGS_2",
                                "HP_AGS_3",
                                "HP_AGS_4",
                                "HP_AGS_5",
                                "HP_AGS_6"
                            ],
                            "halfOuterBubbleZone" : 50.0,
                            "hitChance" : 0.9,
                            "innerBubbleCount" : 4,
                            "innerBubbleSpawnTimeRange" : [
                                2.65,
                                3.15
                            ],
                            "innerBubbleZone" : 20.0,
                            "joint" : true,
                            "maxBubbleActivationDelay" : 0.4,
                            "maxDistance" : 5800.0,
                            "minBubbleActivationDelay" : 0.1,
                            "minDistance" : 3500.0,
                            "outerBubbleCount" : 1.0,
                            "outerBubbleSpawnTimeRange" : [
                                2.45,
                                2.65
                            ],
                            "shotDelay" : 5.0,
                            "shotTravelTime" : 1.51,
                            "type" : "far"
                        }
                    ],
                    "auraMedium" : [ ],
                    "auraNear" : [ ]
                },
                "secondaries" : {
                    "PAGS010_5in38_Mk32_Mod12" : {
                        "ammoList" : [
                            "PAPA018_Main_127mm_HE_C_Mk_32"
                        ],
                        "antiAirAuraDistance" : 167.0,
                        "antiAirAuraStrength" : 0.151,
                        "barrelDiameter" : 0.127,
                        "deadZone" : [ ],
                        "delim" : 0.6,
                        "horizSector" : [
                            -140.0,
                            140.0
                        ],
                        "id" : 4283885552,
                        "idealDistance" : 333.333,
                        "idealRadius" : 20.0,
                        "index" : "PAGS010",
                        "minRadius" : 1.0,
                        "name" : "PAGS010_5in38_Mk32_Mod12",
                        "numBarrels" : 2,
                        "radiusOnDelim" : 0.8,
                        "radiusOnMax" : 1.0,
                        "radiusOnZero" : 0.1,
                        "rotationSpeed" : [
                            60.0,
                            1.0
                        ],
                        "shotDelay" : 6.0,
                        "smallGun" : true,
                        "smokePenalty" : 1.0E-4,
                        "typeinfo" : {
                            "nation" : "USA",
                            "species" : "Secondary",
                            "type" : "Gun"
                        },
                        "vertSector" : [
                            -2.0,
                            85.0
                        ],
                        "GSIdealRadius" : 1.0,
                        "count" : 6
                    }
                },
                "maxDist" : 6600.0,
                "minDistH" : 50.0,
                "minDistV" : 110.0,
                "sigmaCount" : 1.0,
                "GSIdealRadius" : 1.0
            }
        },
        "hull" : {
            "A_Hull" : {
                "backwardPowerCoef" : 3.0,
                "buoyancy" : 200000.0,
                "buoyancyRudderTime" : 1.0,
                "burnNodes" : [
                    [
                        0.6337,
                        0.3,
                        60.0
                    ],
                    [
                        0.6337,
                        0.3,
                        60.0
                    ],
                    [
                        0.6337,
                        0.3,
                        60.0
                    ],
                    [
                        0.6337,
                        0.3,
                        60.0
                    ]
                ],
                "burnProb" : 0.6337,
                "burnDamage" : 0.3,
                "burnTime" : 60.0,
                "burnSize" : 4,
                "deckHeight" : 4.46,
                "dockYOffset" : -0.0542,
                "draft" : 11.0,
                "enginePower" : 180000.0,
                "floodNodes" : [
                    [
                        0.29,
                        0.5,
                        40.0
                    ],
                    [
                        0.29,
                        0.5,
                        40.0
                    ]
                ],
                "floodProb" : 0.29,
                "floodProtection" : 13.000000000000014,
                "floodDamage" : 0.5,
                "floodTime" : 40.0,
                "floodSize" : 2,
                "health" : 51150.0,
                "mass" : 3.425E7,
                "maxRudderAngle" : 30.0,
                "maxSpeed" : 33.0,
                "pushingMaxRudderAngle" : 16.0,
                "pushingMinRudderAngle" : 1.0,
                "rollEffect" : 51.0,
                "rudderPower" : 8.0E7,
                "rudderTime" : 17.02,
                "sideDragCoef" : 790000.0,
                "size" : [
                    246.69,
                    27.74,
                    35.24
                ],
                "smokeScanRadius" : 27.0,
                "speedCoef" : 1.0,
                "tonnage" : 34250.0,
                "torpedoImpactMassImpulseCoeff" : 0.5,
                "turningRadius" : 850.0,
                "visibilityCoefATBA" : 1.0E-6,
                "visibilityCoefATBAByPlane" : 1.0E-6,
                "visibilityCoefFire" : 2.0,
                "visibilityCoefFireByPlane" : 3.0,
                "visibilityCoefGK" : 1.0E-6,
                "visibilityCoefGKByPlane" : 6.1,
                "visibilityCoefGKInSmoke" : 12.09,
                "visibilityCoeff" : 28.0,
                "visibilityFactor" : 15.5,
                "visibilityFactorByPlane" : 9.72,
                "visibilityFactorInSmoke" : 1.0E-6,
                "burnSizeSkill" : 4
            }
        },
        "suo" : {
            "A_FireControl" : {
                "maxDistCoef" : 1.0,
                "sigmaCountCoef" : 1.0
            }
        },
        "engine" : {
            "A_Engine" : {
                "backwardEngineForsag" : 2.5,
                "backwardEngineForsagMaxSpeed" : 2.5,
                "backwardEngineUpTime" : 20.0,
                "backwardSpeedOnFlood" : -0.6,
                "damagedEnginePowerMultiplier" : -0.6,
                "damagedEnginePowerTimeMultiplier" : 5.5,
                "forwardEngineForsag" : 2.5,
                "forwardEngineForsagMaxSpeed" : 2.5,
                "forwardEngineUpTime" : 40.0,
                "forwardSpeedOnFlood" : -0.3,
                "histEnginePower" : 180000.0
            }
        }
    },
    "shipAbilities" : {
        "AbilitySlot0" : {
            "abils" : [
                [
                    "PCY009_CrashCrewPremium",
                    "CV_CA_CL_Gold"
                ]
            ],
            "slot" : 0
        },
        "AbilitySlot1" : {
            "abils" : [
                [
                    "PCY011_AirDefenseDispPremium",
                    "US_Cruisers_Gold"
                ],
                [
                    "PCY016_SonarSearchPremium",
                    "C_8_10"
                ]
            ],
            "slot" : 1
        },
        "AbilitySlot2" : {
            "abils" : [
                [
                    "PCY020_RLSSearchPremium",
                    "US_9_PREMIUM"
                ],
                [
                    "PCY012_FighterPremium",
                    "Fighter_3"
                ],
                [
                    "PCY013_SpotterPremium",
                    "Default"
                ]
            ],
            "slot" : 2
        },
        "AbilitySlot3" : {
            "abils" : [
                [
                    "PCY010_RegenCrewPremium",
                    "D_gold"
                ]
            ],
            "slot" : 3
        },
        "AbilitySlot4" : {
            "slot" : 4
        }
    },
    "shipUpgradeInfo" : {
        "components" : {
            "flightControl" : [ ],
            "artillery" : [
                {
                    "name" : "PAUA716_ART_CONGRESS",
                    "ucType" : "_Artillery",
                    "ucTypeShort" : "artillery",
                    "position" : 1,
                    "elem" : 1,
                    "prevType" : "artillery",
                    "prevPosition" : 0,
                    "components" : {
                        "artillery" : [
                            "A_Artillery"
                        ]
                    },
                    "image" : "https://cdn.wowsft.com/images/modules/icon_module_Artillery.png"
                }
            ],
            "hull" : [
                {
                    "name" : "PAUH726_CONGRESS",
                    "ucType" : "_Hull",
                    "ucTypeShort" : "hull",
                    "position" : 1,
                    "elem" : 2,
                    "prevType" : "hull",
                    "prevPosition" : 0,
                    "components" : {
                        "airArmament" : [
                            "A_AirArmament"
                        ],
                        "airDefense" : [
                            "A_AirDefense"
                        ],
                        "airSupport" : [
                            "A_AirSupport"
                        ],
                        "artillery" : [
                            "A_Artillery"
                        ],
                        "atba" : [
                            "A_ATBA"
                        ],
                        "depthCharges" : [ ],
                        "hull" : [
                            "A_Hull"
                        ],
                        "pinger" : [ ],
                        "torpedoes" : [ ]
                    },
                    "image" : "https://cdn.wowsft.com/images/modules/icon_module_Hull.png"
                }
            ],
            "torpedoes" : [ ],
            "suo" : [
                {
                    "name" : "PAUS717_SUO_CONGRESS",
                    "ucType" : "_Suo",
                    "ucTypeShort" : "suo",
                    "position" : 1,
                    "elem" : 4,
                    "prevType" : "suo",
                    "prevPosition" : 0,
                    "components" : {
                        "suo" : [
                            "A_FireControl"
                        ]
                    },
                    "image" : "https://cdn.wowsft.com/images/modules/icon_module_Suo.png"
                }
            ],
            "fighter" : [ ],
            "torpedoBomber" : [ ],
            "diveBomber" : [ ],
            "skipBomber" : [ ],
            "engine" : [
                {
                    "name" : "PAUE718_ENG_CONGRESS",
                    "ucType" : "_Engine",
                    "ucTypeShort" : "engine",
                    "position" : 1,
                    "elem" : 9,
                    "prevType" : "engine",
                    "prevPosition" : 0,
                    "components" : {
                        "engine" : [
                            "A_Engine"
                        ]
                    },
                    "image" : "https://cdn.wowsft.com/images/modules/icon_module_Engine.png"
                }
            ]
        },
        "cols" : {
            "artillery" : 1,
            "hull" : 1,
            "torpedoes" : 0,
            "suo" : 1,
            "fighter" : 0,
            "torpedoBomber" : 0,
            "diveBomber" : 0,
            "skipBomber" : 0,
            "engine" : 1
        },
        "maxRows" : 1,
        "costGold" : 11000,
        "value" : 1
    },
    "battleLevels" : { },
    "canEquipCamouflage" : true,
    "group" : "special",
    "id" : 3741235184,
    "index" : "PASC528",
    "paperShip" : true,
    "level" : 8,
    "maxEquippedFlags" : 8,
    "name" : "PASC528_Congress",
    "navalFlag" : "usa",
    "needShowProjectYear" : true,
    "peculiarity" : "default",
    "steerAngle" : [
        0.2,
        0.7,
        1.0
    ],
    "typeinfo" : {
        "nation" : "USA",
        "species" : "Cruiser",
        "type" : "Ship"
    },
    "realShipType" : "Premium",
    "realShipTypeId" : "FILTER_PREMIUM",
    "typeImage" : "https://cdn.wowsft.com/images/vehicles/ship_classes/icon_cruiser_standard.png",
    "imageSmall" : "https://cdn.wowsft.com/images/vehicles/ship_previews/PASC528.png"
}