{
    "components" : {
        "airDefense" : {
            "A_AirDefense" : {
                "aaJoint" : {
                    "auraFar" : [ ],
                    "auraMedium" : [ ],
                    "auraNear" : [
                        {
                            "areaDamage" : 15.0,
                            "areaDamagePeriod" : 0.285714285714,
                            "bubbleDuration" : 4.75,
                            "bubbleRadius" : 1.0,
                            "enableBarrage" : true,
                            "explosionCount" : 15.0,
                            "guns" : [
                                "HP_AGA_1",
                                "HP_AGA_2",
                                "HP_AGA_3",
                                "HP_AGA_4"
                            ],
                            "halfOuterBubbleZone" : 60.0,
                            "hitChance" : 0.95,
                            "innerBubbleSpawnTimeRange" : [
                                3.3,
                                3.8
                            ],
                            "innerBubbleZone" : 20.0,
                            "joint" : true,
                            "maxBubbleActivationDelay" : 0.5,
                            "maxDistance" : 1500.0,
                            "minBubbleActivationDelay" : 0.2,
                            "minDistance" : 100.0,
                            "outerBubbleSpawnTimeRange" : [
                                2.5,
                                3.0
                            ],
                            "shotDelay" : 0.1,
                            "shotTravelTime" : 1.0,
                            "type" : "near"
                        }
                    ]
                },
                "ownerlessTracesScatterCoefficient" : 1.0,
                "sectors" : [
                    [
                        0.0,
                        180.0
                    ],
                    [
                        180.0,
                        0.0
                    ]
                ],
                "prioritySectorPhases" : [
                    [
                        5.0,
                        "linear",
                        0.05,
                        1.0,
                        1.35
                    ],
                    [
                        5.0,
                        "linear",
                        0.0,
                        1.35,
                        1.35
                    ]
                ],
                "prioritySectorPreparation" : 10.0,
                "prioritySectorDuration" : 10.0,
                "prioritySectorDamageInitial" : 0.05,
                "prioritySectorCoefficientInitial" : 1.0,
                "prioritySectorCoefficientDuring" : 1.35
            },
            "B_AirDefense" : {
                "aaJoint" : {
                    "auraFar" : [ ],
                    "auraMedium" : [ ],
                    "auraNear" : [
                        {
                            "areaDamage" : 7.0,
                            "areaDamagePeriod" : 0.285714285714,
                            "bubbleDuration" : 4.75,
                            "bubbleRadius" : 1.0,
                            "enableBarrage" : true,
                            "explosionCount" : 15.0,
                            "guns" : [
                                "HP_AGA_3",
                                "HP_AGA_4"
                            ],
                            "halfOuterBubbleZone" : 60.0,
                            "hitChance" : 0.95,
                            "innerBubbleSpawnTimeRange" : [
                                3.3,
                                3.8
                            ],
                            "innerBubbleZone" : 20.0,
                            "joint" : true,
                            "maxBubbleActivationDelay" : 0.5,
                            "maxDistance" : 2000.0,
                            "minBubbleActivationDelay" : 0.2,
                            "minDistance" : 100.0,
                            "outerBubbleSpawnTimeRange" : [
                                2.5,
                                3.0
                            ],
                            "shotDelay" : 0.1,
                            "shotTravelTime" : 1.0,
                            "type" : "near"
                        },
                        {
                            "areaDamage" : 7.0,
                            "areaDamagePeriod" : 0.285714285714,
                            "bubbleDuration" : 4.75,
                            "bubbleRadius" : 1.0,
                            "enableBarrage" : true,
                            "explosionCount" : 15.0,
                            "guns" : [
                                "HP_AGA_1",
                                "HP_AGA_2"
                            ],
                            "halfOuterBubbleZone" : 60.0,
                            "hitChance" : 0.95,
                            "innerBubbleSpawnTimeRange" : [
                                3.3,
                                3.8
                            ],
                            "innerBubbleZone" : 20.0,
                            "joint" : true,
                            "maxBubbleActivationDelay" : 0.5,
                            "maxDistance" : 2000.0,
                            "minBubbleActivationDelay" : 0.2,
                            "minDistance" : 100.0,
                            "outerBubbleSpawnTimeRange" : [
                                2.5,
                                3.0
                            ],
                            "shotDelay" : 0.1,
                            "shotTravelTime" : 1.0,
                            "type" : "near"
                        }
                    ]
                },
                "ownerlessTracesScatterCoefficient" : 1.0,
                "sectors" : [
                    [
                        0.0,
                        180.0
                    ],
                    [
                        180.0,
                        0.0
                    ]
                ],
                "prioritySectorPhases" : [
                    [
                        5.0,
                        "linear",
                        0.05,
                        1.0,
                        1.35
                    ],
                    [
                        5.0,
                        "linear",
                        0.0,
                        1.35,
                        1.35
                    ]
                ],
                "prioritySectorPreparation" : 10.0,
                "prioritySectorDuration" : 10.0,
                "prioritySectorDamageInitial" : 0.05,
                "prioritySectorCoefficientInitial" : 1.0,
                "prioritySectorCoefficientDuring" : 1.35
            }
        },
        "artillery" : {
            "A1_127_38" : {
                "aaJoint" : {
                    "auraFar" : [
                        {
                            "areaDamage" : 9.0,
                            "areaDamagePeriod" : 0.285714285714,
                            "bubbleDuration" : 3.0,
                            "enableBarrage" : true,
                            "guns" : [
                                "HP_AGM_1",
                                "HP_AGM_2",
                                "HP_AGM_3",
                                "HP_AGM_4",
                                "HP_AGM_5"
                            ],
                            "halfOuterBubbleZone" : 50.0,
                            "hitChance" : 1.0,
                            "innerBubbleSpawnTimeRange" : [
                                2.65,
                                3.15
                            ],
                            "innerBubbleZone" : 20.0,
                            "joint" : true,
                            "maxBubbleActivationDelay" : 0.4,
                            "maxDistance" : 5800.0,
                            "minBubbleActivationDelay" : 0.1,
                            "minDistance" : 100.0,
                            "outerBubbleSpawnTimeRange" : [
                                2.45,
                                2.65
                            ],
                            "shotDelay" : 5.0,
                            "shotTravelTime" : 1.51,
                            "type" : "far"
                        },
                        {
                            "areaDamagePeriod" : 0.285714285714,
                            "bubbleDamage" : 160.0,
                            "bubbleDuration" : 3.0,
                            "bubbleRadius" : 2.383,
                            "enableBarrage" : true,
                            "explosionCount" : 2.0,
                            "guns" : [
                                "HP_AGM_1",
                                "HP_AGM_2",
                                "HP_AGM_3",
                                "HP_AGM_4",
                                "HP_AGM_5"
                            ],
                            "halfOuterBubbleZone" : 50.0,
                            "hitChance" : 1.0,
                            "innerBubbleCount" : 1.0,
                            "innerBubbleSpawnTimeRange" : [
                                2.65,
                                3.15
                            ],
                            "innerBubbleZone" : 20.0,
                            "joint" : true,
                            "maxBubbleActivationDelay" : 0.4,
                            "maxDistance" : 5800.0,
                            "minBubbleActivationDelay" : 0.1,
                            "minDistance" : 3500.0,
                            "outerBubbleSpawnTimeRange" : [
                                2.45,
                                2.65
                            ],
                            "shotDelay" : 5.0,
                            "shotTravelTime" : 1.51,
                            "type" : "far"
                        }
                    ],
                    "auraMedium" : [ ],
                    "auraNear" : [ ]
                },
                "turrets" : [
                    {
                        "ammoList" : [
                            "PAPA044_Main_127mm_HE_C_Mk_32",
                            "PAPA004_Shell_127mm_AP_SC_Mk_38"
                        ],
                        "antiAirAuraDistance" : 167.0,
                        "antiAirAuraStrength" : 0.032,
                        "barrelDiameter" : 0.127,
                        "coeffPerSecondMin" : 0.3,
                        "deadZone" : [ ],
                        "delim" : 0.5,
                        "ellipseRangeMax" : 250.0,
                        "ellipseRangeMin" : 50.0,
                        "horizSector" : [
                            -150.0,
                            150.0
                        ],
                        "id" : 4149864432,
                        "idealDistance" : 1000.0,
                        "idealRadius" : 8.0,
                        "index" : "PAGM138",
                        "maxEllipseRanging" : 1.003,
                        "medEllipseRanging" : 1.002,
                        "minEllipseRanging" : 1.001,
                        "minRadius" : 0.5,
                        "name" : "PAGM138_5in38_Mk21",
                        "numBarrels" : 1,
                        "onMoveTarPosCoeffDelim" : 1.001,
                        "onMoveTarPosCoeffMaxDist" : 1.002,
                        "onMoveTarPosCoeffZero" : 1.0,
                        "onMoveTarPosDelim" : 0.1,
                        "position" : [
                            -0.25,
                            1.0
                        ],
                        "radiusOnDelim" : 0.5,
                        "radiusOnMax" : 0.6,
                        "radiusOnZero" : 0.2,
                        "reduceTime" : 0.1,
                        "rotationSpeed" : [
                            15.0,
                            18.0
                        ],
                        "shotDelay" : 4.0,
                        "smokePenalty" : 1.0E-4,
                        "typeinfo" : {
                            "nation" : "USA",
                            "species" : "Main",
                            "type" : "Gun"
                        },
                        "vertSector" : [
                            -1.0,
                            85.0
                        ]
                    },
                    {
                        "ammoList" : [
                            "PAPA044_Main_127mm_HE_C_Mk_32",
                            "PAPA004_Shell_127mm_AP_SC_Mk_38"
                        ],
                        "antiAirAuraDistance" : 167.0,
                        "antiAirAuraStrength" : 0.032,
                        "barrelDiameter" : 0.127,
                        "coeffPerSecondMin" : 0.3,
                        "deadZone" : [ ],
                        "delim" : 0.5,
                        "ellipseRangeMax" : 250.0,
                        "ellipseRangeMin" : 50.0,
                        "horizSector" : [
                            -150.0,
                            150.0
                        ],
                        "id" : 4149864432,
                        "idealDistance" : 1000.0,
                        "idealRadius" : 8.0,
                        "index" : "PAGM138",
                        "maxEllipseRanging" : 1.003,
                        "medEllipseRanging" : 1.002,
                        "minEllipseRanging" : 1.001,
                        "minRadius" : 0.5,
                        "name" : "PAGM138_5in38_Mk21",
                        "numBarrels" : 1,
                        "onMoveTarPosCoeffDelim" : 1.001,
                        "onMoveTarPosCoeffMaxDist" : 1.002,
                        "onMoveTarPosCoeffZero" : 1.0,
                        "onMoveTarPosDelim" : 0.1,
                        "position" : [
                            0.75,
                            1.0
                        ],
                        "radiusOnDelim" : 0.5,
                        "radiusOnMax" : 0.6,
                        "radiusOnZero" : 0.2,
                        "reduceTime" : 0.1,
                        "rotationSpeed" : [
                            15.0,
                            18.0
                        ],
                        "shotDelay" : 4.0,
                        "smokePenalty" : 1.0E-4,
                        "typeinfo" : {
                            "nation" : "USA",
                            "species" : "Main",
                            "type" : "Gun"
                        },
                        "vertSector" : [
                            -1.0,
                            85.0
                        ]
                    },
                    {
                        "ammoList" : [
                            "PAPA044_Main_127mm_HE_C_Mk_32",
                            "PAPA004_Shell_127mm_AP_SC_Mk_38"
                        ],
                        "antiAirAuraDistance" : 167.0,
                        "antiAirAuraStrength" : 0.032,
                        "barrelDiameter" : 0.127,
                        "coeffPerSecondMin" : 0.3,
                        "deadZone" : [
                            [
                                -10.0,
                                10.0
                            ]
                        ],
                        "delim" : 0.5,
                        "ellipseRangeMax" : 250.0,
                        "ellipseRangeMin" : 50.0,
                        "horizSector" : [
                            -130.0,
                            130.0
                        ],
                        "id" : 4202293232,
                        "idealDistance" : 1000.0,
                        "idealRadius" : 8.0,
                        "index" : "PAGM088",
                        "maxEllipseRanging" : 1.003,
                        "medEllipseRanging" : 1.002,
                        "minEllipseRanging" : 1.001,
                        "minRadius" : 0.5,
                        "name" : "PAGM088_5in38_Mk40_Mod33",
                        "numBarrels" : 1,
                        "onMoveTarPosCoeffDelim" : 1.001,
                        "onMoveTarPosCoeffMaxDist" : 1.002,
                        "onMoveTarPosCoeffZero" : 1.0,
                        "onMoveTarPosDelim" : 0.1,
                        "position" : [
                            1.75,
                            1.0
                        ],
                        "radiusOnDelim" : 0.5,
                        "radiusOnMax" : 0.6,
                        "radiusOnZero" : 0.2,
                        "reduceTime" : 0.1,
                        "rotationSpeed" : [
                            15.0,
                            18.0
                        ],
                        "shotDelay" : 4.0,
                        "smokePenalty" : 1.0E-4,
                        "typeinfo" : {
                            "nation" : "USA",
                            "species" : "Main",
                            "type" : "Gun"
                        },
                        "vertSector" : [
                            -1.0,
                            85.0
                        ]
                    },
                    {
                        "ammoList" : [
                            "PAPA044_Main_127mm_HE_C_Mk_32",
                            "PAPA004_Shell_127mm_AP_SC_Mk_38"
                        ],
                        "antiAirAuraDistance" : 167.0,
                        "antiAirAuraStrength" : 0.032,
                        "barrelDiameter" : 0.127,
                        "coeffPerSecondMin" : 0.3,
                        "deadZone" : [ ],
                        "delim" : 0.5,
                        "ellipseRangeMax" : 250.0,
                        "ellipseRangeMin" : 50.0,
                        "horizSector" : [
                            -150.0,
                            150.0
                        ],
                        "id" : 4202293232,
                        "idealDistance" : 1000.0,
                        "idealRadius" : 8.0,
                        "index" : "PAGM088",
                        "maxEllipseRanging" : 1.003,
                        "medEllipseRanging" : 1.002,
                        "minEllipseRanging" : 1.001,
                        "minRadius" : 0.5,
                        "name" : "PAGM088_5in38_Mk40_Mod33",
                        "numBarrels" : 1,
                        "onMoveTarPosCoeffDelim" : 1.001,
                        "onMoveTarPosCoeffMaxDist" : 1.002,
                        "onMoveTarPosCoeffZero" : 1.0,
                        "onMoveTarPosDelim" : 0.1,
                        "position" : [
                            4.75,
                            1.0
                        ],
                        "radiusOnDelim" : 0.5,
                        "radiusOnMax" : 0.6,
                        "radiusOnZero" : 0.2,
                        "reduceTime" : 0.1,
                        "rotationSpeed" : [
                            15.0,
                            18.0
                        ],
                        "shotDelay" : 4.0,
                        "smokePenalty" : 1.0E-4,
                        "typeinfo" : {
                            "nation" : "USA",
                            "species" : "Main",
                            "type" : "Gun"
                        },
                        "vertSector" : [
                            -1.0,
                            85.0
                        ]
                    },
                    {
                        "ammoList" : [
                            "PAPA044_Main_127mm_HE_C_Mk_32",
                            "PAPA004_Shell_127mm_AP_SC_Mk_38"
                        ],
                        "antiAirAuraDistance" : 167.0,
                        "antiAirAuraStrength" : 0.032,
                        "barrelDiameter" : 0.127,
                        "coeffPerSecondMin" : 0.3,
                        "deadZone" : [ ],
                        "delim" : 0.5,
                        "ellipseRangeMax" : 250.0,
                        "ellipseRangeMin" : 50.0,
                        "horizSector" : [
                            -150.0,
                            150.0
                        ],
                        "id" : 4202293232,
                        "idealDistance" : 1000.0,
                        "idealRadius" : 8.0,
                        "index" : "PAGM088",
                        "maxEllipseRanging" : 1.003,
                        "medEllipseRanging" : 1.002,
                        "minEllipseRanging" : 1.001,
                        "minRadius" : 0.5,
                        "name" : "PAGM088_5in38_Mk40_Mod33",
                        "numBarrels" : 1,
                        "onMoveTarPosCoeffDelim" : 1.001,
                        "onMoveTarPosCoeffMaxDist" : 1.002,
                        "onMoveTarPosCoeffZero" : 1.0,
                        "onMoveTarPosDelim" : 0.1,
                        "position" : [
                            5.75,
                            1.0
                        ],
                        "radiusOnDelim" : 0.5,
                        "radiusOnMax" : 0.6,
                        "radiusOnZero" : 0.2,
                        "reduceTime" : 0.1,
                        "rotationSpeed" : [
                            15.0,
                            18.0
                        ],
                        "shotDelay" : 4.0,
                        "smokePenalty" : 1.0E-4,
                        "typeinfo" : {
                            "nation" : "USA",
                            "species" : "Main",
                            "type" : "Gun"
                        },
                        "vertSector" : [
                            -1.0,
                            85.0
                        ]
                    }
                ],
                "turretTypes" : {
                    "1" : [
                        5,
                        "PAGM138_5in38_Mk21"
                    ]
                },
                "maxDist" : 11445.0,
                "minDistH" : 50.0,
                "minDistV" : 110.0,
                "normalDistribution" : true,
                "sigmaCount" : 2.0,
                "taperDist" : 4000.0,
                "GMIdealRadius" : 1.0,
                "barrelDiameter" : 0.127,
                "numBarrels" : 5
            },
            "B1_127_38" : {
                "aaJoint" : {
                    "auraFar" : [
                        {
                            "areaDamage" : 9.0,
                            "areaDamagePeriod" : 0.285714285714,
                            "bubbleDuration" : 3.0,
                            "enableBarrage" : true,
                            "guns" : [
                                "HP_AGM_1",
                                "HP_AGM_2",
                                "HP_AGM_3",
                                "HP_AGM_4",
                                "HP_AGM_5"
                            ],
                            "halfOuterBubbleZone" : 50.0,
                            "hitChance" : 1.0,
                            "innerBubbleSpawnTimeRange" : [
                                2.65,
                                3.15
                            ],
                            "innerBubbleZone" : 20.0,
                            "joint" : true,
                            "maxBubbleActivationDelay" : 0.4,
                            "maxDistance" : 5800.0,
                            "minBubbleActivationDelay" : 0.1,
                            "minDistance" : 100.0,
                            "outerBubbleSpawnTimeRange" : [
                                2.45,
                                2.65
                            ],
                            "shotDelay" : 5.0,
                            "shotTravelTime" : 1.51,
                            "type" : "far"
                        },
                        {
                            "areaDamagePeriod" : 0.285714285714,
                            "bubbleDamage" : 160.0,
                            "bubbleDuration" : 3.0,
                            "bubbleRadius" : 2.383,
                            "enableBarrage" : true,
                            "explosionCount" : 2.0,
                            "guns" : [
                                "HP_AGM_1",
                                "HP_AGM_2",
                                "HP_AGM_3",
                                "HP_AGM_4",
                                "HP_AGM_5"
                            ],
                            "halfOuterBubbleZone" : 50.0,
                            "hitChance" : 1.0,
                            "innerBubbleCount" : 1.0,
                            "innerBubbleSpawnTimeRange" : [
                                2.65,
                                3.15
                            ],
                            "innerBubbleZone" : 20.0,
                            "joint" : true,
                            "maxBubbleActivationDelay" : 0.4,
                            "maxDistance" : 5800.0,
                            "minBubbleActivationDelay" : 0.1,
                            "minDistance" : 3500.0,
                            "outerBubbleSpawnTimeRange" : [
                                2.45,
                                2.65
                            ],
                            "shotDelay" : 5.0,
                            "shotTravelTime" : 1.51,
                            "type" : "far"
                        }
                    ],
                    "auraMedium" : [ ],
                    "auraNear" : [ ]
                },
                "turrets" : [
                    {
                        "ammoList" : [
                            "PAPA044_Main_127mm_HE_C_Mk_32",
                            "PAPA004_Shell_127mm_AP_SC_Mk_38"
                        ],
                        "antiAirAuraDistance" : 167.0,
                        "antiAirAuraStrength" : 0.032,
                        "barrelDiameter" : 0.127,
                        "coeffPerSecondMin" : 0.3,
                        "deadZone" : [ ],
                        "delim" : 0.5,
                        "ellipseRangeMax" : 250.0,
                        "ellipseRangeMin" : 50.0,
                        "horizSector" : [
                            -150.0,
                            150.0
                        ],
                        "id" : 4149864432,
                        "idealDistance" : 1000.0,
                        "idealRadius" : 8.0,
                        "index" : "PAGM138",
                        "maxEllipseRanging" : 1.003,
                        "medEllipseRanging" : 1.002,
                        "minEllipseRanging" : 1.001,
                        "minRadius" : 0.5,
                        "name" : "PAGM138_5in38_Mk21",
                        "numBarrels" : 1,
                        "onMoveTarPosCoeffDelim" : 1.001,
                        "onMoveTarPosCoeffMaxDist" : 1.002,
                        "onMoveTarPosCoeffZero" : 1.0,
                        "onMoveTarPosDelim" : 0.1,
                        "position" : [
                            -0.25,
                            1.0
                        ],
                        "radiusOnDelim" : 0.5,
                        "radiusOnMax" : 0.6,
                        "radiusOnZero" : 0.2,
                        "reduceTime" : 0.1,
                        "rotationSpeed" : [
                            15.0,
                            18.0
                        ],
                        "shotDelay" : 4.0,
                        "smokePenalty" : 1.0E-4,
                        "typeinfo" : {
                            "nation" : "USA",
                            "species" : "Main",
                            "type" : "Gun"
                        },
                        "vertSector" : [
                            -1.0,
                            85.0
                        ]
                    },
                    {
                        "ammoList" : [
                            "PAPA044_Main_127mm_HE_C_Mk_32",
                            "PAPA004_Shell_127mm_AP_SC_Mk_38"
                        ],
                        "antiAirAuraDistance" : 167.0,
                        "antiAirAuraStrength" : 0.032,
                        "barrelDiameter" : 0.127,
                        "coeffPerSecondMin" : 0.3,
                        "deadZone" : [ ],
                        "delim" : 0.5,
                        "ellipseRangeMax" : 250.0,
                        "ellipseRangeMin" : 50.0,
                        "horizSector" : [
                            -150.0,
                            150.0
                        ],
                        "id" : 4149864432,
                        "idealDistance" : 1000.0,
                        "idealRadius" : 8.0,
                        "index" : "PAGM138",
                        "maxEllipseRanging" : 1.003,
                        "medEllipseRanging" : 1.002,
                        "minEllipseRanging" : 1.001,
                        "minRadius" : 0.5,
                        "name" : "PAGM138_5in38_Mk21",
                        "numBarrels" : 1,
                        "onMoveTarPosCoeffDelim" : 1.001,
                        "onMoveTarPosCoeffMaxDist" : 1.002,
                        "onMoveTarPosCoeffZero" : 1.0,
                        "onMoveTarPosDelim" : 0.1,
                        "position" : [
                            0.75,
                            1.0
                        ],
                        "radiusOnDelim" : 0.5,
                        "radiusOnMax" : 0.6,
                        "radiusOnZero" : 0.2,
                        "reduceTime" : 0.1,
                        "rotationSpeed" : [
                            15.0,
                            18.0
                        ],
                        "shotDelay" : 4.0,
                        "smokePenalty" : 1.0E-4,
                        "typeinfo" : {
                            "nation" : "USA",
                            "species" : "Main",
                            "type" : "Gun"
                        },
                        "vertSector" : [
                            -1.0,
                            85.0
                        ]
                    },
                    {
                        "ammoList" : [
                            "PAPA044_Main_127mm_HE_C_Mk_32",
                            "PAPA004_Shell_127mm_AP_SC_Mk_38"
                        ],
                        "antiAirAuraDistance" : 167.0,
                        "antiAirAuraStrength" : 0.032,
                        "barrelDiameter" : 0.127,
                        "coeffPerSecondMin" : 0.3,
                        "deadZone" : [
                            [
                                -10.0,
                                10.0
                            ]
                        ],
                        "delim" : 0.5,
                        "ellipseRangeMax" : 250.0,
                        "ellipseRangeMin" : 50.0,
                        "horizSector" : [
                            -130.0,
                            130.0
                        ],
                        "id" : 4202293232,
                        "idealDistance" : 1000.0,
                        "idealRadius" : 8.0,
                        "index" : "PAGM088",
                        "maxEllipseRanging" : 1.003,
                        "medEllipseRanging" : 1.002,
                        "minEllipseRanging" : 1.001,
                        "minRadius" : 0.5,
                        "name" : "PAGM088_5in38_Mk40_Mod33",
                        "numBarrels" : 1,
                        "onMoveTarPosCoeffDelim" : 1.001,
                        "onMoveTarPosCoeffMaxDist" : 1.002,
                        "onMoveTarPosCoeffZero" : 1.0,
                        "onMoveTarPosDelim" : 0.1,
                        "position" : [
                            1.75,
                            1.0
                        ],
                        "radiusOnDelim" : 0.5,
                        "radiusOnMax" : 0.6,
                        "radiusOnZero" : 0.2,
                        "reduceTime" : 0.1,
                        "rotationSpeed" : [
                            15.0,
                            18.0
                        ],
                        "shotDelay" : 4.0,
                        "smokePenalty" : 1.0E-4,
                        "typeinfo" : {
                            "nation" : "USA",
                            "species" : "Main",
                            "type" : "Gun"
                        },
                        "vertSector" : [
                            -1.0,
                            85.0
                        ]
                    },
                    {
                        "ammoList" : [
                            "PAPA044_Main_127mm_HE_C_Mk_32",
                            "PAPA004_Shell_127mm_AP_SC_Mk_38"
                        ],
                        "antiAirAuraDistance" : 167.0,
                        "antiAirAuraStrength" : 0.032,
                        "barrelDiameter" : 0.127,
                        "coeffPerSecondMin" : 0.3,
                        "deadZone" : [ ],
                        "delim" : 0.5,
                        "ellipseRangeMax" : 250.0,
                        "ellipseRangeMin" : 50.0,
                        "horizSector" : [
                            -150.0,
                            150.0
                        ],
                        "id" : 4202293232,
                        "idealDistance" : 1000.0,
                        "idealRadius" : 8.0,
                        "index" : "PAGM088",
                        "maxEllipseRanging" : 1.003,
                        "medEllipseRanging" : 1.002,
                        "minEllipseRanging" : 1.001,
                        "minRadius" : 0.5,
                        "name" : "PAGM088_5in38_Mk40_Mod33",
                        "numBarrels" : 1,
                        "onMoveTarPosCoeffDelim" : 1.001,
                        "onMoveTarPosCoeffMaxDist" : 1.002,
                        "onMoveTarPosCoeffZero" : 1.0,
                        "onMoveTarPosDelim" : 0.1,
                        "position" : [
                            4.75,
                            1.0
                        ],
                        "radiusOnDelim" : 0.5,
                        "radiusOnMax" : 0.6,
                        "radiusOnZero" : 0.2,
                        "reduceTime" : 0.1,
                        "rotationSpeed" : [
                            15.0,
                            18.0
                        ],
                        "shotDelay" : 4.0,
                        "smokePenalty" : 1.0E-4,
                        "typeinfo" : {
                            "nation" : "USA",
                            "species" : "Main",
                            "type" : "Gun"
                        },
                        "vertSector" : [
                            -1.0,
                            85.0
                        ]
                    },
                    {
                        "ammoList" : [
                            "PAPA044_Main_127mm_HE_C_Mk_32",
                            "PAPA004_Shell_127mm_AP_SC_Mk_38"
                        ],
                        "antiAirAuraDistance" : 167.0,
                        "antiAirAuraStrength" : 0.032,
                        "barrelDiameter" : 0.127,
                        "coeffPerSecondMin" : 0.3,
                        "deadZone" : [ ],
                        "delim" : 0.5,
                        "ellipseRangeMax" : 250.0,
                        "ellipseRangeMin" : 50.0,
                        "horizSector" : [
                            -150.0,
                            150.0
                        ],
                        "id" : 4202293232,
                        "idealDistance" : 1000.0,
                        "idealRadius" : 8.0,
                        "index" : "PAGM088",
                        "maxEllipseRanging" : 1.003,
                        "medEllipseRanging" : 1.002,
                        "minEllipseRanging" : 1.001,
                        "minRadius" : 0.5,
                        "name" : "PAGM088_5in38_Mk40_Mod33",
                        "numBarrels" : 1,
                        "onMoveTarPosCoeffDelim" : 1.001,
                        "onMoveTarPosCoeffMaxDist" : 1.002,
                        "onMoveTarPosCoeffZero" : 1.0,
                        "onMoveTarPosDelim" : 0.1,
                        "position" : [
                            5.75,
                            1.0
                        ],
                        "radiusOnDelim" : 0.5,
                        "radiusOnMax" : 0.6,
                        "radiusOnZero" : 0.2,
                        "reduceTime" : 0.1,
                        "rotationSpeed" : [
                            15.0,
                            18.0
                        ],
                        "shotDelay" : 4.0,
                        "smokePenalty" : 1.0E-4,
                        "typeinfo" : {
                            "nation" : "USA",
                            "species" : "Main",
                            "type" : "Gun"
                        },
                        "vertSector" : [
                            -1.0,
                            85.0
                        ]
                    }
                ],
                "turretTypes" : {
                    "1" : [
                        5,
                        "PAGM138_5in38_Mk21"
                    ]
                },
                "maxDist" : 11445.0,
                "minDistH" : 50.0,
                "minDistV" : 110.0,
                "normalDistribution" : true,
                "sigmaCount" : 2.0,
                "taperDist" : 4000.0,
                "GMIdealRadius" : 1.0,
                "barrelDiameter" : 0.127,
                "numBarrels" : 5
            }
        },
        "hull" : {
            "A_Hull" : {
                "backwardPowerCoef" : 2.0,
                "buoyancy" : 200000.0,
                "buoyancyRudderTime" : 1.0,
                "burnNodes" : [
                    [
                        0.8002,
                        0.3,
                        30.0
                    ],
                    [
                        0.8002,
                        0.3,
                        30.0
                    ],
                    [
                        0.8002,
                        0.3,
                        30.0
                    ],
                    [
                        0.8002,
                        0.3,
                        30.0
                    ]
                ],
                "burnProb" : 0.8002,
                "burnDamage" : 0.3,
                "burnTime" : 30.0,
                "burnSize" : 4,
                "deckHeight" : 4.5,
                "draft" : 11.0,
                "enginePower" : 42800.0,
                "floodNodes" : [
                    [
                        0.333,
                        0.25,
                        40.0
                    ],
                    [
                        0.333,
                        0.25,
                        40.0
                    ]
                ],
                "floodProb" : 0.333,
                "floodProtection" : 0.09999999999999432,
                "floodDamage" : 0.25,
                "floodTime" : 40.0,
                "floodSize" : 2,
                "health" : 10900.0,
                "mass" : 1738000.0,
                "maxRudderAngle" : 30.0,
                "maxSpeed" : 36.5,
                "pushingMaxRudderAngle" : 16.0,
                "pushingMinRudderAngle" : 1.0,
                "rollEffect" : 2.6,
                "rudderPower" : 2.45E7,
                "rudderTime" : 5.25,
                "sideDragCoef" : 35000.0,
                "size" : [
                    101.8,
                    10.44,
                    17.0
                ],
                "smokeScanRadius" : 27.0,
                "speedCoef" : 1.0,
                "tonnage" : 1593.0,
                "torpedoImpactMassImpulseCoeff" : 0.5,
                "turningRadius" : 560.0,
                "visibilityCoefATBA" : 1.0E-6,
                "visibilityCoefATBAByPlane" : 1.0E-6,
                "visibilityCoefFire" : 2.0,
                "visibilityCoefFireByPlane" : 3.0,
                "visibilityCoefGK" : 1.0E-6,
                "visibilityCoefGKByPlane" : 2.54,
                "visibilityCoefGKInSmoke" : 2.83,
                "visibilityCoeff" : 18.42,
                "visibilityFactor" : 7.56,
                "visibilityFactorByPlane" : 2.74,
                "visibilityFactorInSmoke" : 1.0E-6,
                "burnSizeSkill" : 4
            },
            "B_Hull" : {
                "backwardPowerCoef" : 2.0,
                "buoyancy" : 200000.0,
                "buoyancyRudderTime" : 1.0,
                "burnNodes" : [
                    [
                        0.7669,
                        0.3,
                        30.0
                    ],
                    [
                        0.7669,
                        0.3,
                        30.0
                    ],
                    [
                        0.7669,
                        0.3,
                        30.0
                    ],
                    [
                        0.7669,
                        0.3,
                        30.0
                    ]
                ],
                "burnProb" : 0.7669,
                "burnDamage" : 0.3,
                "burnTime" : 30.0,
                "burnSize" : 4,
                "deckHeight" : 4.5,
                "draft" : 11.0,
                "enginePower" : 42800.0,
                "floodNodes" : [
                    [
                        0.333,
                        0.25,
                        40.0
                    ],
                    [
                        0.333,
                        0.25,
                        40.0
                    ]
                ],
                "floodProb" : 0.333,
                "floodProtection" : 0.09999999999999432,
                "floodDamage" : 0.25,
                "floodTime" : 40.0,
                "floodSize" : 2,
                "health" : 11500.0,
                "mass" : 1738000.0,
                "maxRudderAngle" : 30.0,
                "maxSpeed" : 36.5,
                "pushingMaxRudderAngle" : 16.0,
                "pushingMinRudderAngle" : 1.0,
                "rollEffect" : 2.6,
                "rudderPower" : 2.45E7,
                "rudderTime" : 3.5,
                "sideDragCoef" : 35000.0,
                "size" : [
                    101.8,
                    10.44,
                    17.0
                ],
                "smokeScanRadius" : 27.0,
                "speedCoef" : 1.0,
                "tonnage" : 1738.0,
                "torpedoImpactMassImpulseCoeff" : 0.5,
                "turningRadius" : 560.0,
                "visibilityCoefATBA" : 1.0E-6,
                "visibilityCoefATBAByPlane" : 1.0E-6,
                "visibilityCoefFire" : 2.0,
                "visibilityCoefFireByPlane" : 3.0,
                "visibilityCoefGK" : 1.0E-6,
                "visibilityCoefGKByPlane" : 2.54,
                "visibilityCoefGKInSmoke" : 2.83,
                "visibilityCoeff" : 18.42,
                "visibilityFactor" : 7.56,
                "visibilityFactorByPlane" : 2.74,
                "visibilityFactorInSmoke" : 1.0E-6,
                "burnSizeSkill" : 4
            }
        },
        "suo" : {
            "AB1_FireControl" : {
                "maxDistCoef" : 1.0,
                "sigmaCountCoef" : 1.0
            },
            "AB2_FireControl" : {
                "maxDistCoef" : 1.1,
                "sigmaCountCoef" : 1.0
            }
        },
        "torpedoes" : {
            "AB1_Torpedoes" : {
                "launchers" : [
                    {
                        "ammoList" : [
                            "PAPT009_Mk_11"
                        ],
                        "barrelDiameter" : 0.533,
                        "canRotate" : true,
                        "deadZone" : [
                            [
                                -45.0,
                                45.0
                            ]
                        ],
                        "horizSector" : [
                            -135.0,
                            135.0
                        ],
                        "id" : 4218841072,
                        "index" : "PAGT072",
                        "mainSector" : [
                            -90.0,
                            90.0
                        ],
                        "name" : "PAGT072_21in_MK14_Torpedo_Tubes_Quad",
                        "numAmmos" : 1000,
                        "numBarrels" : 4,
                        "position" : [
                            2.75,
                            1.0
                        ],
                        "rotationSpeed" : [
                            25.0,
                            25.0
                        ],
                        "shootSector" : [
                            0.0,
                            0.0
                        ],
                        "shotDelay" : 88.0,
                        "timeBetweenShots" : 0.2,
                        "timeToChangeAngle" : 1.0,
                        "timeToChangeSpeed" : 1.0,
                        "torpedoAngles" : [
                            4.8,
                            16.0
                        ],
                        "typeinfo" : {
                            "nation" : "USA",
                            "species" : "Torpedo",
                            "type" : "Gun"
                        },
                        "vertSector" : [
                            0.0,
                            1.0
                        ]
                    },
                    {
                        "ammoList" : [
                            "PAPT009_Mk_11"
                        ],
                        "barrelDiameter" : 0.533,
                        "canRotate" : true,
                        "deadZone" : [
                            [
                                -45.0,
                                45.0
                            ]
                        ],
                        "horizSector" : [
                            -135.0,
                            135.0
                        ],
                        "id" : 4218841072,
                        "index" : "PAGT072",
                        "mainSector" : [
                            -90.0,
                            90.0
                        ],
                        "name" : "PAGT072_21in_MK14_Torpedo_Tubes_Quad",
                        "numAmmos" : 1000,
                        "numBarrels" : 4,
                        "position" : [
                            3.75,
                            1.0
                        ],
                        "rotationSpeed" : [
                            25.0,
                            25.0
                        ],
                        "shootSector" : [
                            0.0,
                            0.0
                        ],
                        "shotDelay" : 88.0,
                        "timeBetweenShots" : 0.2,
                        "timeToChangeAngle" : 1.0,
                        "timeToChangeSpeed" : 1.0,
                        "torpedoAngles" : [
                            4.8,
                            16.0
                        ],
                        "typeinfo" : {
                            "nation" : "USA",
                            "species" : "Torpedo",
                            "type" : "Gun"
                        },
                        "vertSector" : [
                            0.0,
                            1.0
                        ]
                    }
                ],
                "launcherTypes" : {
                    "4" : [
                        2,
                        "PAGT072_21in_MK14_Torpedo_Tubes_Quad"
                    ]
                },
                "ammo" : {
                    "typeinfo" : { }
                }
            },
            "AB2_Torpedoes" : {
                "launchers" : [
                    {
                        "ammoList" : [
                            "PAPT023_Mk_12"
                        ],
                        "barrelDiameter" : 0.533,
                        "canRotate" : true,
                        "deadZone" : [
                            [
                                -45.0,
                                45.0
                            ]
                        ],
                        "horizSector" : [
                            -135.0,
                            135.0
                        ],
                        "id" : 4218841072,
                        "index" : "PAGT072",
                        "mainSector" : [
                            -90.0,
                            90.0
                        ],
                        "name" : "PAGT072_21in_MK14_Torpedo_Tubes_Quad",
                        "numAmmos" : 1000,
                        "numBarrels" : 4,
                        "position" : [
                            2.75,
                            1.0
                        ],
                        "rotationSpeed" : [
                            25.0,
                            25.0
                        ],
                        "shootSector" : [
                            0.0,
                            0.0
                        ],
                        "shotDelay" : 88.0,
                        "timeBetweenShots" : 0.2,
                        "timeToChangeAngle" : 1.0,
                        "timeToChangeSpeed" : 1.0,
                        "torpedoAngles" : [
                            4.8,
                            16.0
                        ],
                        "typeinfo" : {
                            "nation" : "USA",
                            "species" : "Torpedo",
                            "type" : "Gun"
                        },
                        "vertSector" : [
                            0.0,
                            1.0
                        ]
                    },
                    {
                        "ammoList" : [
                            "PAPT023_Mk_12"
                        ],
                        "barrelDiameter" : 0.533,
                        "canRotate" : true,
                        "deadZone" : [
                            [
                                -45.0,
                                45.0
                            ]
                        ],
                        "horizSector" : [
                            -135.0,
                            135.0
                        ],
                        "id" : 4218841072,
                        "index" : "PAGT072",
                        "mainSector" : [
                            -90.0,
                            90.0
                        ],
                        "name" : "PAGT072_21in_MK14_Torpedo_Tubes_Quad",
                        "numAmmos" : 1000,
                        "numBarrels" : 4,
                        "position" : [
                            3.75,
                            1.0
                        ],
                        "rotationSpeed" : [
                            25.0,
                            25.0
                        ],
                        "shootSector" : [
                            0.0,
                            0.0
                        ],
                        "shotDelay" : 88.0,
                        "timeBetweenShots" : 0.2,
                        "timeToChangeAngle" : 1.0,
                        "timeToChangeSpeed" : 1.0,
                        "torpedoAngles" : [
                            4.8,
                            16.0
                        ],
                        "typeinfo" : {
                            "nation" : "USA",
                            "species" : "Torpedo",
                            "type" : "Gun"
                        },
                        "vertSector" : [
                            0.0,
                            1.0
                        ]
                    }
                ],
                "launcherTypes" : {
                    "4" : [
                        2,
                        "PAGT072_21in_MK14_Torpedo_Tubes_Quad"
                    ]
                },
                "ammo" : {
                    "typeinfo" : { }
                }
            }
        },
        "engine" : {
            "EngineDefault" : {
                "backwardEngineForsag" : 2.5,
                "backwardEngineForsagMaxSpeed" : 2.5,
                "backwardEngineUpTime" : 10.0,
                "backwardSpeedOnFlood" : -0.6,
                "damagedEnginePowerMultiplier" : -0.13,
                "damagedEnginePowerTimeMultiplier" : 6.5,
                "forwardEngineForsag" : 2.5,
                "forwardEngineForsagMaxSpeed" : 2.5,
                "forwardEngineUpTime" : 20.0,
                "forwardSpeedOnFlood" : -0.3,
                "histEnginePower" : 42800.0
            }
        }
    },
    "shipAbilities" : {
        "AbilitySlot0" : {
            "abils" : [
                [
                    "PCY009_CrashCrewPremium",
                    "D_Gold"
                ]
            ],
            "slot" : 0
        },
        "AbilitySlot1" : {
            "abils" : [
                [
                    "PCY014_SmokeGeneratorPremium",
                    "US_Lvl_6_Gold"
                ]
            ],
            "slot" : 1
        },
        "AbilitySlot2" : {
            "abils" : [
                [
                    "PCY015_SpeedBoosterPremium",
                    "Default"
                ],
                [
                    "PCY011_AirDefenseDispPremium",
                    "US_DD_Branch"
                ]
            ],
            "slot" : 2
        },
        "AbilitySlot3" : {
            "slot" : 3
        },
        "AbilitySlot4" : {
            "slot" : 4
        }
    },
    "shipUpgradeInfo" : {
        "components" : {
            "flightControl" : [ ],
            "artillery" : [
                {
                    "name" : "PAUA511_D6_ART_STOCK",
                    "ucType" : "_Artillery",
                    "ucTypeShort" : "artillery",
                    "position" : 1,
                    "elem" : 1,
                    "prevType" : "artillery",
                    "prevPosition" : 0,
                    "components" : {
                        "artillery" : [
                            "A1_127_38",
                            "B1_127_38"
                        ]
                    },
                    "image" : "https://cdn.wowsft.com/images/modules/icon_module_Artillery.png"
                }
            ],
            "hull" : [
                {
                    "name" : "PAUH521_Farragut_1934",
                    "ucType" : "_Hull",
                    "ucTypeShort" : "hull",
                    "position" : 1,
                    "elem" : 2,
                    "prevType" : "hull",
                    "prevPosition" : 0,
                    "components" : {
                        "airArmament" : [ ],
                        "airDefense" : [
                            "A_AirDefense"
                        ],
                        "artillery" : [
                            "A1_127_38"
                        ],
                        "atba" : [ ],
                        "depthCharges" : [ ],
                        "hull" : [
                            "A_Hull"
                        ],
                        "hydrophone" : [
                            "AB_Hydrophone"
                        ],
                        "pinger" : [ ],
                        "torpedoes" : [
                            "AB1_Torpedoes",
                            "AB2_Torpedoes"
                        ]
                    },
                    "image" : "https://cdn.wowsft.com/images/modules/icon_module_Hull.png"
                },
                {
                    "nextShips" : [
                        "PASD006_Mahan_1936"
                    ],
                    "name" : "PAUH522_Farragut_1942",
                    "prev" : "PAUH521_Farragut_1934",
                    "ucType" : "_Hull",
                    "ucTypeShort" : "hull",
                    "position" : 2,
                    "elem" : 2,
                    "prevType" : "hull",
                    "prevPosition" : 1,
                    "prevElem" : 2,
                    "components" : {
                        "airArmament" : [ ],
                        "airDefense" : [
                            "B_AirDefense"
                        ],
                        "artillery" : [
                            "B1_127_38"
                        ],
                        "atba" : [ ],
                        "depthCharges" : [ ],
                        "hull" : [
                            "B_Hull"
                        ],
                        "hydrophone" : [
                            "AB_Hydrophone"
                        ],
                        "pinger" : [ ],
                        "torpedoes" : [
                            "AB1_Torpedoes",
                            "AB2_Torpedoes"
                        ]
                    },
                    "image" : "https://cdn.wowsft.com/images/modules/icon_module_Hull.png"
                }
            ],
            "torpedoes" : [
                {
                    "name" : "PAUT501_D6_TORP_STOCK",
                    "ucType" : "_Torpedoes",
                    "ucTypeShort" : "torpedoes",
                    "position" : 1,
                    "elem" : 3,
                    "prevType" : "torpedoes",
                    "prevPosition" : 0,
                    "components" : {
                        "torpedoes" : [
                            "AB1_Torpedoes"
                        ]
                    },
                    "image" : "https://cdn.wowsft.com/images/modules/icon_module_Torpedoes.png"
                },
                {
                    "name" : "PAUT511_D6_TORP_TOP",
                    "prev" : "PAUT501_D6_TORP_STOCK",
                    "ucType" : "_Torpedoes",
                    "ucTypeShort" : "torpedoes",
                    "position" : 2,
                    "elem" : 3,
                    "prevType" : "torpedoes",
                    "prevPosition" : 1,
                    "prevElem" : 3,
                    "components" : {
                        "torpedoes" : [
                            "AB2_Torpedoes"
                        ]
                    },
                    "image" : "https://cdn.wowsft.com/images/modules/icon_module_Torpedoes.png"
                }
            ],
            "suo" : [
                {
                    "name" : "PAUS511_Suo",
                    "ucType" : "_Suo",
                    "ucTypeShort" : "suo",
                    "position" : 1,
                    "elem" : 4,
                    "prevType" : "suo",
                    "prevPosition" : 0,
                    "components" : {
                        "suo" : [
                            "AB1_FireControl"
                        ]
                    },
                    "image" : "https://cdn.wowsft.com/images/modules/icon_module_Suo.png"
                },
                {
                    "name" : "PAUS512_Suo",
                    "prev" : "PAUS511_Suo",
                    "ucType" : "_Suo",
                    "ucTypeShort" : "suo",
                    "position" : 2,
                    "elem" : 4,
                    "prevType" : "suo",
                    "prevPosition" : 1,
                    "prevElem" : 4,
                    "components" : {
                        "suo" : [
                            "AB2_FireControl"
                        ]
                    },
                    "image" : "https://cdn.wowsft.com/images/modules/icon_module_Suo.png"
                }
            ],
            "fighter" : [ ],
            "torpedoBomber" : [ ],
            "diveBomber" : [ ],
            "engine" : [
                {
                    "name" : "PAUE511_D6_ENG_STOCK",
                    "ucType" : "_Engine",
                    "ucTypeShort" : "engine",
                    "position" : 1,
                    "elem" : 8,
                    "prevType" : "engine",
                    "prevPosition" : 0,
                    "components" : {
                        "engine" : [
                            "EngineDefault"
                        ]
                    },
                    "image" : "https://cdn.wowsft.com/images/modules/icon_module_Engine.png"
                }
            ]
        },
        "cols" : {
            "artillery" : 1,
            "hull" : 1,
            "torpedoes" : 1,
            "suo" : 1,
            "fighter" : 0,
            "torpedoBomber" : 0,
            "diveBomber" : 0,
            "engine" : 1
        },
        "maxRows" : 2,
        "costCR" : 3120000,
        "costXP" : 35500,
        "value" : 1
    },
    "apDamageLimitCoeff" : 0.1,
    "battleLevels" : { },
    "canEquipCamouflage" : true,
    "group" : "upgradeable",
    "id" : 4289607664,
    "index" : "PASD005",
    "level" : 6,
    "maxEquippedFlags" : 8,
    "name" : "PASD005_Farragut_1944",
    "navalFlag" : "usa",
    "needShowProjectYear" : true,
    "peculiarity" : "default",
    "steerAngle" : [
        0.2,
        0.7,
        1.0
    ],
    "typeinfo" : {
        "nation" : "USA",
        "species" : "Destroyer",
        "type" : "Ship"
    },
    "realShipType" : "Destroyer",
    "realShipTypeId" : "DESTROYER",
    "research" : true,
    "prevShipIndex" : "PASD014",
    "prevShipName" : "PASD014_Leader_1919",
    "prevShipXP" : 11000,
    "prevShipCompXP" : 4300,
    "imageSmall" : "https://cdn.wowsft.com/images/vehicles/ship_previews/PASD005.png",
    "typeImage" : "https://cdn.wowsft.com/images/vehicles/ship_classes/icon_destroyer_standard.png"
}