{
    "components" : {
        "airDefense" : {
            "A_AirDefense" : {
                "aaJoint" : {
                    "auraFar" : [ ],
                    "auraMedium" : [ ],
                    "auraNear" : [
                        {
                            "areaDamage" : 25.0,
                            "areaDamagePeriod" : 0.285714285714,
                            "bubbleDuration" : 4.75,
                            "bubbleRadius" : 1.0,
                            "enableBarrage" : true,
                            "explosionCount" : 15.0,
                            "guns" : [
                                "HP_AGA_1",
                                "HP_AGA_2",
                                "HP_AGA_3",
                                "HP_AGA_4",
                                "HP_AGA_5",
                                "HP_AGA_6",
                                "HP_AGA_7",
                                "HP_AGA_8"
                            ],
                            "halfOuterBubbleZone" : 60.0,
                            "hitChance" : 0.95,
                            "innerBubbleSpawnTimeRange" : [
                                3.3,
                                3.8
                            ],
                            "innerBubbleZone" : 20.0,
                            "joint" : true,
                            "maxBubbleActivationDelay" : 0.5,
                            "maxDistance" : 2000.0,
                            "minBubbleActivationDelay" : 0.2,
                            "minDistance" : 100.0,
                            "outerBubbleSpawnTimeRange" : [
                                2.5,
                                3.0
                            ],
                            "shotDelay" : 0.1,
                            "shotTravelTime" : 1.0,
                            "type" : "near"
                        }
                    ]
                },
                "ownerlessTracesScatterCoefficient" : 1.0,
                "sectors" : [
                    [
                        0.0,
                        180.0
                    ],
                    [
                        180.0,
                        0.0
                    ]
                ],
                "prioritySectorPhases" : [
                    [
                        5.0,
                        "linear",
                        0.05,
                        1.0,
                        1.35
                    ],
                    [
                        5.0,
                        "linear",
                        0.0,
                        1.35,
                        1.35
                    ]
                ],
                "prioritySectorPreparation" : 10.0,
                "prioritySectorDuration" : 10.0,
                "prioritySectorDamageInitial" : 0.05,
                "prioritySectorCoefficientInitial" : 1.0,
                "prioritySectorCoefficientDuring" : 1.35
            },
            "B_AirDefense" : {
                "aaJoint" : {
                    "auraFar" : [ ],
                    "auraMedium" : [
                        {
                            "areaDamage" : 33.0,
                            "areaDamagePeriod" : 0.285714285714,
                            "bubbleDuration" : 4.75,
                            "bubbleRadius" : 1.0,
                            "enableBarrage" : true,
                            "explosionCount" : 15.0,
                            "guns" : [
                                "HP_AGA_5",
                                "HP_AGA_6",
                                "HP_AGA_9",
                                "HP_AGA_10"
                            ],
                            "halfOuterBubbleZone" : 60.0,
                            "hitChance" : 1.0,
                            "innerBubbleSpawnTimeRange" : [
                                3.3,
                                3.8
                            ],
                            "innerBubbleZone" : 20.0,
                            "joint" : true,
                            "maxBubbleActivationDelay" : 0.5,
                            "maxDistance" : 3500.0,
                            "minBubbleActivationDelay" : 0.2,
                            "minDistance" : 100.0,
                            "outerBubbleSpawnTimeRange" : [
                                2.5,
                                3.0
                            ],
                            "shotDelay" : 0.5,
                            "shotTravelTime" : 1.5,
                            "type" : "medium"
                        }
                    ],
                    "auraNear" : [
                        {
                            "areaDamage" : 17.0,
                            "areaDamagePeriod" : 0.285714285714,
                            "bubbleDuration" : 4.75,
                            "bubbleRadius" : 1.0,
                            "enableBarrage" : true,
                            "explosionCount" : 15.0,
                            "guns" : [
                                "HP_AGA_1",
                                "HP_AGA_2",
                                "HP_AGA_3",
                                "HP_AGA_4",
                                "HP_AGA_7",
                                "HP_AGA_8"
                            ],
                            "halfOuterBubbleZone" : 60.0,
                            "hitChance" : 0.95,
                            "innerBubbleSpawnTimeRange" : [
                                3.3,
                                3.8
                            ],
                            "innerBubbleZone" : 20.0,
                            "joint" : true,
                            "maxBubbleActivationDelay" : 0.5,
                            "maxDistance" : 2000.0,
                            "minBubbleActivationDelay" : 0.2,
                            "minDistance" : 100.0,
                            "outerBubbleSpawnTimeRange" : [
                                2.5,
                                3.0
                            ],
                            "shotDelay" : 0.1,
                            "shotTravelTime" : 1.0,
                            "type" : "near"
                        }
                    ]
                },
                "ownerlessTracesScatterCoefficient" : 1.0,
                "sectors" : [
                    [
                        0.0,
                        180.0
                    ],
                    [
                        180.0,
                        0.0
                    ]
                ],
                "prioritySectorPhases" : [
                    [
                        5.0,
                        "linear",
                        0.05,
                        1.0,
                        1.35
                    ],
                    [
                        5.0,
                        "linear",
                        0.0,
                        1.35,
                        1.35
                    ]
                ],
                "prioritySectorPreparation" : 10.0,
                "prioritySectorDuration" : 10.0,
                "prioritySectorDamageInitial" : 0.05,
                "prioritySectorCoefficientInitial" : 1.0,
                "prioritySectorCoefficientDuring" : 1.35
            }
        },
        "artillery" : {
            "A1_Artillery" : {
                "aaJoint" : {
                    "auraFar" : [
                        {
                            "areaDamage" : 12.0,
                            "areaDamagePeriod" : 0.285714285714,
                            "bubbleDuration" : 3.0,
                            "enableBarrage" : true,
                            "guns" : [
                                "HP_AGM_1",
                                "HP_AGM_2",
                                "HP_AGM_3",
                                "HP_AGM_4"
                            ],
                            "halfOuterBubbleZone" : 50.0,
                            "hitChance" : 1.0,
                            "innerBubbleSpawnTimeRange" : [
                                2.65,
                                3.15
                            ],
                            "innerBubbleZone" : 20.0,
                            "joint" : true,
                            "maxBubbleActivationDelay" : 0.4,
                            "maxDistance" : 5800.0,
                            "minBubbleActivationDelay" : 0.1,
                            "minDistance" : 100.0,
                            "outerBubbleSpawnTimeRange" : [
                                2.45,
                                2.65
                            ],
                            "shotDelay" : 5.0,
                            "shotTravelTime" : 1.51,
                            "type" : "far"
                        },
                        {
                            "areaDamagePeriod" : 0.285714285714,
                            "bubbleDamage" : 170.0,
                            "bubbleDuration" : 3.0,
                            "bubbleRadius" : 2.383,
                            "enableBarrage" : true,
                            "explosionCount" : 2.0,
                            "guns" : [
                                "HP_AGM_1",
                                "HP_AGM_2",
                                "HP_AGM_3",
                                "HP_AGM_4"
                            ],
                            "halfOuterBubbleZone" : 50.0,
                            "hitChance" : 1.0,
                            "innerBubbleCount" : 1.0,
                            "innerBubbleSpawnTimeRange" : [
                                2.65,
                                3.15
                            ],
                            "innerBubbleZone" : 20.0,
                            "joint" : true,
                            "maxBubbleActivationDelay" : 0.4,
                            "maxDistance" : 5800.0,
                            "minBubbleActivationDelay" : 0.1,
                            "minDistance" : 3500.0,
                            "outerBubbleSpawnTimeRange" : [
                                2.45,
                                2.65
                            ],
                            "shotDelay" : 5.0,
                            "shotTravelTime" : 1.51,
                            "type" : "far"
                        }
                    ],
                    "auraMedium" : [ ],
                    "auraNear" : [ ]
                },
                "turrets" : [
                    {
                        "ammoList" : [
                            "PAPA085_127MM_HE_MONAGHAN",
                            "PAPA086_127MM_AP_MONAGHAN"
                        ],
                        "antiAirAuraDistance" : 167.0,
                        "antiAirAuraStrength" : 0.032,
                        "barrelDiameter" : 0.127,
                        "coeffPerSecondMin" : 0.3,
                        "deadZone" : [ ],
                        "delim" : 0.5,
                        "ellipseRangeMax" : 250.0,
                        "ellipseRangeMin" : 50.0,
                        "horizSector" : [
                            -148.5,
                            148.5
                        ],
                        "id" : 4203341808,
                        "idealDistance" : 1000.0,
                        "idealRadius" : 8.0,
                        "index" : "PAGM087",
                        "maxEllipseRanging" : 1.003,
                        "medEllipseRanging" : 1.002,
                        "minEllipseRanging" : 1.001,
                        "minRadius" : 0.5,
                        "name" : "PAGM087_5in38_Mk21",
                        "numBarrels" : 1,
                        "onMoveTarPosCoeffDelim" : 1.001,
                        "onMoveTarPosCoeffMaxDist" : 1.002,
                        "onMoveTarPosCoeffZero" : 1.0,
                        "onMoveTarPosDelim" : 0.1,
                        "position" : [
                            0.0,
                            1.0
                        ],
                        "radiusOnDelim" : 0.5,
                        "radiusOnMax" : 0.6,
                        "radiusOnZero" : 0.2,
                        "reduceTime" : 0.1,
                        "rotationSpeed" : [
                            15.0,
                            18.0
                        ],
                        "shotDelay" : 4.0,
                        "smokePenalty" : 1.0E-4,
                        "typeinfo" : {
                            "nation" : "USA",
                            "species" : "Main",
                            "type" : "Gun"
                        },
                        "vertSector" : [
                            -1.0,
                            85.0
                        ]
                    },
                    {
                        "ammoList" : [
                            "PAPA085_127MM_HE_MONAGHAN",
                            "PAPA086_127MM_AP_MONAGHAN"
                        ],
                        "antiAirAuraDistance" : 167.0,
                        "antiAirAuraStrength" : 0.032,
                        "barrelDiameter" : 0.127,
                        "coeffPerSecondMin" : 0.3,
                        "deadZone" : [ ],
                        "delim" : 0.5,
                        "ellipseRangeMax" : 250.0,
                        "ellipseRangeMin" : 50.0,
                        "horizSector" : [
                            -152.0,
                            152.0
                        ],
                        "id" : 4203341808,
                        "idealDistance" : 1000.0,
                        "idealRadius" : 8.0,
                        "index" : "PAGM087",
                        "maxEllipseRanging" : 1.003,
                        "medEllipseRanging" : 1.002,
                        "minEllipseRanging" : 1.001,
                        "minRadius" : 0.5,
                        "name" : "PAGM087_5in38_Mk21",
                        "numBarrels" : 1,
                        "onMoveTarPosCoeffDelim" : 1.001,
                        "onMoveTarPosCoeffMaxDist" : 1.002,
                        "onMoveTarPosCoeffZero" : 1.0,
                        "onMoveTarPosDelim" : 0.1,
                        "position" : [
                            1.0,
                            1.0
                        ],
                        "radiusOnDelim" : 0.5,
                        "radiusOnMax" : 0.6,
                        "radiusOnZero" : 0.2,
                        "reduceTime" : 0.1,
                        "rotationSpeed" : [
                            15.0,
                            18.0
                        ],
                        "shotDelay" : 4.0,
                        "smokePenalty" : 1.0E-4,
                        "typeinfo" : {
                            "nation" : "USA",
                            "species" : "Main",
                            "type" : "Gun"
                        },
                        "vertSector" : [
                            -1.0,
                            85.0
                        ]
                    },
                    {
                        "ammoList" : [
                            "PAPA085_127MM_HE_MONAGHAN",
                            "PAPA086_127MM_AP_MONAGHAN"
                        ],
                        "antiAirAuraDistance" : 167.0,
                        "antiAirAuraStrength" : 0.08,
                        "barrelDiameter" : 0.127,
                        "coeffPerSecondMin" : 0.3,
                        "deadZone" : [ ],
                        "delim" : 0.5,
                        "ellipseRangeMax" : 250.0,
                        "ellipseRangeMin" : 50.0,
                        "horizSector" : [
                            -145.0,
                            145.0
                        ],
                        "id" : 4110018544,
                        "idealDistance" : 1000.0,
                        "idealRadius" : 8.0,
                        "index" : "PAGM176",
                        "maxEllipseRanging" : 1.003,
                        "medEllipseRanging" : 1.002,
                        "minEllipseRanging" : 1.001,
                        "minRadius" : 0.5,
                        "name" : "PAGM176_5in38_Mk24_Mod11",
                        "numBarrels" : 1,
                        "onMoveTarPosCoeffDelim" : 1.001,
                        "onMoveTarPosCoeffMaxDist" : 1.002,
                        "onMoveTarPosCoeffZero" : 1.0,
                        "onMoveTarPosDelim" : 0.1,
                        "position" : [
                            4.0,
                            1.0
                        ],
                        "radiusOnDelim" : 0.5,
                        "radiusOnMax" : 0.6,
                        "radiusOnZero" : 0.2,
                        "reduceTime" : 0.1,
                        "rotationSpeed" : [
                            15.000001,
                            18.000001
                        ],
                        "shotDelay" : 4.0,
                        "smokePenalty" : 1.0E-4,
                        "typeinfo" : {
                            "nation" : "USA",
                            "species" : "Main",
                            "type" : "Gun"
                        },
                        "vertSector" : [
                            -1.0,
                            85.0
                        ]
                    },
                    {
                        "ammoList" : [
                            "PAPA085_127MM_HE_MONAGHAN",
                            "PAPA086_127MM_AP_MONAGHAN"
                        ],
                        "antiAirAuraDistance" : 167.0,
                        "antiAirAuraStrength" : 0.08,
                        "barrelDiameter" : 0.127,
                        "coeffPerSecondMin" : 0.3,
                        "deadZone" : [ ],
                        "delim" : 0.5,
                        "ellipseRangeMax" : 250.0,
                        "ellipseRangeMin" : 50.0,
                        "horizSector" : [
                            -145.0,
                            145.0
                        ],
                        "id" : 4110018544,
                        "idealDistance" : 1000.0,
                        "idealRadius" : 8.0,
                        "index" : "PAGM176",
                        "maxEllipseRanging" : 1.003,
                        "medEllipseRanging" : 1.002,
                        "minEllipseRanging" : 1.001,
                        "minRadius" : 0.5,
                        "name" : "PAGM176_5in38_Mk24_Mod11",
                        "numBarrels" : 1,
                        "onMoveTarPosCoeffDelim" : 1.001,
                        "onMoveTarPosCoeffMaxDist" : 1.002,
                        "onMoveTarPosCoeffZero" : 1.0,
                        "onMoveTarPosDelim" : 0.1,
                        "position" : [
                            5.0,
                            1.0
                        ],
                        "radiusOnDelim" : 0.5,
                        "radiusOnMax" : 0.6,
                        "radiusOnZero" : 0.2,
                        "reduceTime" : 0.1,
                        "rotationSpeed" : [
                            15.000001,
                            18.000001
                        ],
                        "shotDelay" : 4.0,
                        "smokePenalty" : 1.0E-4,
                        "typeinfo" : {
                            "nation" : "USA",
                            "species" : "Main",
                            "type" : "Gun"
                        },
                        "vertSector" : [
                            -1.0,
                            85.0
                        ]
                    }
                ],
                "turretTypes" : {
                    "1" : [
                        4,
                        "PAGM087_5in38_Mk21"
                    ]
                },
                "maxDist" : 12510.0,
                "minDistH" : 50.0,
                "minDistV" : 110.0,
                "normalDistribution" : true,
                "sigmaCount" : 2.0,
                "taperDist" : 4000.0,
                "GMIdealRadius" : 1.0,
                "barrelDiameter" : 0.127,
                "numBarrels" : 4
            },
            "B1_Artillery" : {
                "aaJoint" : {
                    "auraFar" : [
                        {
                            "areaDamage" : 3.0,
                            "areaDamagePeriod" : 0.285714285714,
                            "bubbleDuration" : 3.0,
                            "enableBarrage" : true,
                            "guns" : [
                                "HP_AGM_1",
                                "HP_AGM_2"
                            ],
                            "halfOuterBubbleZone" : 50.0,
                            "hitChance" : 1.0,
                            "innerBubbleSpawnTimeRange" : [
                                2.65,
                                3.15
                            ],
                            "innerBubbleZone" : 20.0,
                            "joint" : true,
                            "maxBubbleActivationDelay" : 0.4,
                            "maxDistance" : 5800.0,
                            "minBubbleActivationDelay" : 0.1,
                            "minDistance" : 100.0,
                            "outerBubbleSpawnTimeRange" : [
                                2.45,
                                2.65
                            ],
                            "shotDelay" : 5.0,
                            "shotTravelTime" : 1.51,
                            "type" : "far"
                        },
                        {
                            "areaDamagePeriod" : 0.285714285714,
                            "bubbleDamage" : 160.0,
                            "bubbleDuration" : 3.0,
                            "bubbleRadius" : 2.383,
                            "enableBarrage" : true,
                            "explosionCount" : 2.0,
                            "guns" : [
                                "HP_AGM_1",
                                "HP_AGM_2"
                            ],
                            "halfOuterBubbleZone" : 50.0,
                            "hitChance" : 1.0,
                            "innerBubbleCount" : 1.0,
                            "innerBubbleSpawnTimeRange" : [
                                2.65,
                                3.15
                            ],
                            "innerBubbleZone" : 20.0,
                            "joint" : true,
                            "maxBubbleActivationDelay" : 0.4,
                            "maxDistance" : 5800.0,
                            "minBubbleActivationDelay" : 0.1,
                            "minDistance" : 3500.0,
                            "outerBubbleSpawnTimeRange" : [
                                2.45,
                                2.65
                            ],
                            "shotDelay" : 5.0,
                            "shotTravelTime" : 1.51,
                            "type" : "far"
                        }
                    ],
                    "auraMedium" : [ ],
                    "auraNear" : [ ]
                },
                "turrets" : [
                    {
                        "ammoList" : [
                            "PAPA085_127MM_HE_MONAGHAN",
                            "PAPA086_127MM_AP_MONAGHAN"
                        ],
                        "antiAirAuraDistance" : 167.0,
                        "antiAirAuraStrength" : 0.032,
                        "barrelDiameter" : 0.127,
                        "coeffPerSecondMin" : 0.3,
                        "deadZone" : [ ],
                        "delim" : 0.5,
                        "ellipseRangeMax" : 250.0,
                        "ellipseRangeMin" : 50.0,
                        "horizSector" : [
                            -148.5,
                            148.5
                        ],
                        "id" : 4203341808,
                        "idealDistance" : 1000.0,
                        "idealRadius" : 8.0,
                        "index" : "PAGM087",
                        "maxEllipseRanging" : 1.003,
                        "medEllipseRanging" : 1.002,
                        "minEllipseRanging" : 1.001,
                        "minRadius" : 0.5,
                        "name" : "PAGM087_5in38_Mk21",
                        "numBarrels" : 1,
                        "onMoveTarPosCoeffDelim" : 1.001,
                        "onMoveTarPosCoeffMaxDist" : 1.002,
                        "onMoveTarPosCoeffZero" : 1.0,
                        "onMoveTarPosDelim" : 0.1,
                        "position" : [
                            0.0,
                            1.0
                        ],
                        "radiusOnDelim" : 0.5,
                        "radiusOnMax" : 0.6,
                        "radiusOnZero" : 0.2,
                        "reduceTime" : 0.1,
                        "rotationSpeed" : [
                            15.0,
                            18.0
                        ],
                        "shotDelay" : 4.0,
                        "smokePenalty" : 1.0E-4,
                        "typeinfo" : {
                            "nation" : "USA",
                            "species" : "Main",
                            "type" : "Gun"
                        },
                        "vertSector" : [
                            -1.0,
                            85.0
                        ]
                    },
                    {
                        "ammoList" : [
                            "PAPA085_127MM_HE_MONAGHAN",
                            "PAPA086_127MM_AP_MONAGHAN"
                        ],
                        "antiAirAuraDistance" : 167.0,
                        "antiAirAuraStrength" : 0.032,
                        "barrelDiameter" : 0.127,
                        "coeffPerSecondMin" : 0.3,
                        "deadZone" : [ ],
                        "delim" : 0.5,
                        "ellipseRangeMax" : 250.0,
                        "ellipseRangeMin" : 50.0,
                        "horizSector" : [
                            -152.0,
                            152.0
                        ],
                        "id" : 4203341808,
                        "idealDistance" : 1000.0,
                        "idealRadius" : 8.0,
                        "index" : "PAGM087",
                        "maxEllipseRanging" : 1.003,
                        "medEllipseRanging" : 1.002,
                        "minEllipseRanging" : 1.001,
                        "minRadius" : 0.5,
                        "name" : "PAGM087_5in38_Mk21",
                        "numBarrels" : 1,
                        "onMoveTarPosCoeffDelim" : 1.001,
                        "onMoveTarPosCoeffMaxDist" : 1.002,
                        "onMoveTarPosCoeffZero" : 1.0,
                        "onMoveTarPosDelim" : 0.1,
                        "position" : [
                            1.0,
                            1.0
                        ],
                        "radiusOnDelim" : 0.5,
                        "radiusOnMax" : 0.6,
                        "radiusOnZero" : 0.2,
                        "reduceTime" : 0.1,
                        "rotationSpeed" : [
                            15.0,
                            18.0
                        ],
                        "shotDelay" : 4.0,
                        "smokePenalty" : 1.0E-4,
                        "typeinfo" : {
                            "nation" : "USA",
                            "species" : "Main",
                            "type" : "Gun"
                        },
                        "vertSector" : [
                            -1.0,
                            85.0
                        ]
                    }
                ],
                "turretTypes" : {
                    "1" : [
                        2,
                        "PAGM087_5in38_Mk21"
                    ]
                },
                "maxDist" : 12510.0,
                "minDistH" : 50.0,
                "minDistV" : 110.0,
                "normalDistribution" : true,
                "sigmaCount" : 2.0,
                "taperDist" : 4000.0,
                "GMIdealRadius" : 1.0,
                "barrelDiameter" : 0.127,
                "numBarrels" : 2
            }
        },
        "hull" : {
            "A_Hull" : {
                "backwardPowerCoef" : 2.0,
                "buoyancy" : 200000.0,
                "buoyancyRudderTime" : 1.0,
                "burnNodes" : [
                    [
                        0.7669,
                        0.3,
                        30.0
                    ],
                    [
                        0.7669,
                        0.3,
                        30.0
                    ],
                    [
                        0.7669,
                        0.3,
                        30.0
                    ],
                    [
                        0.7669,
                        0.3,
                        30.0
                    ]
                ],
                "burnProb" : 0.7669,
                "burnDamage" : 0.3,
                "burnTime" : 30.0,
                "burnSize" : 4,
                "deckHeight" : 3.57,
                "draft" : 11.0,
                "enginePower" : 42800.0,
                "floodNodes" : [
                    [
                        0.333,
                        0.25,
                        40.0
                    ],
                    [
                        0.333,
                        0.25,
                        40.0
                    ]
                ],
                "floodProb" : 0.333,
                "floodProtection" : 0.09999999999999432,
                "floodDamage" : 0.25,
                "floodTime" : 40.0,
                "floodSize" : 2,
                "health" : 13900.0,
                "mass" : 2344000.0,
                "maxRudderAngle" : 30.0,
                "maxSpeed" : 36.5,
                "pushingMaxRudderAngle" : 16.0,
                "pushingMinRudderAngle" : 1.0,
                "rollEffect" : 3.5,
                "rudderPower" : 3.3E7,
                "rudderTime" : 4.5,
                "sideDragCoef" : 47000.0,
                "size" : [
                    104.0,
                    10.44,
                    15.06
                ],
                "smokeScanRadius" : 27.0,
                "speedCoef" : 1.0,
                "tonnage" : 2344.0,
                "torpedoImpactMassImpulseCoeff" : 0.5,
                "turningRadius" : 560.0,
                "visibilityCoefATBA" : 1.0E-6,
                "visibilityCoefATBAByPlane" : 1.0E-6,
                "visibilityCoefFire" : 2.0,
                "visibilityCoefFireByPlane" : 3.0,
                "visibilityCoefGK" : 1.0E-6,
                "visibilityCoefGKByPlane" : 2.54,
                "visibilityCoefGKInSmoke" : 2.68,
                "visibilityCoeff" : 18.35,
                "visibilityFactor" : 7.2,
                "visibilityFactorByPlane" : 2.78,
                "visibilityFactorInSmoke" : 1.0E-6,
                "burnSizeSkill" : 4
            },
            "B_Hull" : {
                "backwardPowerCoef" : 2.0,
                "buoyancy" : 200000.0,
                "buoyancyRudderTime" : 1.0,
                "burnNodes" : [
                    [
                        0.7669,
                        0.3,
                        30.0
                    ],
                    [
                        0.7669,
                        0.3,
                        30.0
                    ],
                    [
                        0.7669,
                        0.3,
                        30.0
                    ],
                    [
                        0.7669,
                        0.3,
                        30.0
                    ]
                ],
                "burnProb" : 0.7669,
                "burnDamage" : 0.3,
                "burnTime" : 30.0,
                "burnSize" : 4,
                "deckHeight" : 3.57,
                "draft" : 11.0,
                "enginePower" : 42800.0,
                "floodNodes" : [
                    [
                        0.333,
                        0.25,
                        40.0
                    ],
                    [
                        0.333,
                        0.25,
                        40.0
                    ]
                ],
                "floodProb" : 0.333,
                "floodProtection" : 0.09999999999999432,
                "floodDamage" : 0.25,
                "floodTime" : 40.0,
                "floodSize" : 2,
                "health" : 13900.0,
                "mass" : 2344000.0,
                "maxRudderAngle" : 30.0,
                "maxSpeed" : 36.5,
                "pushingMaxRudderAngle" : 16.0,
                "pushingMinRudderAngle" : 1.0,
                "rollEffect" : 3.5,
                "rudderPower" : 3.3E7,
                "rudderTime" : 4.5,
                "sideDragCoef" : 47000.0,
                "size" : [
                    104.0,
                    10.44,
                    15.06
                ],
                "smokeScanRadius" : 27.0,
                "speedCoef" : 1.0,
                "tonnage" : 2344.0,
                "torpedoImpactMassImpulseCoeff" : 0.5,
                "turningRadius" : 560.0,
                "visibilityCoefATBA" : 1.0E-6,
                "visibilityCoefATBAByPlane" : 1.0E-6,
                "visibilityCoefFire" : 2.0,
                "visibilityCoefFireByPlane" : 3.0,
                "visibilityCoefGK" : 1.0E-6,
                "visibilityCoefGKByPlane" : 2.54,
                "visibilityCoefGKInSmoke" : 2.68,
                "visibilityCoeff" : 18.35,
                "visibilityFactor" : 7.2,
                "visibilityFactorByPlane" : 2.78,
                "visibilityFactorInSmoke" : 1.0E-6,
                "burnSizeSkill" : 4
            }
        },
        "suo" : {
            "A1_FireControl" : {
                "maxDistCoef" : 1.0,
                "sigmaCountCoef" : 1.0
            }
        },
        "torpedoes" : {
            "A1_Torpedoes" : {
                "launchers" : [
                    {
                        "ammoList" : [
                            "PAPT032_MONAGHAN"
                        ],
                        "barrelDiameter" : 0.533,
                        "canRotate" : true,
                        "deadZone" : [
                            [
                                -50.0,
                                50.0
                            ],
                            [
                                130.0,
                                -130.0
                            ]
                        ],
                        "horizSector" : [
                            0.0,
                            0.0
                        ],
                        "id" : 4269172720,
                        "index" : "PAGT024",
                        "mainSector" : [
                            -90.0,
                            90.0
                        ],
                        "name" : "PAGT024_21in_MK14_Torpedo_Tubes_Quad",
                        "numAmmos" : 1000,
                        "numBarrels" : 4,
                        "position" : [
                            2.0,
                            1.0
                        ],
                        "rotationSpeed" : [
                            25.0,
                            25.0
                        ],
                        "shootSector" : [
                            0.0,
                            0.0
                        ],
                        "shotDelay" : 85.0,
                        "timeBetweenShots" : 0.2,
                        "timeToChangeAngle" : 1.0,
                        "timeToChangeSpeed" : 1.0,
                        "torpedoAngles" : [
                            4.8,
                            16.0
                        ],
                        "typeinfo" : {
                            "nation" : "USA",
                            "species" : "Torpedo",
                            "type" : "Gun"
                        },
                        "vertSector" : [
                            0.0,
                            1.0
                        ]
                    },
                    {
                        "ammoList" : [
                            "PAPT032_MONAGHAN"
                        ],
                        "barrelDiameter" : 0.533,
                        "canRotate" : true,
                        "deadZone" : [
                            [
                                -51.0,
                                51.0
                            ]
                        ],
                        "horizSector" : [
                            -129.0,
                            129.0
                        ],
                        "id" : 4269172720,
                        "index" : "PAGT024",
                        "mainSector" : [
                            -90.0,
                            90.0
                        ],
                        "name" : "PAGT024_21in_MK14_Torpedo_Tubes_Quad",
                        "numAmmos" : 1000,
                        "numBarrels" : 4,
                        "position" : [
                            3.0,
                            1.0
                        ],
                        "rotationSpeed" : [
                            25.0,
                            25.0
                        ],
                        "shootSector" : [
                            0.0,
                            0.0
                        ],
                        "shotDelay" : 85.0,
                        "timeBetweenShots" : 0.2,
                        "timeToChangeAngle" : 1.0,
                        "timeToChangeSpeed" : 1.0,
                        "torpedoAngles" : [
                            4.8,
                            16.0
                        ],
                        "typeinfo" : {
                            "nation" : "USA",
                            "species" : "Torpedo",
                            "type" : "Gun"
                        },
                        "vertSector" : [
                            0.0,
                            1.0
                        ]
                    }
                ],
                "launcherTypes" : {
                    "4" : [
                        2,
                        "PAGT024_21in_MK14_Torpedo_Tubes_Quad"
                    ]
                },
                "ammo" : {
                    "typeinfo" : { }
                }
            },
            "B1_Torpedoes" : {
                "launchers" : [
                    {
                        "ammoList" : [
                            "PAPT033_MONAGHAN_MK15"
                        ],
                        "barrelDiameter" : 0.533,
                        "canRotate" : true,
                        "deadZone" : [
                            [
                                -50.0,
                                50.0
                            ],
                            [
                                130.0,
                                -130.0
                            ]
                        ],
                        "horizSector" : [
                            0.0,
                            0.0
                        ],
                        "id" : 4289095664,
                        "index" : "PAGT005",
                        "mainSector" : [
                            -90.0,
                            90.0
                        ],
                        "name" : "PAGT005_21in_MK15_Torpedo_Tubes",
                        "numAmmos" : 1000,
                        "numBarrels" : 5,
                        "position" : [
                            2.0,
                            1.0
                        ],
                        "rotationSpeed" : [
                            25.0,
                            25.0
                        ],
                        "shootSector" : [
                            0.0,
                            0.0
                        ],
                        "shotDelay" : 122.0,
                        "timeBetweenShots" : 0.2,
                        "timeToChangeAngle" : 1.0,
                        "timeToChangeSpeed" : 1.0,
                        "torpedoAngles" : [
                            6.0,
                            20.0
                        ],
                        "typeinfo" : {
                            "nation" : "USA",
                            "species" : "Torpedo",
                            "type" : "Gun"
                        },
                        "vertSector" : [
                            0.0,
                            1.0
                        ]
                    },
                    {
                        "ammoList" : [
                            "PAPT033_MONAGHAN_MK15"
                        ],
                        "barrelDiameter" : 0.533,
                        "canRotate" : true,
                        "deadZone" : [
                            [
                                -51.0,
                                51.0
                            ]
                        ],
                        "horizSector" : [
                            -129.0,
                            129.0
                        ],
                        "id" : 4290144240,
                        "index" : "PAGT004",
                        "mainSector" : [
                            -90.0,
                            90.0
                        ],
                        "name" : "PAGT004_21in_MK14_Torpedo_Tubes",
                        "numAmmos" : 1000,
                        "numBarrels" : 5,
                        "position" : [
                            3.0,
                            1.0
                        ],
                        "rotationSpeed" : [
                            25.0,
                            25.0
                        ],
                        "shootSector" : [
                            0.0,
                            0.0
                        ],
                        "shotDelay" : 122.0,
                        "timeBetweenShots" : 0.2,
                        "timeToChangeAngle" : 1.0,
                        "timeToChangeSpeed" : 1.0,
                        "torpedoAngles" : [
                            6.0,
                            20.0
                        ],
                        "typeinfo" : {
                            "nation" : "USA",
                            "species" : "Torpedo",
                            "type" : "Gun"
                        },
                        "vertSector" : [
                            0.0,
                            1.0
                        ]
                    }
                ],
                "launcherTypes" : {
                    "5" : [
                        2,
                        "PAGT005_21in_MK15_Torpedo_Tubes"
                    ]
                },
                "ammo" : {
                    "typeinfo" : { }
                }
            }
        },
        "engine" : {
            "A_Engine" : {
                "backwardEngineForsag" : 2.5,
                "backwardEngineForsagMaxSpeed" : 2.5,
                "backwardEngineUpTime" : 10.0,
                "backwardSpeedOnFlood" : -0.6,
                "damagedEnginePowerMultiplier" : -0.13,
                "damagedEnginePowerTimeMultiplier" : 6.5,
                "forwardEngineForsag" : 2.5,
                "forwardEngineForsagMaxSpeed" : 2.5,
                "forwardEngineUpTime" : 20.0,
                "forwardSpeedOnFlood" : -0.3,
                "histEnginePower" : 42800.0
            }
        }
    },
    "shipAbilities" : {
        "AbilitySlot0" : {
            "abils" : [
                [
                    "PCY009_CrashCrewPremium",
                    "D_Gold"
                ]
            ],
            "slot" : 0
        },
        "AbilitySlot1" : {
            "abils" : [
                [
                    "PCY014_SmokeGeneratorPremium",
                    "Lvl_6_Gold"
                ]
            ],
            "slot" : 1
        },
        "AbilitySlot2" : {
            "abils" : [
                [
                    "PCY015_SpeedBoosterPremium",
                    "Default"
                ]
            ],
            "slot" : 2
        },
        "AbilitySlot3" : {
            "abils" : [
                [
                    "PCY011_AirDefenseDispPremium",
                    "US_DD_Gold"
                ],
                [
                    "PCY018_TorpedoReloaderPremium",
                    "Monaghan_style_premium"
                ]
            ],
            "slot" : 3
        },
        "AbilitySlot4" : {
            "slot" : 4
        }
    },
    "shipUpgradeInfo" : {
        "components" : {
            "flightControl" : [ ],
            "artillery" : [
                {
                    "name" : "PAUA506_MONAGHAN",
                    "ucType" : "_Artillery",
                    "ucTypeShort" : "artillery",
                    "position" : 1,
                    "elem" : 1,
                    "prevType" : "artillery",
                    "prevPosition" : 0,
                    "components" : {
                        "artillery" : [
                            "A1_Artillery",
                            "B1_Artillery"
                        ]
                    },
                    "image" : "https://cdn.wowsft.com/images/modules/icon_module_Artillery.png"
                }
            ],
            "hull" : [
                {
                    "name" : "PAUH506_MONAGHAN",
                    "ucType" : "_Hull",
                    "ucTypeShort" : "hull",
                    "position" : 1,
                    "elem" : 2,
                    "prevType" : "hull",
                    "prevPosition" : 0,
                    "components" : {
                        "airArmament" : [ ],
                        "airDefense" : [
                            "A_AirDefense"
                        ],
                        "artillery" : [
                            "A1_Artillery"
                        ],
                        "atba" : [ ],
                        "depthCharges" : [ ],
                        "hull" : [
                            "A_Hull"
                        ],
                        "hydrophone" : [
                            "AB_Hydrophone"
                        ],
                        "pinger" : [ ],
                        "torpedoes" : [
                            "A1_Torpedoes"
                        ]
                    },
                    "image" : "https://cdn.wowsft.com/images/modules/icon_module_Hull.png"
                },
                {
                    "name" : "PAUH509_MONAGHAN_B",
                    "prev" : "PAUH506_MONAGHAN",
                    "ucType" : "_Hull",
                    "ucTypeShort" : "hull",
                    "position" : 2,
                    "elem" : 2,
                    "prevType" : "hull",
                    "prevPosition" : 1,
                    "prevElem" : 2,
                    "components" : {
                        "airArmament" : [ ],
                        "airDefense" : [
                            "B_AirDefense"
                        ],
                        "artillery" : [
                            "B1_Artillery"
                        ],
                        "atba" : [ ],
                        "depthCharges" : [ ],
                        "hull" : [
                            "B_Hull"
                        ],
                        "hydrophone" : [
                            "AB_Hydrophone"
                        ],
                        "pinger" : [ ],
                        "torpedoes" : [
                            "B1_Torpedoes"
                        ]
                    },
                    "image" : "https://cdn.wowsft.com/images/modules/icon_module_Hull.png"
                }
            ],
            "torpedoes" : [
                {
                    "name" : "PAUT506_MONAGHAN",
                    "ucType" : "_Torpedoes",
                    "ucTypeShort" : "torpedoes",
                    "position" : 1,
                    "elem" : 3,
                    "prevType" : "torpedoes",
                    "prevPosition" : 0,
                    "components" : {
                        "torpedoes" : [
                            "A1_Torpedoes",
                            "B1_Torpedoes"
                        ]
                    },
                    "image" : "https://cdn.wowsft.com/images/modules/icon_module_Torpedoes.png"
                }
            ],
            "suo" : [
                {
                    "name" : "PAUS506_MONAGHAN",
                    "ucType" : "_Suo",
                    "ucTypeShort" : "suo",
                    "position" : 1,
                    "elem" : 4,
                    "prevType" : "suo",
                    "prevPosition" : 0,
                    "components" : {
                        "suo" : [
                            "A1_FireControl"
                        ]
                    },
                    "image" : "https://cdn.wowsft.com/images/modules/icon_module_Suo.png"
                }
            ],
            "fighter" : [ ],
            "torpedoBomber" : [ ],
            "diveBomber" : [ ],
            "engine" : [
                {
                    "name" : "PAUE506_MONAGHAN",
                    "ucType" : "_Engine",
                    "ucTypeShort" : "engine",
                    "position" : 1,
                    "elem" : 8,
                    "prevType" : "engine",
                    "prevPosition" : 0,
                    "components" : {
                        "engine" : [
                            "A_Engine"
                        ]
                    },
                    "image" : "https://cdn.wowsft.com/images/modules/icon_module_Engine.png"
                }
            ]
        },
        "cols" : {
            "artillery" : 1,
            "hull" : 1,
            "torpedoes" : 1,
            "suo" : 1,
            "fighter" : 0,
            "torpedoBomber" : 0,
            "diveBomber" : 0,
            "engine" : 1
        },
        "maxRows" : 2,
        "costGold" : 4600,
        "value" : 1
    },
    "apDamageLimitCoeff" : 0.1,
    "battleLevels" : { },
    "canEquipCamouflage" : true,
    "group" : "special",
    "id" : 3764271088,
    "index" : "PASD506",
    "level" : 6,
    "maxEquippedFlags" : 8,
    "name" : "PASD506_Monaghan",
    "navalFlag" : "usa",
    "needShowProjectYear" : true,
    "peculiarity" : "default",
    "steerAngle" : [
        0.2,
        0.7,
        1.0
    ],
    "typeinfo" : {
        "nation" : "USA",
        "species" : "Destroyer",
        "type" : "Ship"
    },
    "realShipType" : "Premium",
    "realShipTypeId" : "FILTER_PREMIUM",
    "imageSmall" : "https://cdn.wowsft.com/images/vehicles/ship_previews/PASD506.png",
    "typeImage" : "https://cdn.wowsft.com/images/vehicles/ship_classes/icon_destroyer_standard.png"
}