{
    "components" : {
        "airDefense" : {
            "A_AirDefense" : {
                "auraNear" : [
                    {
                        "areaDamage" : 18.0,
                        "areaDamageFrequency" : 0.285714285714,
                        "enableBarrage" : true,
                        "guns" : [
                            "HP_AGA_1",
                            "HP_AGA_2",
                            "HP_AGA_3",
                            "HP_AGA_4",
                            "HP_AGA_5",
                            "HP_AGA_6"
                        ],
                        "hitChance" : 0.95,
                        "joint" : true,
                        "maxDistance" : 1500.0,
                        "minDistance" : 100.0,
                        "shotDelay" : 0.1,
                        "shotTravelTime" : 1.0,
                        "type" : "near"
                    }
                ],
                "ownerlessTracesScatterCoefficient" : 1.0,
                "sectors" : [
                    [
                        0.0,
                        180.0
                    ],
                    [
                        180.0,
                        0.0
                    ]
                ],
                "prioritySectorPhases" : [
                    [
                        5.0,
                        "linear",
                        0.05,
                        1.0,
                        1.35
                    ],
                    [
                        5.0,
                        "linear",
                        0.0,
                        1.35,
                        1.35
                    ]
                ],
                "prioritySectorPreparation" : 10.0,
                "prioritySectorDuration" : 10.0,
                "prioritySectorDamageInitial" : 0.05,
                "prioritySectorCoefficientInitial" : 1.0,
                "prioritySectorCoefficientDuring" : 1.35
            },
            "B_AirDefense" : {
                "auraNear" : [
                    {
                        "areaDamage" : 11.0,
                        "areaDamageFrequency" : 0.285714285714,
                        "enableBarrage" : true,
                        "guns" : [
                            "HP_AGA_1",
                            "HP_AGA_2",
                            "HP_AGA_3",
                            "HP_AGA_4"
                        ],
                        "hitChance" : 0.95,
                        "joint" : true,
                        "maxDistance" : 2000.0,
                        "minDistance" : 100.0,
                        "shotDelay" : 0.1,
                        "shotTravelTime" : 1.0,
                        "type" : "near"
                    },
                    {
                        "areaDamage" : 6.0,
                        "areaDamageFrequency" : 0.285714285714,
                        "enableBarrage" : true,
                        "guns" : [
                            "HP_AGA_5",
                            "HP_AGA_6"
                        ],
                        "hitChance" : 0.95,
                        "joint" : true,
                        "maxDistance" : 2000.0,
                        "minDistance" : 100.0,
                        "shotDelay" : 0.1,
                        "shotTravelTime" : 1.0,
                        "type" : "near"
                    }
                ],
                "ownerlessTracesScatterCoefficient" : 1.0,
                "sectors" : [
                    [
                        0.0,
                        180.0
                    ],
                    [
                        180.0,
                        0.0
                    ]
                ],
                "prioritySectorPhases" : [
                    [
                        5.0,
                        "linear",
                        0.05,
                        1.0,
                        1.35
                    ],
                    [
                        5.0,
                        "linear",
                        0.0,
                        1.35,
                        1.35
                    ]
                ],
                "prioritySectorPreparation" : 10.0,
                "prioritySectorDuration" : 10.0,
                "prioritySectorDamageInitial" : 0.05,
                "prioritySectorCoefficientInitial" : 1.0,
                "prioritySectorCoefficientDuring" : 1.35
            },
            "C_AirDefense" : {
                "auraMedium" : [
                    {
                        "areaDamage" : 14.0,
                        "areaDamageFrequency" : 0.285714285714,
                        "enableBarrage" : true,
                        "guns" : [
                            "HP_AGA_5",
                            "HP_AGA_6"
                        ],
                        "hitChance" : 1.0,
                        "joint" : true,
                        "maxDistance" : 3500.0,
                        "minDistance" : 100.0,
                        "shotDelay" : 0.5,
                        "shotTravelTime" : 1.5,
                        "type" : "medium"
                    }
                ],
                "auraNear" : [
                    {
                        "areaDamage" : 11.0,
                        "areaDamageFrequency" : 0.285714285714,
                        "enableBarrage" : true,
                        "guns" : [
                            "HP_AGA_1",
                            "HP_AGA_2",
                            "HP_AGA_3",
                            "HP_AGA_4"
                        ],
                        "hitChance" : 0.95,
                        "joint" : true,
                        "maxDistance" : 2000.0,
                        "minDistance" : 100.0,
                        "shotDelay" : 0.1,
                        "shotTravelTime" : 1.0,
                        "type" : "near"
                    }
                ],
                "ownerlessTracesScatterCoefficient" : 1.0,
                "sectors" : [
                    [
                        0.0,
                        180.0
                    ],
                    [
                        180.0,
                        0.0
                    ]
                ],
                "prioritySectorPhases" : [
                    [
                        5.0,
                        "linear",
                        0.05,
                        1.0,
                        1.35
                    ],
                    [
                        5.0,
                        "linear",
                        0.0,
                        1.35,
                        1.35
                    ]
                ],
                "prioritySectorPreparation" : 10.0,
                "prioritySectorDuration" : 10.0,
                "prioritySectorDamageInitial" : 0.05,
                "prioritySectorCoefficientInitial" : 1.0,
                "prioritySectorCoefficientDuring" : 1.35
            }
        },
        "artillery" : {
            "A1_Artillery" : {
                "auraFar" : [
                    {
                        "areaDamage" : 22.0,
                        "areaDamageFrequency" : 0.285714285714,
                        "bubbleDuration" : 3.0,
                        "enableBarrage" : true,
                        "enableCrewSelectedTargetCoeff" : true,
                        "explosionCount" : 2.0,
                        "guns" : [
                            "HP_AGM_1",
                            "HP_AGM_2",
                            "HP_AGM_3",
                            "HP_AGM_4",
                            "HP_AGM_5"
                        ],
                        "halfOuterBubbleZone" : 50.0,
                        "hitChance" : 1.0,
                        "innerBubbleCount" : 3.0,
                        "innerBubbleSpawnTimeRange" : [
                            2.65,
                            3.15
                        ],
                        "innerBubbleZone" : 20.0,
                        "joint" : true,
                        "maxBubbleActivationDelay" : 0.4,
                        "maxDistance" : 5800.0,
                        "minBubbleActivationDelay" : 0.1,
                        "minDistance" : 100.0,
                        "outerBubbleSpawnTimeRange" : [
                            2.45,
                            2.65
                        ],
                        "shotDelay" : 5.0,
                        "shotTravelTime" : 1.51,
                        "type" : "far"
                    },
                    {
                        "areaDamageFrequency" : 0.285714285714,
                        "bubbleDamage" : 200.0,
                        "bubbleDuration" : 3.0,
                        "bubbleRadius" : 2.567,
                        "enableBarrage" : true,
                        "enableCrewSelectedTargetCoeff" : true,
                        "explosionCount" : 2.0,
                        "guns" : [
                            "HP_AGM_1",
                            "HP_AGM_2",
                            "HP_AGM_3",
                            "HP_AGM_4",
                            "HP_AGM_5"
                        ],
                        "halfOuterBubbleZone" : 50.0,
                        "hitChance" : 1.0,
                        "innerBubbleCount" : 2.0,
                        "innerBubbleSpawnTimeRange" : [
                            2.65,
                            3.15
                        ],
                        "innerBubbleZone" : 20.0,
                        "joint" : true,
                        "maxBubbleActivationDelay" : 0.4,
                        "maxDistance" : 5800.0,
                        "minBubbleActivationDelay" : 0.1,
                        "minDistance" : 3500.0,
                        "outerBubbleCount" : 1.0,
                        "outerBubbleSpawnTimeRange" : [
                            2.45,
                            2.65
                        ],
                        "shotDelay" : 5.0,
                        "shotTravelTime" : 1.51,
                        "type" : "far"
                    }
                ],
                "turrets" : [
                    {
                        "ammoList" : [
                            "PAPA044_Main_127mm_HE_C_Mk_32",
                            "PAPA004_Shell_127mm_AP_SC_Mk_38"
                        ],
                        "antiAirAuraDistance" : 167.0,
                        "antiAirAuraStrength" : 0.107,
                        "barrelDiameter" : 0.127,
                        "coeffPerSecondMin" : 0.3,
                        "deadZone" : [ ],
                        "delim" : 0.5,
                        "ellipseRangeMax" : 250.0,
                        "ellipseRangeMin" : 50.0,
                        "horizSector" : [
                            210.0,
                            150.0
                        ],
                        "id" : 4214876144,
                        "idealDistance" : 1000.0,
                        "idealRadius" : 8.0,
                        "index" : "PAGM076",
                        "maxEllipseRanging" : 1.003,
                        "medEllipseRanging" : 1.002,
                        "minEllipseRanging" : 1.001,
                        "minRadius" : 0.5,
                        "name" : "PAGM076_5in38_Mk30_Mod0",
                        "numBarrels" : 1,
                        "onMoveTarPosCoeffDelim" : 1.001,
                        "onMoveTarPosCoeffMaxDist" : 1.002,
                        "onMoveTarPosCoeffZero" : 1.0,
                        "onMoveTarPosDelim" : 0.1,
                        "position" : [
                            -0.25,
                            1.0
                        ],
                        "radiusOnDelim" : 0.5,
                        "radiusOnMax" : 0.6,
                        "radiusOnZero" : 0.2,
                        "reduceTime" : 0.1,
                        "rotationSpeed" : [
                            34.0,
                            18.0
                        ],
                        "shotDelay" : 3.34,
                        "smokePenalty" : 1.0E-4,
                        "typeinfo" : {
                            "nation" : "USA",
                            "species" : "Main",
                            "type" : "Gun"
                        },
                        "vertSector" : [
                            -2.0,
                            85.0
                        ]
                    },
                    {
                        "ammoList" : [
                            "PAPA044_Main_127mm_HE_C_Mk_32",
                            "PAPA004_Shell_127mm_AP_SC_Mk_38"
                        ],
                        "antiAirAuraDistance" : 167.0,
                        "antiAirAuraStrength" : 0.107,
                        "barrelDiameter" : 0.127,
                        "coeffPerSecondMin" : 0.3,
                        "deadZone" : [ ],
                        "delim" : 0.5,
                        "ellipseRangeMax" : 250.0,
                        "ellipseRangeMin" : 50.0,
                        "horizSector" : [
                            -142.0,
                            142.0
                        ],
                        "id" : 4214876144,
                        "idealDistance" : 1000.0,
                        "idealRadius" : 8.0,
                        "index" : "PAGM076",
                        "maxEllipseRanging" : 1.003,
                        "medEllipseRanging" : 1.002,
                        "minEllipseRanging" : 1.001,
                        "minRadius" : 0.5,
                        "name" : "PAGM076_5in38_Mk30_Mod0",
                        "numBarrels" : 1,
                        "onMoveTarPosCoeffDelim" : 1.001,
                        "onMoveTarPosCoeffMaxDist" : 1.002,
                        "onMoveTarPosCoeffZero" : 1.0,
                        "onMoveTarPosDelim" : 0.1,
                        "position" : [
                            0.75,
                            1.0
                        ],
                        "radiusOnDelim" : 0.5,
                        "radiusOnMax" : 0.6,
                        "radiusOnZero" : 0.2,
                        "reduceTime" : 0.1,
                        "rotationSpeed" : [
                            34.0,
                            18.0
                        ],
                        "shotDelay" : 3.34,
                        "smokePenalty" : 1.0E-4,
                        "typeinfo" : {
                            "nation" : "USA",
                            "species" : "Main",
                            "type" : "Gun"
                        },
                        "vertSector" : [
                            -2.0,
                            85.0
                        ]
                    },
                    {
                        "ammoList" : [
                            "PAPA044_Main_127mm_HE_C_Mk_32",
                            "PAPA004_Shell_127mm_AP_SC_Mk_38"
                        ],
                        "antiAirAuraDistance" : 167.0,
                        "antiAirAuraStrength" : 0.08,
                        "barrelDiameter" : 0.127,
                        "coeffPerSecondMin" : 0.3,
                        "deadZone" : [
                            [
                                -15.0,
                                15.0
                            ]
                        ],
                        "delim" : 0.5,
                        "ellipseRangeMax" : 250.0,
                        "ellipseRangeMin" : 50.0,
                        "horizSector" : [
                            -143.0,
                            143.0
                        ],
                        "id" : 4137281520,
                        "idealDistance" : 1000.0,
                        "idealRadius" : 8.0,
                        "index" : "PAGM150",
                        "maxEllipseRanging" : 1.003,
                        "medEllipseRanging" : 1.002,
                        "minEllipseRanging" : 1.001,
                        "minRadius" : 0.5,
                        "name" : "PAGM150_5in38_Mk24_Mod6",
                        "numBarrels" : 1,
                        "onMoveTarPosCoeffDelim" : 1.001,
                        "onMoveTarPosCoeffMaxDist" : 1.002,
                        "onMoveTarPosCoeffZero" : 1.0,
                        "onMoveTarPosDelim" : 0.1,
                        "position" : [
                            3.75,
                            1.0
                        ],
                        "radiusOnDelim" : 0.5,
                        "radiusOnMax" : 0.6,
                        "radiusOnZero" : 0.2,
                        "reduceTime" : 0.1,
                        "rotationSpeed" : [
                            34.0,
                            18.0
                        ],
                        "shotDelay" : 3.34,
                        "smokePenalty" : 1.0E-4,
                        "typeinfo" : {
                            "nation" : "USA",
                            "species" : "Main",
                            "type" : "Gun"
                        },
                        "vertSector" : [
                            -2.0,
                            85.0
                        ]
                    },
                    {
                        "ammoList" : [
                            "PAPA044_Main_127mm_HE_C_Mk_32",
                            "PAPA004_Shell_127mm_AP_SC_Mk_38"
                        ],
                        "antiAirAuraDistance" : 167.0,
                        "antiAirAuraStrength" : 0.08,
                        "barrelDiameter" : 0.127,
                        "coeffPerSecondMin" : 0.3,
                        "deadZone" : [ ],
                        "delim" : 0.5,
                        "ellipseRangeMax" : 250.0,
                        "ellipseRangeMin" : 50.0,
                        "horizSector" : [
                            -147.0,
                            147.0
                        ],
                        "id" : 4137281520,
                        "idealDistance" : 1000.0,
                        "idealRadius" : 8.0,
                        "index" : "PAGM150",
                        "maxEllipseRanging" : 1.003,
                        "medEllipseRanging" : 1.002,
                        "minEllipseRanging" : 1.001,
                        "minRadius" : 0.5,
                        "name" : "PAGM150_5in38_Mk24_Mod6",
                        "numBarrels" : 1,
                        "onMoveTarPosCoeffDelim" : 1.001,
                        "onMoveTarPosCoeffMaxDist" : 1.002,
                        "onMoveTarPosCoeffZero" : 1.0,
                        "onMoveTarPosDelim" : 0.1,
                        "position" : [
                            4.75,
                            1.0
                        ],
                        "radiusOnDelim" : 0.5,
                        "radiusOnMax" : 0.6,
                        "radiusOnZero" : 0.2,
                        "reduceTime" : 0.1,
                        "rotationSpeed" : [
                            34.0,
                            18.0
                        ],
                        "shotDelay" : 3.34,
                        "smokePenalty" : 1.0E-4,
                        "typeinfo" : {
                            "nation" : "USA",
                            "species" : "Main",
                            "type" : "Gun"
                        },
                        "vertSector" : [
                            -2.0,
                            85.0
                        ]
                    },
                    {
                        "ammoList" : [
                            "PAPA044_Main_127mm_HE_C_Mk_32",
                            "PAPA004_Shell_127mm_AP_SC_Mk_38"
                        ],
                        "antiAirAuraDistance" : 167.0,
                        "antiAirAuraStrength" : 0.107,
                        "barrelDiameter" : 0.127,
                        "coeffPerSecondMin" : 0.3,
                        "deadZone" : [ ],
                        "delim" : 0.5,
                        "ellipseRangeMax" : 250.0,
                        "ellipseRangeMin" : 50.0,
                        "horizSector" : [
                            -147.0,
                            147.0
                        ],
                        "id" : 4214876144,
                        "idealDistance" : 1000.0,
                        "idealRadius" : 8.0,
                        "index" : "PAGM076",
                        "maxEllipseRanging" : 1.003,
                        "medEllipseRanging" : 1.002,
                        "minEllipseRanging" : 1.001,
                        "minRadius" : 0.5,
                        "name" : "PAGM076_5in38_Mk30_Mod0",
                        "numBarrels" : 1,
                        "onMoveTarPosCoeffDelim" : 1.001,
                        "onMoveTarPosCoeffMaxDist" : 1.002,
                        "onMoveTarPosCoeffZero" : 1.0,
                        "onMoveTarPosDelim" : 0.1,
                        "position" : [
                            5.75,
                            1.0
                        ],
                        "radiusOnDelim" : 0.5,
                        "radiusOnMax" : 0.6,
                        "radiusOnZero" : 0.2,
                        "reduceTime" : 0.1,
                        "rotationSpeed" : [
                            34.0,
                            18.0
                        ],
                        "shotDelay" : 3.34,
                        "smokePenalty" : 1.0E-4,
                        "typeinfo" : {
                            "nation" : "USA",
                            "species" : "Main",
                            "type" : "Gun"
                        },
                        "vertSector" : [
                            -2.0,
                            85.0
                        ]
                    }
                ],
                "turretTypes" : {
                    "1" : [
                        5,
                        "PAGM076_5in38_Mk30_Mod0"
                    ]
                },
                "maxDist" : 10536.0,
                "minDistH" : 50.0,
                "minDistV" : 110.0,
                "normalDistribution" : true,
                "sigmaCount" : 2.0,
                "taperDist" : 4000.0,
                "GMIdealRadius" : 1.0,
                "barrelDiameter" : 0.127,
                "numBarrels" : 5
            },
            "B1_Artillery" : {
                "auraFar" : [
                    {
                        "areaDamage" : 22.0,
                        "areaDamageFrequency" : 0.285714285714,
                        "bubbleDuration" : 3.0,
                        "enableBarrage" : true,
                        "enableCrewSelectedTargetCoeff" : true,
                        "explosionCount" : 2.0,
                        "guns" : [
                            "HP_AGM_1",
                            "HP_AGM_2",
                            "HP_AGM_3",
                            "HP_AGM_4",
                            "HP_AGM_5"
                        ],
                        "halfOuterBubbleZone" : 50.0,
                        "hitChance" : 1.0,
                        "innerBubbleCount" : 3.0,
                        "innerBubbleSpawnTimeRange" : [
                            2.65,
                            3.15
                        ],
                        "innerBubbleZone" : 20.0,
                        "joint" : true,
                        "maxBubbleActivationDelay" : 0.4,
                        "maxDistance" : 5800.0,
                        "minBubbleActivationDelay" : 0.1,
                        "minDistance" : 100.0,
                        "outerBubbleSpawnTimeRange" : [
                            2.45,
                            2.65
                        ],
                        "shotDelay" : 5.0,
                        "shotTravelTime" : 1.51,
                        "type" : "far"
                    },
                    {
                        "areaDamageFrequency" : 0.285714285714,
                        "bubbleDamage" : 200.0,
                        "bubbleDuration" : 3.0,
                        "bubbleRadius" : 2.567,
                        "enableBarrage" : true,
                        "enableCrewSelectedTargetCoeff" : true,
                        "explosionCount" : 2.0,
                        "guns" : [
                            "HP_AGM_1",
                            "HP_AGM_2",
                            "HP_AGM_3",
                            "HP_AGM_4",
                            "HP_AGM_5"
                        ],
                        "halfOuterBubbleZone" : 50.0,
                        "hitChance" : 1.0,
                        "innerBubbleCount" : 2.0,
                        "innerBubbleSpawnTimeRange" : [
                            2.65,
                            3.15
                        ],
                        "innerBubbleZone" : 20.0,
                        "joint" : true,
                        "maxBubbleActivationDelay" : 0.4,
                        "maxDistance" : 5800.0,
                        "minBubbleActivationDelay" : 0.1,
                        "minDistance" : 3500.0,
                        "outerBubbleCount" : 1.0,
                        "outerBubbleSpawnTimeRange" : [
                            2.45,
                            2.65
                        ],
                        "shotDelay" : 5.0,
                        "shotTravelTime" : 1.51,
                        "type" : "far"
                    }
                ],
                "turrets" : [
                    {
                        "ammoList" : [
                            "PAPA044_Main_127mm_HE_C_Mk_32",
                            "PAPA004_Shell_127mm_AP_SC_Mk_38"
                        ],
                        "antiAirAuraDistance" : 167.0,
                        "antiAirAuraStrength" : 0.107,
                        "barrelDiameter" : 0.127,
                        "coeffPerSecondMin" : 0.3,
                        "deadZone" : [ ],
                        "delim" : 0.5,
                        "ellipseRangeMax" : 250.0,
                        "ellipseRangeMin" : 50.0,
                        "horizSector" : [
                            210.0,
                            150.0
                        ],
                        "id" : 4214876144,
                        "idealDistance" : 1000.0,
                        "idealRadius" : 8.0,
                        "index" : "PAGM076",
                        "maxEllipseRanging" : 1.003,
                        "medEllipseRanging" : 1.002,
                        "minEllipseRanging" : 1.001,
                        "minRadius" : 0.5,
                        "name" : "PAGM076_5in38_Mk30_Mod0",
                        "numBarrels" : 1,
                        "onMoveTarPosCoeffDelim" : 1.001,
                        "onMoveTarPosCoeffMaxDist" : 1.002,
                        "onMoveTarPosCoeffZero" : 1.0,
                        "onMoveTarPosDelim" : 0.1,
                        "position" : [
                            -0.25,
                            1.0
                        ],
                        "radiusOnDelim" : 0.5,
                        "radiusOnMax" : 0.6,
                        "radiusOnZero" : 0.2,
                        "reduceTime" : 0.1,
                        "rotationSpeed" : [
                            34.0,
                            18.0
                        ],
                        "shotDelay" : 3.34,
                        "smokePenalty" : 1.0E-4,
                        "typeinfo" : {
                            "nation" : "USA",
                            "species" : "Main",
                            "type" : "Gun"
                        },
                        "vertSector" : [
                            -2.0,
                            85.0
                        ]
                    },
                    {
                        "ammoList" : [
                            "PAPA044_Main_127mm_HE_C_Mk_32",
                            "PAPA004_Shell_127mm_AP_SC_Mk_38"
                        ],
                        "antiAirAuraDistance" : 167.0,
                        "antiAirAuraStrength" : 0.107,
                        "barrelDiameter" : 0.127,
                        "coeffPerSecondMin" : 0.3,
                        "deadZone" : [ ],
                        "delim" : 0.5,
                        "ellipseRangeMax" : 250.0,
                        "ellipseRangeMin" : 50.0,
                        "horizSector" : [
                            -142.0,
                            142.0
                        ],
                        "id" : 4214876144,
                        "idealDistance" : 1000.0,
                        "idealRadius" : 8.0,
                        "index" : "PAGM076",
                        "maxEllipseRanging" : 1.003,
                        "medEllipseRanging" : 1.002,
                        "minEllipseRanging" : 1.001,
                        "minRadius" : 0.5,
                        "name" : "PAGM076_5in38_Mk30_Mod0",
                        "numBarrels" : 1,
                        "onMoveTarPosCoeffDelim" : 1.001,
                        "onMoveTarPosCoeffMaxDist" : 1.002,
                        "onMoveTarPosCoeffZero" : 1.0,
                        "onMoveTarPosDelim" : 0.1,
                        "position" : [
                            0.75,
                            1.0
                        ],
                        "radiusOnDelim" : 0.5,
                        "radiusOnMax" : 0.6,
                        "radiusOnZero" : 0.2,
                        "reduceTime" : 0.1,
                        "rotationSpeed" : [
                            34.0,
                            18.0
                        ],
                        "shotDelay" : 3.34,
                        "smokePenalty" : 1.0E-4,
                        "typeinfo" : {
                            "nation" : "USA",
                            "species" : "Main",
                            "type" : "Gun"
                        },
                        "vertSector" : [
                            -2.0,
                            85.0
                        ]
                    },
                    {
                        "ammoList" : [
                            "PAPA044_Main_127mm_HE_C_Mk_32",
                            "PAPA004_Shell_127mm_AP_SC_Mk_38"
                        ],
                        "antiAirAuraDistance" : 167.0,
                        "antiAirAuraStrength" : 0.08,
                        "barrelDiameter" : 0.127,
                        "coeffPerSecondMin" : 0.3,
                        "deadZone" : [
                            [
                                -15.0,
                                15.0
                            ]
                        ],
                        "delim" : 0.5,
                        "ellipseRangeMax" : 250.0,
                        "ellipseRangeMin" : 50.0,
                        "horizSector" : [
                            -143.0,
                            143.0
                        ],
                        "id" : 4137281520,
                        "idealDistance" : 1000.0,
                        "idealRadius" : 8.0,
                        "index" : "PAGM150",
                        "maxEllipseRanging" : 1.003,
                        "medEllipseRanging" : 1.002,
                        "minEllipseRanging" : 1.001,
                        "minRadius" : 0.5,
                        "name" : "PAGM150_5in38_Mk24_Mod6",
                        "numBarrels" : 1,
                        "onMoveTarPosCoeffDelim" : 1.001,
                        "onMoveTarPosCoeffMaxDist" : 1.002,
                        "onMoveTarPosCoeffZero" : 1.0,
                        "onMoveTarPosDelim" : 0.1,
                        "position" : [
                            3.75,
                            1.0
                        ],
                        "radiusOnDelim" : 0.5,
                        "radiusOnMax" : 0.6,
                        "radiusOnZero" : 0.2,
                        "reduceTime" : 0.1,
                        "rotationSpeed" : [
                            34.0,
                            18.0
                        ],
                        "shotDelay" : 3.34,
                        "smokePenalty" : 1.0E-4,
                        "typeinfo" : {
                            "nation" : "USA",
                            "species" : "Main",
                            "type" : "Gun"
                        },
                        "vertSector" : [
                            -2.0,
                            85.0
                        ]
                    },
                    {
                        "ammoList" : [
                            "PAPA044_Main_127mm_HE_C_Mk_32",
                            "PAPA004_Shell_127mm_AP_SC_Mk_38"
                        ],
                        "antiAirAuraDistance" : 167.0,
                        "antiAirAuraStrength" : 0.08,
                        "barrelDiameter" : 0.127,
                        "coeffPerSecondMin" : 0.3,
                        "deadZone" : [ ],
                        "delim" : 0.5,
                        "ellipseRangeMax" : 250.0,
                        "ellipseRangeMin" : 50.0,
                        "horizSector" : [
                            -147.0,
                            147.0
                        ],
                        "id" : 4137281520,
                        "idealDistance" : 1000.0,
                        "idealRadius" : 8.0,
                        "index" : "PAGM150",
                        "maxEllipseRanging" : 1.003,
                        "medEllipseRanging" : 1.002,
                        "minEllipseRanging" : 1.001,
                        "minRadius" : 0.5,
                        "name" : "PAGM150_5in38_Mk24_Mod6",
                        "numBarrels" : 1,
                        "onMoveTarPosCoeffDelim" : 1.001,
                        "onMoveTarPosCoeffMaxDist" : 1.002,
                        "onMoveTarPosCoeffZero" : 1.0,
                        "onMoveTarPosDelim" : 0.1,
                        "position" : [
                            4.75,
                            1.0
                        ],
                        "radiusOnDelim" : 0.5,
                        "radiusOnMax" : 0.6,
                        "radiusOnZero" : 0.2,
                        "reduceTime" : 0.1,
                        "rotationSpeed" : [
                            34.0,
                            18.0
                        ],
                        "shotDelay" : 3.34,
                        "smokePenalty" : 1.0E-4,
                        "typeinfo" : {
                            "nation" : "USA",
                            "species" : "Main",
                            "type" : "Gun"
                        },
                        "vertSector" : [
                            -2.0,
                            85.0
                        ]
                    },
                    {
                        "ammoList" : [
                            "PAPA044_Main_127mm_HE_C_Mk_32",
                            "PAPA004_Shell_127mm_AP_SC_Mk_38"
                        ],
                        "antiAirAuraDistance" : 167.0,
                        "antiAirAuraStrength" : 0.107,
                        "barrelDiameter" : 0.127,
                        "coeffPerSecondMin" : 0.3,
                        "deadZone" : [ ],
                        "delim" : 0.5,
                        "ellipseRangeMax" : 250.0,
                        "ellipseRangeMin" : 50.0,
                        "horizSector" : [
                            -147.0,
                            147.0
                        ],
                        "id" : 4214876144,
                        "idealDistance" : 1000.0,
                        "idealRadius" : 8.0,
                        "index" : "PAGM076",
                        "maxEllipseRanging" : 1.003,
                        "medEllipseRanging" : 1.002,
                        "minEllipseRanging" : 1.001,
                        "minRadius" : 0.5,
                        "name" : "PAGM076_5in38_Mk30_Mod0",
                        "numBarrels" : 1,
                        "onMoveTarPosCoeffDelim" : 1.001,
                        "onMoveTarPosCoeffMaxDist" : 1.002,
                        "onMoveTarPosCoeffZero" : 1.0,
                        "onMoveTarPosDelim" : 0.1,
                        "position" : [
                            5.75,
                            1.0
                        ],
                        "radiusOnDelim" : 0.5,
                        "radiusOnMax" : 0.6,
                        "radiusOnZero" : 0.2,
                        "reduceTime" : 0.1,
                        "rotationSpeed" : [
                            34.0,
                            18.0
                        ],
                        "shotDelay" : 3.34,
                        "smokePenalty" : 1.0E-4,
                        "typeinfo" : {
                            "nation" : "USA",
                            "species" : "Main",
                            "type" : "Gun"
                        },
                        "vertSector" : [
                            -2.0,
                            85.0
                        ]
                    }
                ],
                "turretTypes" : {
                    "1" : [
                        5,
                        "PAGM076_5in38_Mk30_Mod0"
                    ]
                },
                "maxDist" : 10536.0,
                "minDistH" : 50.0,
                "minDistV" : 110.0,
                "normalDistribution" : true,
                "sigmaCount" : 2.0,
                "taperDist" : 4000.0,
                "GMIdealRadius" : 1.0,
                "barrelDiameter" : 0.127,
                "numBarrels" : 5
            },
            "C1_Artillery" : {
                "auraFar" : [
                    {
                        "areaDamage" : 19.0,
                        "areaDamageFrequency" : 0.285714285714,
                        "bubbleDuration" : 3.0,
                        "enableBarrage" : true,
                        "enableCrewSelectedTargetCoeff" : true,
                        "explosionCount" : 2.0,
                        "guns" : [
                            "HP_AGM_1",
                            "HP_AGM_2",
                            "HP_AGM_3",
                            "HP_AGM_4"
                        ],
                        "halfOuterBubbleZone" : 50.0,
                        "hitChance" : 1.0,
                        "innerBubbleCount" : 3.0,
                        "innerBubbleSpawnTimeRange" : [
                            2.65,
                            3.15
                        ],
                        "innerBubbleZone" : 20.0,
                        "joint" : true,
                        "maxBubbleActivationDelay" : 0.4,
                        "maxDistance" : 5800.0,
                        "minBubbleActivationDelay" : 0.1,
                        "minDistance" : 100.0,
                        "outerBubbleSpawnTimeRange" : [
                            2.45,
                            2.65
                        ],
                        "shotDelay" : 5.0,
                        "shotTravelTime" : 1.51,
                        "type" : "far"
                    },
                    {
                        "areaDamageFrequency" : 0.285714285714,
                        "bubbleDamage" : 210.0,
                        "bubbleDuration" : 3.0,
                        "bubbleRadius" : 2.567,
                        "enableBarrage" : true,
                        "enableCrewSelectedTargetCoeff" : true,
                        "explosionCount" : 2.0,
                        "guns" : [
                            "HP_AGM_1",
                            "HP_AGM_2",
                            "HP_AGM_3",
                            "HP_AGM_4"
                        ],
                        "halfOuterBubbleZone" : 50.0,
                        "hitChance" : 1.0,
                        "innerBubbleCount" : 2.0,
                        "innerBubbleSpawnTimeRange" : [
                            2.65,
                            3.15
                        ],
                        "innerBubbleZone" : 20.0,
                        "joint" : true,
                        "maxBubbleActivationDelay" : 0.4,
                        "maxDistance" : 5800.0,
                        "minBubbleActivationDelay" : 0.1,
                        "minDistance" : 3500.0,
                        "outerBubbleCount" : 1.0,
                        "outerBubbleSpawnTimeRange" : [
                            2.45,
                            2.65
                        ],
                        "shotDelay" : 5.0,
                        "shotTravelTime" : 1.51,
                        "type" : "far"
                    }
                ],
                "turrets" : [
                    {
                        "ammoList" : [
                            "PAPA044_Main_127mm_HE_C_Mk_32",
                            "PAPA004_Shell_127mm_AP_SC_Mk_38"
                        ],
                        "antiAirAuraDistance" : 167.0,
                        "antiAirAuraStrength" : 0.107,
                        "barrelDiameter" : 0.127,
                        "coeffPerSecondMin" : 0.3,
                        "deadZone" : [ ],
                        "delim" : 0.5,
                        "ellipseRangeMax" : 250.0,
                        "ellipseRangeMin" : 50.0,
                        "horizSector" : [
                            210.0,
                            150.0
                        ],
                        "id" : 4214876144,
                        "idealDistance" : 1000.0,
                        "idealRadius" : 8.0,
                        "index" : "PAGM076",
                        "maxEllipseRanging" : 1.003,
                        "medEllipseRanging" : 1.002,
                        "minEllipseRanging" : 1.001,
                        "minRadius" : 0.5,
                        "name" : "PAGM076_5in38_Mk30_Mod0",
                        "numBarrels" : 1,
                        "onMoveTarPosCoeffDelim" : 1.001,
                        "onMoveTarPosCoeffMaxDist" : 1.002,
                        "onMoveTarPosCoeffZero" : 1.0,
                        "onMoveTarPosDelim" : 0.1,
                        "position" : [
                            -0.25,
                            1.0
                        ],
                        "radiusOnDelim" : 0.5,
                        "radiusOnMax" : 0.6,
                        "radiusOnZero" : 0.2,
                        "reduceTime" : 0.1,
                        "rotationSpeed" : [
                            34.0,
                            18.0
                        ],
                        "shotDelay" : 3.34,
                        "smokePenalty" : 1.0E-4,
                        "typeinfo" : {
                            "nation" : "USA",
                            "species" : "Main",
                            "type" : "Gun"
                        },
                        "vertSector" : [
                            -2.0,
                            85.0
                        ]
                    },
                    {
                        "ammoList" : [
                            "PAPA044_Main_127mm_HE_C_Mk_32",
                            "PAPA004_Shell_127mm_AP_SC_Mk_38"
                        ],
                        "antiAirAuraDistance" : 167.0,
                        "antiAirAuraStrength" : 0.107,
                        "barrelDiameter" : 0.127,
                        "coeffPerSecondMin" : 0.3,
                        "deadZone" : [ ],
                        "delim" : 0.5,
                        "ellipseRangeMax" : 250.0,
                        "ellipseRangeMin" : 50.0,
                        "horizSector" : [
                            -142.0,
                            142.0
                        ],
                        "id" : 4214876144,
                        "idealDistance" : 1000.0,
                        "idealRadius" : 8.0,
                        "index" : "PAGM076",
                        "maxEllipseRanging" : 1.003,
                        "medEllipseRanging" : 1.002,
                        "minEllipseRanging" : 1.001,
                        "minRadius" : 0.5,
                        "name" : "PAGM076_5in38_Mk30_Mod0",
                        "numBarrels" : 1,
                        "onMoveTarPosCoeffDelim" : 1.001,
                        "onMoveTarPosCoeffMaxDist" : 1.002,
                        "onMoveTarPosCoeffZero" : 1.0,
                        "onMoveTarPosDelim" : 0.1,
                        "position" : [
                            0.75,
                            1.0
                        ],
                        "radiusOnDelim" : 0.5,
                        "radiusOnMax" : 0.6,
                        "radiusOnZero" : 0.2,
                        "reduceTime" : 0.1,
                        "rotationSpeed" : [
                            34.0,
                            18.0
                        ],
                        "shotDelay" : 3.34,
                        "smokePenalty" : 1.0E-4,
                        "typeinfo" : {
                            "nation" : "USA",
                            "species" : "Main",
                            "type" : "Gun"
                        },
                        "vertSector" : [
                            -2.0,
                            85.0
                        ]
                    },
                    {
                        "ammoList" : [
                            "PAPA044_Main_127mm_HE_C_Mk_32",
                            "PAPA004_Shell_127mm_AP_SC_Mk_38"
                        ],
                        "antiAirAuraDistance" : 167.0,
                        "antiAirAuraStrength" : 0.107,
                        "barrelDiameter" : 0.127,
                        "coeffPerSecondMin" : 0.3,
                        "deadZone" : [ ],
                        "delim" : 0.5,
                        "ellipseRangeMax" : 250.0,
                        "ellipseRangeMin" : 50.0,
                        "horizSector" : [
                            -147.0,
                            147.0
                        ],
                        "id" : 4150913008,
                        "idealDistance" : 1000.0,
                        "idealRadius" : 8.0,
                        "index" : "PAGM137",
                        "maxEllipseRanging" : 1.003,
                        "medEllipseRanging" : 1.002,
                        "minEllipseRanging" : 1.001,
                        "minRadius" : 0.5,
                        "name" : "PAGM137_5in38_Mk30_Mod1",
                        "numBarrels" : 1,
                        "onMoveTarPosCoeffDelim" : 1.001,
                        "onMoveTarPosCoeffMaxDist" : 1.002,
                        "onMoveTarPosCoeffZero" : 1.0,
                        "onMoveTarPosDelim" : 0.1,
                        "position" : [
                            4.5,
                            1.0
                        ],
                        "radiusOnDelim" : 0.5,
                        "radiusOnMax" : 0.6,
                        "radiusOnZero" : 0.2,
                        "reduceTime" : 0.1,
                        "rotationSpeed" : [
                            34.0,
                            18.0
                        ],
                        "shotDelay" : 3.34,
                        "smokePenalty" : 1.0E-4,
                        "typeinfo" : {
                            "nation" : "USA",
                            "species" : "Main",
                            "type" : "Gun"
                        },
                        "vertSector" : [
                            -2.0,
                            85.0
                        ]
                    },
                    {
                        "ammoList" : [
                            "PAPA044_Main_127mm_HE_C_Mk_32",
                            "PAPA004_Shell_127mm_AP_SC_Mk_38"
                        ],
                        "antiAirAuraDistance" : 167.0,
                        "antiAirAuraStrength" : 0.107,
                        "barrelDiameter" : 0.127,
                        "coeffPerSecondMin" : 0.3,
                        "deadZone" : [ ],
                        "delim" : 0.5,
                        "ellipseRangeMax" : 250.0,
                        "ellipseRangeMin" : 50.0,
                        "horizSector" : [
                            -147.0,
                            147.0
                        ],
                        "id" : 4214876144,
                        "idealDistance" : 1000.0,
                        "idealRadius" : 8.0,
                        "index" : "PAGM076",
                        "maxEllipseRanging" : 1.003,
                        "medEllipseRanging" : 1.002,
                        "minEllipseRanging" : 1.001,
                        "minRadius" : 0.5,
                        "name" : "PAGM076_5in38_Mk30_Mod0",
                        "numBarrels" : 1,
                        "onMoveTarPosCoeffDelim" : 1.001,
                        "onMoveTarPosCoeffMaxDist" : 1.002,
                        "onMoveTarPosCoeffZero" : 1.0,
                        "onMoveTarPosDelim" : 0.1,
                        "position" : [
                            5.5,
                            1.0
                        ],
                        "radiusOnDelim" : 0.5,
                        "radiusOnMax" : 0.6,
                        "radiusOnZero" : 0.2,
                        "reduceTime" : 0.1,
                        "rotationSpeed" : [
                            34.0,
                            18.0
                        ],
                        "shotDelay" : 3.34,
                        "smokePenalty" : 1.0E-4,
                        "typeinfo" : {
                            "nation" : "USA",
                            "species" : "Main",
                            "type" : "Gun"
                        },
                        "vertSector" : [
                            -2.0,
                            85.0
                        ]
                    }
                ],
                "turretTypes" : {
                    "1" : [
                        4,
                        "PAGM076_5in38_Mk30_Mod0"
                    ]
                },
                "maxDist" : 10536.0,
                "minDistH" : 50.0,
                "minDistV" : 110.0,
                "normalDistribution" : true,
                "sigmaCount" : 2.0,
                "taperDist" : 4000.0,
                "GMIdealRadius" : 1.0,
                "barrelDiameter" : 0.127,
                "numBarrels" : 4
            }
        },
        "hull" : {
            "A_Hull_1938" : {
                "backwardPowerCoef" : 2.0,
                "buoyancy" : 200000.0,
                "buoyancyRudderTime" : 1.0,
                "burnNodes" : [
                    [
                        0.667,
                        0.3,
                        30.0
                    ],
                    [
                        0.667,
                        0.3,
                        30.0
                    ],
                    [
                        0.667,
                        0.3,
                        30.0
                    ],
                    [
                        0.667,
                        0.3,
                        30.0
                    ]
                ],
                "burnProb" : 0.667,
                "burnDamage" : 0.3,
                "burnTime" : 30.0,
                "burnSize" : 4,
                "deckHeight" : 4.5,
                "deepwaterVisibilityCoeff" : 0.1,
                "draft" : 11.0,
                "enginePower" : 50000.0,
                "floodNodes" : [
                    [
                        0.333,
                        0.25,
                        40.0
                    ],
                    [
                        0.333,
                        0.25,
                        40.0
                    ]
                ],
                "floodProb" : 0.333,
                "floodProtection" : 0.09999999999999432,
                "floodDamage" : 0.25,
                "floodTime" : 40.0,
                "floodSize" : 2,
                "health" : 12800.0,
                "mass" : 2591000.0,
                "maxRudderAngle" : 30.0,
                "maxSpeed" : 38.0,
                "pushingMaxRudderAngle" : 16.0,
                "pushingMinRudderAngle" : 1.0,
                "rollEffect" : 3.9,
                "rudderPower" : 3.9E7,
                "rudderTime" : 5.25,
                "sideDragCoef" : 46000.0,
                "size" : [
                    106.17,
                    10.8,
                    16.0
                ],
                "smokeScanRadius" : 27.0,
                "speedCoef" : 1.0,
                "tonnage" : 1911.0,
                "torpedoImpactMassImpulseCoeff" : 0.5,
                "turningRadius" : 570.0,
                "underwaterVisibilityCoeff" : 0.5,
                "visibilityCoefATBA" : 1.0E-6,
                "visibilityCoefATBAByPlane" : 1.0E-6,
                "visibilityCoefFire" : 2.0,
                "visibilityCoefFireByPlane" : 3.0,
                "visibilityCoefGK" : 1.0E-6,
                "visibilityCoefGKByPlane" : 2.54,
                "visibilityCoefGKInSmoke" : 2.75,
                "visibilityCoeff" : 17.16,
                "visibilityFactor" : 7.38,
                "visibilityFactorByPlane" : 2.88,
                "visibilityFactorInSmoke" : 1.0E-6,
                "burnSizeSkill" : 4
            },
            "B_Hull_1942" : {
                "backwardPowerCoef" : 2.0,
                "buoyancy" : 200000.0,
                "buoyancyRudderTime" : 1.0,
                "burnNodes" : [
                    [
                        0.6337,
                        0.3,
                        30.0
                    ],
                    [
                        0.6337,
                        0.3,
                        30.0
                    ],
                    [
                        0.6337,
                        0.3,
                        30.0
                    ],
                    [
                        0.6337,
                        0.3,
                        30.0
                    ]
                ],
                "burnProb" : 0.6337,
                "burnDamage" : 0.3,
                "burnTime" : 30.0,
                "burnSize" : 4,
                "deckHeight" : 4.5,
                "deepwaterVisibilityCoeff" : 0.1,
                "draft" : 11.0,
                "enginePower" : 50000.0,
                "floodNodes" : [
                    [
                        0.333,
                        0.25,
                        40.0
                    ],
                    [
                        0.333,
                        0.25,
                        40.0
                    ]
                ],
                "floodProb" : 0.333,
                "floodProtection" : 0.09999999999999432,
                "floodDamage" : 0.25,
                "floodTime" : 40.0,
                "floodSize" : 2,
                "health" : 15400.0,
                "mass" : 2591000.0,
                "maxRudderAngle" : 30.0,
                "maxSpeed" : 38.0,
                "pushingMaxRudderAngle" : 16.0,
                "pushingMinRudderAngle" : 1.0,
                "rollEffect" : 3.9,
                "rudderPower" : 3.9E7,
                "rudderTime" : 3.5,
                "sideDragCoef" : 46000.0,
                "size" : [
                    106.17,
                    10.8,
                    16.0
                ],
                "smokeScanRadius" : 27.0,
                "speedCoef" : 1.0,
                "tonnage" : 2591.0,
                "torpedoImpactMassImpulseCoeff" : 0.5,
                "turningRadius" : 570.0,
                "underwaterVisibilityCoeff" : 0.5,
                "visibilityCoefATBA" : 1.0E-6,
                "visibilityCoefATBAByPlane" : 1.0E-6,
                "visibilityCoefFire" : 2.0,
                "visibilityCoefFireByPlane" : 3.0,
                "visibilityCoefGK" : 1.0E-6,
                "visibilityCoefGKByPlane" : 2.54,
                "visibilityCoefGKInSmoke" : 2.75,
                "visibilityCoeff" : 17.16,
                "visibilityFactor" : 7.38,
                "visibilityFactorByPlane" : 2.88,
                "visibilityFactorInSmoke" : 1.0E-6,
                "burnSizeSkill" : 4
            },
            "C_Hull_1944" : {
                "backwardPowerCoef" : 2.0,
                "buoyancy" : 200000.0,
                "buoyancyRudderTime" : 1.0,
                "burnNodes" : [
                    [
                        0.6337,
                        0.3,
                        30.0
                    ],
                    [
                        0.6337,
                        0.3,
                        30.0
                    ],
                    [
                        0.6337,
                        0.3,
                        30.0
                    ],
                    [
                        0.6337,
                        0.3,
                        30.0
                    ]
                ],
                "burnProb" : 0.6337,
                "burnDamage" : 0.3,
                "burnTime" : 30.0,
                "burnSize" : 4,
                "deckHeight" : 4.5,
                "deepwaterVisibilityCoeff" : 0.1,
                "draft" : 11.0,
                "enginePower" : 50000.0,
                "floodNodes" : [
                    [
                        0.333,
                        0.25,
                        40.0
                    ],
                    [
                        0.333,
                        0.25,
                        40.0
                    ]
                ],
                "floodProb" : 0.333,
                "floodProtection" : 0.09999999999999432,
                "floodDamage" : 0.25,
                "floodTime" : 40.0,
                "floodSize" : 2,
                "health" : 15400.0,
                "mass" : 2591000.0,
                "maxRudderAngle" : 30.0,
                "maxSpeed" : 38.0,
                "pushingMaxRudderAngle" : 16.0,
                "pushingMinRudderAngle" : 1.0,
                "rollEffect" : 3.9,
                "rudderPower" : 3.9E7,
                "rudderTime" : 3.5,
                "sideDragCoef" : 46000.0,
                "size" : [
                    106.17,
                    10.8,
                    16.0
                ],
                "smokeScanRadius" : 27.0,
                "speedCoef" : 1.0,
                "tonnage" : 2591.0,
                "torpedoImpactMassImpulseCoeff" : 0.5,
                "turningRadius" : 570.0,
                "underwaterVisibilityCoeff" : 0.5,
                "visibilityCoefATBA" : 1.0E-6,
                "visibilityCoefATBAByPlane" : 1.0E-6,
                "visibilityCoefFire" : 2.0,
                "visibilityCoefFireByPlane" : 3.0,
                "visibilityCoefGK" : 1.0E-6,
                "visibilityCoefGKByPlane" : 2.54,
                "visibilityCoefGKInSmoke" : 2.75,
                "visibilityCoeff" : 17.16,
                "visibilityFactor" : 7.38,
                "visibilityFactorByPlane" : 2.88,
                "visibilityFactorInSmoke" : 1.0E-6,
                "burnSizeSkill" : 4
            }
        },
        "suo" : {
            "ABC1_FireControl" : {
                "maxDistCoef" : 1.0,
                "sigmaCountCoef" : 1.0
            },
            "ABC2_FireControl" : {
                "maxDistCoef" : 1.1,
                "sigmaCountCoef" : 1.0
            }
        },
        "torpedoes" : {
            "ABC1_Torpedoes" : {
                "launchers" : [
                    {
                        "ammoList" : [
                            "PAPT001_Torpedo_533mm_Mk_15"
                        ],
                        "barrelDiameter" : 0.533,
                        "canRotate" : true,
                        "deadZone" : [
                            [
                                -45.0,
                                45.0
                            ]
                        ],
                        "horizSector" : [
                            -125.0,
                            125.0
                        ],
                        "id" : 4290144240,
                        "index" : "PAGT004",
                        "mainSector" : [
                            -90.0,
                            90.0
                        ],
                        "name" : "PAGT004_21in_MK14_Torpedo_Tubes",
                        "numAmmos" : 1000,
                        "numBarrels" : 5,
                        "position" : [
                            1.75,
                            1.0
                        ],
                        "rotationSpeed" : [
                            25.0,
                            25.0
                        ],
                        "shootSector" : [
                            0.0,
                            1.0
                        ],
                        "shotDelay" : 109.0,
                        "timeBetweenShots" : 0.2,
                        "timeToChangeAngle" : 1.0,
                        "timeToChangeSpeed" : 1.0,
                        "torpedoAngles" : [
                            6.0,
                            20.0
                        ],
                        "typeinfo" : {
                            "nation" : "USA",
                            "species" : "Torpedo",
                            "type" : "Gun"
                        },
                        "vertSector" : [
                            0.0,
                            1.0
                        ]
                    },
                    {
                        "ammoList" : [
                            "PAPT001_Torpedo_533mm_Mk_15"
                        ],
                        "barrelDiameter" : 0.533,
                        "canRotate" : true,
                        "deadZone" : [
                            [
                                -45.0,
                                45.0
                            ]
                        ],
                        "horizSector" : [
                            -135.0,
                            135.0
                        ],
                        "id" : 4289095664,
                        "index" : "PAGT005",
                        "mainSector" : [
                            -90.0,
                            90.0
                        ],
                        "name" : "PAGT005_21in_MK15_Torpedo_Tubes",
                        "numAmmos" : 1000,
                        "numBarrels" : 5,
                        "position" : [
                            2.75,
                            1.0
                        ],
                        "rotationSpeed" : [
                            25.0,
                            25.0
                        ],
                        "shootSector" : [
                            0.0,
                            1.0
                        ],
                        "shotDelay" : 109.0,
                        "timeBetweenShots" : 0.2,
                        "timeToChangeAngle" : 1.0,
                        "timeToChangeSpeed" : 1.0,
                        "torpedoAngles" : [
                            6.0,
                            20.0
                        ],
                        "typeinfo" : {
                            "nation" : "USA",
                            "species" : "Torpedo",
                            "type" : "Gun"
                        },
                        "vertSector" : [
                            0.0,
                            1.0
                        ]
                    }
                ],
                "launcherTypes" : {
                    "5" : [
                        2,
                        "PAGT004_21in_MK14_Torpedo_Tubes"
                    ]
                },
                "ammo" : {
                    "typeinfo" : { }
                }
            },
            "BC2_Torpedoes" : {
                "launchers" : [
                    {
                        "ammoList" : [
                            "PAPT018_Mk_15_mod_3"
                        ],
                        "barrelDiameter" : 0.533,
                        "canRotate" : true,
                        "deadZone" : [
                            [
                                -45.0,
                                45.0
                            ]
                        ],
                        "horizSector" : [
                            -125.0,
                            125.0
                        ],
                        "id" : 4290144240,
                        "index" : "PAGT004",
                        "mainSector" : [
                            -90.0,
                            90.0
                        ],
                        "name" : "PAGT004_21in_MK14_Torpedo_Tubes",
                        "numAmmos" : 1000,
                        "numBarrels" : 5,
                        "position" : [
                            1.75,
                            1.0
                        ],
                        "rotationSpeed" : [
                            25.0,
                            25.0
                        ],
                        "shootSector" : [
                            0.0,
                            1.0
                        ],
                        "shotDelay" : 122.0,
                        "timeBetweenShots" : 0.2,
                        "timeToChangeAngle" : 1.0,
                        "timeToChangeSpeed" : 1.0,
                        "torpedoAngles" : [
                            6.0,
                            20.0
                        ],
                        "typeinfo" : {
                            "nation" : "USA",
                            "species" : "Torpedo",
                            "type" : "Gun"
                        },
                        "vertSector" : [
                            0.0,
                            1.0
                        ]
                    },
                    {
                        "ammoList" : [
                            "PAPT018_Mk_15_mod_3"
                        ],
                        "barrelDiameter" : 0.533,
                        "canRotate" : true,
                        "deadZone" : [
                            [
                                -45.0,
                                45.0
                            ]
                        ],
                        "horizSector" : [
                            -135.0,
                            135.0
                        ],
                        "id" : 4289095664,
                        "index" : "PAGT005",
                        "mainSector" : [
                            -90.0,
                            90.0
                        ],
                        "name" : "PAGT005_21in_MK15_Torpedo_Tubes",
                        "numAmmos" : 1000,
                        "numBarrels" : 5,
                        "position" : [
                            2.75,
                            1.0
                        ],
                        "rotationSpeed" : [
                            25.0,
                            25.0
                        ],
                        "shootSector" : [
                            0.0,
                            1.0
                        ],
                        "shotDelay" : 122.0,
                        "timeBetweenShots" : 0.2,
                        "timeToChangeAngle" : 1.0,
                        "timeToChangeSpeed" : 1.0,
                        "torpedoAngles" : [
                            6.0,
                            20.0
                        ],
                        "typeinfo" : {
                            "nation" : "USA",
                            "species" : "Torpedo",
                            "type" : "Gun"
                        },
                        "vertSector" : [
                            0.0,
                            1.0
                        ]
                    }
                ],
                "launcherTypes" : {
                    "5" : [
                        2,
                        "PAGT004_21in_MK14_Torpedo_Tubes"
                    ]
                },
                "ammo" : {
                    "typeinfo" : { }
                }
            }
        },
        "engine" : {
            "EngineDefault" : {
                "backwardEngineForsag" : 2.5,
                "backwardEngineForsagMaxSpeed" : 2.5,
                "backwardEngineUpTime" : 10.0,
                "backwardSpeedOnFlood" : -0.6,
                "damagedEnginePowerMultiplier" : -0.13,
                "damagedEnginePowerTimeMultiplier" : 6.5,
                "forwardEngineForsag" : 2.5,
                "forwardEngineForsagMaxSpeed" : 2.5,
                "forwardEngineUpTime" : 20.0,
                "forwardSpeedOnFlood" : -0.3,
                "histEnginePower" : 50000.0
            }
        }
    },
    "shipAbilities" : {
        "AbilitySlot0" : {
            "abils" : [
                [
                    "PCY001_CrashCrew",
                    "D"
                ],
                [
                    "PCY009_CrashCrewPremium",
                    "D_Gold"
                ],
                [
                    "PCY023_CrashCrewSuper",
                    "D"
                ]
            ],
            "slot" : 0
        },
        "AbilitySlot1" : {
            "abils" : [
                [
                    "PCY006_SmokeGenerator",
                    "US_Lvl_8"
                ],
                [
                    "PCY014_SmokeGeneratorPremium",
                    "US_Lvl_8_Gold"
                ],
                [
                    "PCY028_SmokeGeneratorSuper",
                    "US_Lvl_8"
                ]
            ],
            "slot" : 1
        },
        "AbilitySlot2" : {
            "abils" : [
                [
                    "PCY007_SpeedBooster",
                    "Default"
                ],
                [
                    "PCY015_SpeedBoosterPremium",
                    "Default"
                ],
                [
                    "PCY029_SpeedBoosterSuper",
                    "Default"
                ],
                [
                    "PCY003_AirDefenseDisp",
                    "US_DD"
                ],
                [
                    "PCY011_AirDefenseDispPremium",
                    "US_DD_Gold"
                ],
                [
                    "PCY025_AirDefenseDispSuper",
                    "US_DD"
                ]
            ],
            "slot" : 2
        },
        "AbilitySlot3" : {
            "slot" : 3
        },
        "AbilitySlot4" : {
            "slot" : 4
        }
    },
    "shipUpgradeInfo" : {
        "components" : {
            "flightControl" : [ ],
            "artillery" : [
                {
                    "name" : "PAUA711_D8_ART_STOCK",
                    "ucType" : "_Artillery",
                    "ucTypeShort" : "artillery",
                    "position" : 1,
                    "elem" : 1,
                    "prevType" : "artillery",
                    "prevPosition" : 0,
                    "components" : {
                        "artillery" : [
                            "A1_Artillery",
                            "B1_Artillery",
                            "C1_Artillery"
                        ]
                    },
                    "image" : "https://cdn.wowsft.com/images/modules/artillery.png"
                }
            ],
            "hull" : [
                {
                    "disabledAbilities" : [
                        "PCY003_AirDefenseDisp",
                        "PCY011_AirDefenseDispPremium",
                        "PCY025_AirDefenseDispSuper"
                    ],
                    "name" : "PAUH721_Benson_1938",
                    "ucType" : "_Hull",
                    "ucTypeShort" : "hull",
                    "position" : 1,
                    "elem" : 2,
                    "prevType" : "hull",
                    "prevPosition" : 0,
                    "components" : {
                        "airArmament" : [ ],
                        "airDefense" : [
                            "A_AirDefense"
                        ],
                        "artillery" : [
                            "A1_Artillery"
                        ],
                        "atba" : [ ],
                        "depthCharges" : [ ],
                        "hull" : [
                            "A_Hull_1938"
                        ],
                        "torpedoes" : [
                            "ABC1_Torpedoes"
                        ]
                    },
                    "image" : "https://cdn.wowsft.com/images/modules/hull.png"
                },
                {
                    "disabledAbilities" : [
                        "PCY003_AirDefenseDisp",
                        "PCY011_AirDefenseDispPremium",
                        "PCY025_AirDefenseDispSuper"
                    ],
                    "nextShips" : [
                        "PASD021_Fletcher_1943"
                    ],
                    "name" : "PAUH722_Benson_1940",
                    "prev" : "PAUH721_Benson_1938",
                    "ucType" : "_Hull",
                    "ucTypeShort" : "hull",
                    "position" : 2,
                    "elem" : 2,
                    "prevType" : "hull",
                    "prevPosition" : 1,
                    "prevElem" : 2,
                    "components" : {
                        "airArmament" : [ ],
                        "airDefense" : [
                            "B_AirDefense"
                        ],
                        "artillery" : [
                            "B1_Artillery"
                        ],
                        "atba" : [ ],
                        "depthCharges" : [ ],
                        "hull" : [
                            "B_Hull_1942"
                        ],
                        "torpedoes" : [
                            "ABC1_Torpedoes",
                            "BC2_Torpedoes"
                        ]
                    },
                    "image" : "https://cdn.wowsft.com/images/modules/hull.png"
                },
                {
                    "name" : "PAUH723_Benson_1945",
                    "prev" : "PAUH722_Benson_1940",
                    "ucType" : "_Hull",
                    "ucTypeShort" : "hull",
                    "position" : 3,
                    "elem" : 2,
                    "prevType" : "hull",
                    "prevPosition" : 2,
                    "prevElem" : 2,
                    "components" : {
                        "airArmament" : [ ],
                        "airDefense" : [
                            "C_AirDefense"
                        ],
                        "artillery" : [
                            "C1_Artillery"
                        ],
                        "atba" : [ ],
                        "depthCharges" : [ ],
                        "hull" : [
                            "C_Hull_1944"
                        ],
                        "torpedoes" : [
                            "ABC1_Torpedoes",
                            "BC2_Torpedoes"
                        ]
                    },
                    "image" : "https://cdn.wowsft.com/images/modules/hull.png"
                }
            ],
            "torpedoes" : [
                {
                    "name" : "PAUT701_D8_TORP_STOCK",
                    "ucType" : "_Torpedoes",
                    "ucTypeShort" : "torpedoes",
                    "position" : 1,
                    "elem" : 3,
                    "prevType" : "torpedoes",
                    "prevPosition" : 0,
                    "components" : {
                        "torpedoes" : [
                            "ABC1_Torpedoes"
                        ]
                    },
                    "image" : "https://cdn.wowsft.com/images/modules/torpedoes.png"
                },
                {
                    "name" : "PAUT702_D8_TORP_TOP",
                    "prev" : "PAUH722_Benson_1940",
                    "ucType" : "_Torpedoes",
                    "ucTypeShort" : "torpedoes",
                    "position" : 2,
                    "elem" : 3,
                    "prevType" : "hull",
                    "prevPosition" : 2,
                    "prevElem" : 2,
                    "components" : {
                        "torpedoes" : [
                            "BC2_Torpedoes"
                        ]
                    },
                    "image" : "https://cdn.wowsft.com/images/modules/torpedoes.png"
                }
            ],
            "suo" : [
                {
                    "name" : "PAUS711_Suo",
                    "ucType" : "_Suo",
                    "ucTypeShort" : "suo",
                    "position" : 1,
                    "elem" : 4,
                    "prevType" : "suo",
                    "prevPosition" : 0,
                    "components" : {
                        "suo" : [
                            "ABC1_FireControl"
                        ]
                    },
                    "image" : "https://cdn.wowsft.com/images/modules/suo.png"
                },
                {
                    "name" : "PAUS712_Suo",
                    "prev" : "PAUS711_Suo",
                    "ucType" : "_Suo",
                    "ucTypeShort" : "suo",
                    "position" : 2,
                    "elem" : 4,
                    "prevType" : "suo",
                    "prevPosition" : 1,
                    "prevElem" : 4,
                    "components" : {
                        "suo" : [
                            "ABC2_FireControl"
                        ]
                    },
                    "image" : "https://cdn.wowsft.com/images/modules/suo.png"
                }
            ],
            "fighter" : [ ],
            "torpedoBomber" : [ ],
            "diveBomber" : [ ],
            "engine" : [
                {
                    "name" : "PAUE711_D8_ENG_STOCK",
                    "ucType" : "_Engine",
                    "ucTypeShort" : "engine",
                    "position" : 1,
                    "elem" : 8,
                    "prevType" : "engine",
                    "prevPosition" : 0,
                    "components" : {
                        "engine" : [
                            "EngineDefault"
                        ]
                    },
                    "image" : "https://cdn.wowsft.com/images/modules/engine.png"
                }
            ]
        },
        "cols" : {
            "flightControl" : 0,
            "artillery" : 1,
            "hull" : 1,
            "torpedoes" : 1,
            "suo" : 1,
            "fighter" : 0,
            "torpedoBomber" : 0,
            "diveBomber" : 0,
            "engine" : 1
        },
        "maxRows" : 3,
        "costCR" : 9040000,
        "costXP" : 115000,
        "value" : 1
    },
    "apDamageLimitCoeff" : 0.1,
    "battleLevels" : { },
    "canEquipCamouflage" : true,
    "group" : "upgradeable",
    "id" : 4286461936,
    "index" : "PASD008",
    "level" : 8,
    "maxEquippedFlags" : 8,
    "name" : "PASD008_Benson_1945",
    "navalFlag" : "usa",
    "needShowProjectYear" : true,
    "peculiarity" : "default",
    "steerAngle" : [
        0.2,
        0.7,
        1.0
    ],
    "typeinfo" : {
        "nation" : "USA",
        "species" : "Destroyer",
        "type" : "Ship"
    },
    "realShipType" : "Destroyer",
    "realShipTypeId" : "DESTROYER",
    "research" : true,
    "prevShipIndex" : "PASD006",
    "prevShipName" : "PASD006_Mahan_1936",
    "prevShipXP" : 65000,
    "prevShipCompXP" : 14200,
    "typeImage" : "https://cdn.wowsft.com/images/vehicles/ship_classes/icon_destroyer_standard.png",
    "imageSmall" : "https://cdn.wowsft.com/images/vehicles/ship_previews/PASD008.png"
}