{
    "components" : {
        "airDefense" : {
            "AirDefenseDefault" : {
                "auraNear" : [
                    {
                        "areaDamage" : 6.0,
                        "areaDamageFrequency" : 0.285714285714,
                        "enableBarrage" : true,
                        "guns" : [
                            "HP_AGA_3",
                            "HP_AGA_4"
                        ],
                        "hitChance" : 0.95,
                        "joint" : true,
                        "maxDistance" : 2000.0,
                        "minDistance" : 100.0,
                        "shotDelay" : 0.1,
                        "shotTravelTime" : 1.0,
                        "type" : "near"
                    },
                    {
                        "areaDamage" : 12.0,
                        "areaDamageFrequency" : 0.285714285714,
                        "enableBarrage" : true,
                        "guns" : [
                            "HP_AGA_1",
                            "HP_AGA_2",
                            "HP_AGA_5",
                            "HP_AGA_6"
                        ],
                        "hitChance" : 0.95,
                        "joint" : true,
                        "maxDistance" : 2000.0,
                        "minDistance" : 100.0,
                        "shotDelay" : 0.1,
                        "shotTravelTime" : 1.0,
                        "type" : "near"
                    }
                ],
                "ownerlessTracesScatterCoefficient" : 1.0,
                "sectors" : [
                    [
                        0.0,
                        180.0
                    ],
                    [
                        180.0,
                        0.0
                    ]
                ],
                "prioritySectorPhases" : [
                    [
                        5.0,
                        "linear",
                        0.05,
                        1.0,
                        1.35
                    ],
                    [
                        5.0,
                        "linear",
                        0.0,
                        1.35,
                        1.35
                    ]
                ],
                "prioritySectorPreparation" : 10.0,
                "prioritySectorDuration" : 10.0,
                "prioritySectorDamageInitial" : 0.05,
                "prioritySectorCoefficientInitial" : 1.0,
                "prioritySectorCoefficientDuring" : 1.35
            }
        },
        "artillery" : {
            "ArtilleryDefault" : {
                "auraFar" : [
                    {
                        "areaDamage" : 20.0,
                        "areaDamageFrequency" : 0.285714285714,
                        "bubbleDuration" : 3.0,
                        "enableBarrage" : true,
                        "enableCrewSelectedTargetCoeff" : true,
                        "explosionCount" : 2.0,
                        "guns" : [
                            "HP_AGM_1",
                            "HP_AGM_2",
                            "HP_AGM_3",
                            "HP_AGM_4"
                        ],
                        "halfOuterBubbleZone" : 50.0,
                        "hitChance" : 1.0,
                        "innerBubbleCount" : 3.0,
                        "innerBubbleSpawnTimeRange" : [
                            2.65,
                            3.15
                        ],
                        "innerBubbleZone" : 20.0,
                        "joint" : true,
                        "maxBubbleActivationDelay" : 0.4,
                        "maxDistance" : 5800.0,
                        "minBubbleActivationDelay" : 0.1,
                        "minDistance" : 100.0,
                        "outerBubbleSpawnTimeRange" : [
                            2.45,
                            2.65
                        ],
                        "shotDelay" : 5.0,
                        "shotTravelTime" : 1.51,
                        "type" : "far"
                    },
                    {
                        "areaDamageFrequency" : 0.285714285714,
                        "bubbleDamage" : 200.0,
                        "bubbleDuration" : 3.0,
                        "bubbleRadius" : 2.475,
                        "enableBarrage" : true,
                        "enableCrewSelectedTargetCoeff" : true,
                        "explosionCount" : 2.0,
                        "guns" : [
                            "HP_AGM_1",
                            "HP_AGM_2",
                            "HP_AGM_3",
                            "HP_AGM_4"
                        ],
                        "halfOuterBubbleZone" : 50.0,
                        "hitChance" : 1.0,
                        "innerBubbleCount" : 2.0,
                        "innerBubbleSpawnTimeRange" : [
                            2.65,
                            3.15
                        ],
                        "innerBubbleZone" : 20.0,
                        "joint" : true,
                        "maxBubbleActivationDelay" : 0.4,
                        "maxDistance" : 5800.0,
                        "minBubbleActivationDelay" : 0.1,
                        "minDistance" : 3500.0,
                        "outerBubbleSpawnTimeRange" : [
                            2.45,
                            2.65
                        ],
                        "shotDelay" : 5.0,
                        "shotTravelTime" : 1.51,
                        "type" : "far"
                    }
                ],
                "turrets" : [
                    {
                        "ammoList" : [
                            "PAPA044_Main_127mm_HE_C_Mk_32",
                            "PAPA004_Shell_127mm_AP_SC_Mk_38"
                        ],
                        "antiAirAuraDistance" : 167.0,
                        "antiAirAuraStrength" : 0.107,
                        "barrelDiameter" : 0.127,
                        "coeffPerSecondMin" : 0.3,
                        "deadZone" : [ ],
                        "delim" : 0.5,
                        "ellipseRangeMax" : 250.0,
                        "ellipseRangeMin" : 50.0,
                        "horizSector" : [
                            210.0,
                            150.0
                        ],
                        "id" : 4214876144,
                        "idealDistance" : 1000.0,
                        "idealRadius" : 8.0,
                        "index" : "PAGM076",
                        "maxEllipseRanging" : 1.003,
                        "medEllipseRanging" : 1.002,
                        "minEllipseRanging" : 1.001,
                        "minRadius" : 0.5,
                        "name" : "PAGM076_5in38_Mk30_Mod0",
                        "numBarrels" : 1,
                        "onMoveTarPosCoeffDelim" : 1.001,
                        "onMoveTarPosCoeffMaxDist" : 1.002,
                        "onMoveTarPosCoeffZero" : 1.0,
                        "onMoveTarPosDelim" : 0.1,
                        "position" : [
                            0.0,
                            1.0
                        ],
                        "radiusOnDelim" : 0.5,
                        "radiusOnMax" : 0.6,
                        "radiusOnZero" : 0.2,
                        "reduceTime" : 0.1,
                        "rotationSpeed" : [
                            34.0,
                            18.0
                        ],
                        "shotDelay" : 3.34,
                        "smokePenalty" : 1.0E-4,
                        "typeinfo" : {
                            "nation" : "USA",
                            "species" : "Main",
                            "type" : "Gun"
                        },
                        "vertSector" : [
                            -2.0,
                            85.0
                        ]
                    },
                    {
                        "ammoList" : [
                            "PAPA044_Main_127mm_HE_C_Mk_32",
                            "PAPA004_Shell_127mm_AP_SC_Mk_38"
                        ],
                        "antiAirAuraDistance" : 167.0,
                        "antiAirAuraStrength" : 0.107,
                        "barrelDiameter" : 0.127,
                        "coeffPerSecondMin" : 0.3,
                        "deadZone" : [ ],
                        "delim" : 0.5,
                        "ellipseRangeMax" : 250.0,
                        "ellipseRangeMin" : 50.0,
                        "horizSector" : [
                            -145.0,
                            145.0
                        ],
                        "id" : 4214876144,
                        "idealDistance" : 1000.0,
                        "idealRadius" : 8.0,
                        "index" : "PAGM076",
                        "maxEllipseRanging" : 1.003,
                        "medEllipseRanging" : 1.002,
                        "minEllipseRanging" : 1.001,
                        "minRadius" : 0.5,
                        "name" : "PAGM076_5in38_Mk30_Mod0",
                        "numBarrels" : 1,
                        "onMoveTarPosCoeffDelim" : 1.001,
                        "onMoveTarPosCoeffMaxDist" : 1.002,
                        "onMoveTarPosCoeffZero" : 1.0,
                        "onMoveTarPosDelim" : 0.1,
                        "position" : [
                            1.0,
                            1.0
                        ],
                        "radiusOnDelim" : 0.5,
                        "radiusOnMax" : 0.6,
                        "radiusOnZero" : 0.2,
                        "reduceTime" : 0.1,
                        "rotationSpeed" : [
                            34.0,
                            18.0
                        ],
                        "shotDelay" : 3.34,
                        "smokePenalty" : 1.0E-4,
                        "typeinfo" : {
                            "nation" : "USA",
                            "species" : "Main",
                            "type" : "Gun"
                        },
                        "vertSector" : [
                            -2.0,
                            85.0
                        ]
                    },
                    {
                        "ammoList" : [
                            "PAPA044_Main_127mm_HE_C_Mk_32",
                            "PAPA004_Shell_127mm_AP_SC_Mk_38"
                        ],
                        "antiAirAuraDistance" : 167.0,
                        "antiAirAuraStrength" : 0.107,
                        "barrelDiameter" : 0.127,
                        "coeffPerSecondMin" : 0.3,
                        "deadZone" : [ ],
                        "delim" : 0.5,
                        "ellipseRangeMax" : 250.0,
                        "ellipseRangeMin" : 50.0,
                        "horizSector" : [
                            210.0,
                            150.0
                        ],
                        "id" : 4150913008,
                        "idealDistance" : 1000.0,
                        "idealRadius" : 8.0,
                        "index" : "PAGM137",
                        "maxEllipseRanging" : 1.003,
                        "medEllipseRanging" : 1.002,
                        "minEllipseRanging" : 1.001,
                        "minRadius" : 0.5,
                        "name" : "PAGM137_5in38_Mk30_Mod1",
                        "numBarrels" : 1,
                        "onMoveTarPosCoeffDelim" : 1.001,
                        "onMoveTarPosCoeffMaxDist" : 1.002,
                        "onMoveTarPosCoeffZero" : 1.0,
                        "onMoveTarPosDelim" : 0.1,
                        "position" : [
                            4.5,
                            1.0
                        ],
                        "radiusOnDelim" : 0.5,
                        "radiusOnMax" : 0.6,
                        "radiusOnZero" : 0.2,
                        "reduceTime" : 0.1,
                        "rotationSpeed" : [
                            34.0,
                            18.0
                        ],
                        "shotDelay" : 3.34,
                        "smokePenalty" : 1.0E-4,
                        "typeinfo" : {
                            "nation" : "USA",
                            "species" : "Main",
                            "type" : "Gun"
                        },
                        "vertSector" : [
                            -2.0,
                            85.0
                        ]
                    },
                    {
                        "ammoList" : [
                            "PAPA044_Main_127mm_HE_C_Mk_32",
                            "PAPA004_Shell_127mm_AP_SC_Mk_38"
                        ],
                        "antiAirAuraDistance" : 167.0,
                        "antiAirAuraStrength" : 0.107,
                        "barrelDiameter" : 0.127,
                        "coeffPerSecondMin" : 0.3,
                        "deadZone" : [ ],
                        "delim" : 0.5,
                        "ellipseRangeMax" : 250.0,
                        "ellipseRangeMin" : 50.0,
                        "horizSector" : [
                            210.0,
                            150.0
                        ],
                        "id" : 4214876144,
                        "idealDistance" : 1000.0,
                        "idealRadius" : 8.0,
                        "index" : "PAGM076",
                        "maxEllipseRanging" : 1.003,
                        "medEllipseRanging" : 1.002,
                        "minEllipseRanging" : 1.001,
                        "minRadius" : 0.5,
                        "name" : "PAGM076_5in38_Mk30_Mod0",
                        "numBarrels" : 1,
                        "onMoveTarPosCoeffDelim" : 1.001,
                        "onMoveTarPosCoeffMaxDist" : 1.002,
                        "onMoveTarPosCoeffZero" : 1.0,
                        "onMoveTarPosDelim" : 0.1,
                        "position" : [
                            5.5,
                            1.0
                        ],
                        "radiusOnDelim" : 0.5,
                        "radiusOnMax" : 0.6,
                        "radiusOnZero" : 0.2,
                        "reduceTime" : 0.1,
                        "rotationSpeed" : [
                            34.0,
                            18.0
                        ],
                        "shotDelay" : 3.34,
                        "smokePenalty" : 1.0E-4,
                        "typeinfo" : {
                            "nation" : "USA",
                            "species" : "Main",
                            "type" : "Gun"
                        },
                        "vertSector" : [
                            -2.0,
                            85.0
                        ]
                    }
                ],
                "turretTypes" : {
                    "1" : [
                        4,
                        "PAGM076_5in38_Mk30_Mod0"
                    ]
                },
                "maxDist" : 12880.0,
                "minDistH" : 50.0,
                "minDistV" : 110.0,
                "normalDistribution" : true,
                "sigmaCount" : 2.0,
                "taperDist" : 4000.0,
                "GMIdealRadius" : 1.0,
                "barrelDiameter" : 0.127,
                "numBarrels" : 4
            }
        },
        "hull" : {
            "HullDefault" : {
                "backwardPowerCoef" : 2.0,
                "buoyancy" : 200000.0,
                "buoyancyRudderTime" : 1.0,
                "burnNodes" : [
                    [
                        0.7003,
                        0.3,
                        30.0
                    ],
                    [
                        0.7003,
                        0.3,
                        30.0
                    ],
                    [
                        0.7003,
                        0.3,
                        30.0
                    ],
                    [
                        0.7003,
                        0.3,
                        30.0
                    ]
                ],
                "burnProb" : 0.7003,
                "burnDamage" : 0.3,
                "burnTime" : 30.0,
                "burnSize" : 4,
                "deckHeight" : 4.3,
                "deepwaterVisibilityCoeff" : 0.1,
                "draft" : 11.0,
                "enginePower" : 50000.0,
                "floodNodes" : [
                    [
                        0.333,
                        0.25,
                        40.0
                    ],
                    [
                        0.333,
                        0.25,
                        40.0
                    ]
                ],
                "floodProb" : 0.333,
                "floodProtection" : 0.09999999999999432,
                "floodDamage" : 0.25,
                "floodTime" : 40.0,
                "floodSize" : 2,
                "health" : 13800.0,
                "mass" : 2330000.0,
                "maxRudderAngle" : 30.0,
                "maxSpeed" : 38.5,
                "pushingMaxRudderAngle" : 16.0,
                "pushingMinRudderAngle" : 1.0,
                "rollEffect" : 15.0,
                "rudderPower" : 5.0E7,
                "rudderTime" : 3.5,
                "sideDragCoef" : 50000.0,
                "size" : [
                    106.1,
                    11.0,
                    16.98
                ],
                "smokeScanRadius" : 27.0,
                "speedCoef" : 1.0,
                "tonnage" : 2330.0,
                "torpedoImpactMassImpulseCoeff" : 0.5,
                "turningRadius" : 500.0,
                "underwaterVisibilityCoeff" : 0.5,
                "visibilityCoefATBA" : 1.0E-6,
                "visibilityCoefATBAByPlane" : 1.0E-6,
                "visibilityCoefFire" : 2.0,
                "visibilityCoefFireByPlane" : 3.0,
                "visibilityCoefGK" : 1.0E-6,
                "visibilityCoefGKByPlane" : 2.54,
                "visibilityCoefGKInSmoke" : 2.83,
                "visibilityCoeff" : 18.75,
                "visibilityFactor" : 7.56,
                "visibilityFactorByPlane" : 2.93,
                "visibilityFactorInSmoke" : 1.0E-6,
                "burnSizeSkill" : 4
            }
        },
        "suo" : {
            "FireControlDefault" : {
                "maxDistCoef" : 1.0,
                "sigmaCountCoef" : 1.0
            }
        },
        "torpedoes" : {
            "A1_Torpedoes" : {
                "launchers" : [
                    {
                        "ammoList" : [
                            "PAPT028_TORPEDO_533MM_MK_15_SIMS"
                        ],
                        "barrelDiameter" : 0.533,
                        "canRotate" : true,
                        "deadZone" : [
                            [
                                -45.0,
                                45.0
                            ]
                        ],
                        "horizSector" : [
                            -135.0,
                            135.0
                        ],
                        "id" : 4269172720,
                        "index" : "PAGT024",
                        "mainSector" : [
                            -90.0,
                            90.0
                        ],
                        "name" : "PAGT024_21in_MK14_Torpedo_Tubes_Quad",
                        "numAmmos" : 1000,
                        "numBarrels" : 4,
                        "position" : [
                            2.25,
                            1.0
                        ],
                        "rotationSpeed" : [
                            25.0,
                            25.0
                        ],
                        "shootSector" : [
                            0.0,
                            1.0
                        ],
                        "shotDelay" : 87.0,
                        "timeBetweenShots" : 0.2,
                        "timeToChangeAngle" : 1.0,
                        "timeToChangeSpeed" : 1.0,
                        "torpedoAngles" : [
                            4.8,
                            16.0
                        ],
                        "typeinfo" : {
                            "nation" : "USA",
                            "species" : "Torpedo",
                            "type" : "Gun"
                        },
                        "vertSector" : [
                            0.0,
                            1.0
                        ]
                    },
                    {
                        "ammoList" : [
                            "PAPT028_TORPEDO_533MM_MK_15_SIMS"
                        ],
                        "barrelDiameter" : 0.533,
                        "canRotate" : true,
                        "deadZone" : [
                            [
                                -45.0,
                                45.0
                            ]
                        ],
                        "horizSector" : [
                            -135.0,
                            135.0
                        ],
                        "id" : 4195772400,
                        "index" : "PAGT094",
                        "mainSector" : [
                            -90.0,
                            90.0
                        ],
                        "name" : "PAGT094_21in_MK14_Torpedo_Tubes_Quad",
                        "numAmmos" : 1000,
                        "numBarrels" : 4,
                        "position" : [
                            3.25,
                            1.0
                        ],
                        "rotationSpeed" : [
                            25.0,
                            25.0
                        ],
                        "shootSector" : [
                            0.0,
                            1.0
                        ],
                        "shotDelay" : 87.0,
                        "timeBetweenShots" : 0.2,
                        "timeToChangeAngle" : 1.0,
                        "timeToChangeSpeed" : 1.0,
                        "torpedoAngles" : [
                            4.8,
                            16.0
                        ],
                        "typeinfo" : {
                            "nation" : "USA",
                            "species" : "Torpedo",
                            "type" : "Gun"
                        },
                        "vertSector" : [
                            0.0,
                            1.0
                        ]
                    }
                ],
                "launcherTypes" : {
                    "4" : [
                        2,
                        "PAGT024_21in_MK14_Torpedo_Tubes_Quad"
                    ]
                },
                "ammo" : {
                    "typeinfo" : { }
                }
            },
            "A2_Torpedoes" : {
                "launchers" : [
                    {
                        "ammoList" : [
                            "PAPT015_Mk8_mod2B"
                        ],
                        "barrelDiameter" : 0.533,
                        "canRotate" : true,
                        "deadZone" : [
                            [
                                -45.0,
                                45.0
                            ]
                        ],
                        "horizSector" : [
                            -135.0,
                            135.0
                        ],
                        "id" : 4269172720,
                        "index" : "PAGT024",
                        "mainSector" : [
                            -90.0,
                            90.0
                        ],
                        "name" : "PAGT024_21in_MK14_Torpedo_Tubes_Quad",
                        "numAmmos" : 1000,
                        "numBarrels" : 4,
                        "position" : [
                            2.25,
                            1.0
                        ],
                        "rotationSpeed" : [
                            25.0,
                            25.0
                        ],
                        "shootSector" : [
                            0.0,
                            1.0
                        ],
                        "shotDelay" : 76.0,
                        "timeBetweenShots" : 0.2,
                        "timeToChangeAngle" : 1.0,
                        "timeToChangeSpeed" : 1.0,
                        "torpedoAngles" : [
                            4.8,
                            16.0
                        ],
                        "typeinfo" : {
                            "nation" : "USA",
                            "species" : "Torpedo",
                            "type" : "Gun"
                        },
                        "vertSector" : [
                            0.0,
                            1.0
                        ]
                    },
                    {
                        "ammoList" : [
                            "PAPT015_Mk8_mod2B"
                        ],
                        "barrelDiameter" : 0.533,
                        "canRotate" : true,
                        "deadZone" : [
                            [
                                -45.0,
                                45.0
                            ]
                        ],
                        "horizSector" : [
                            -135.0,
                            135.0
                        ],
                        "id" : 4195772400,
                        "index" : "PAGT094",
                        "mainSector" : [
                            -90.0,
                            90.0
                        ],
                        "name" : "PAGT094_21in_MK14_Torpedo_Tubes_Quad",
                        "numAmmos" : 1000,
                        "numBarrels" : 4,
                        "position" : [
                            3.25,
                            1.0
                        ],
                        "rotationSpeed" : [
                            25.0,
                            25.0
                        ],
                        "shootSector" : [
                            0.0,
                            1.0
                        ],
                        "shotDelay" : 76.0,
                        "timeBetweenShots" : 0.2,
                        "timeToChangeAngle" : 1.0,
                        "timeToChangeSpeed" : 1.0,
                        "torpedoAngles" : [
                            4.8,
                            16.0
                        ],
                        "typeinfo" : {
                            "nation" : "USA",
                            "species" : "Torpedo",
                            "type" : "Gun"
                        },
                        "vertSector" : [
                            0.0,
                            1.0
                        ]
                    }
                ],
                "launcherTypes" : {
                    "4" : [
                        2,
                        "PAGT024_21in_MK14_Torpedo_Tubes_Quad"
                    ]
                },
                "ammo" : {
                    "typeinfo" : { }
                }
            }
        },
        "engine" : {
            "EngineDefault" : {
                "backwardEngineForsag" : 2.5,
                "backwardEngineForsagMaxSpeed" : 2.5,
                "backwardEngineUpTime" : 10.0,
                "backwardSpeedOnFlood" : -0.6,
                "damagedEnginePowerMultiplier" : -0.13,
                "damagedEnginePowerTimeMultiplier" : 6.5,
                "forwardEngineForsag" : 2.5,
                "forwardEngineForsagMaxSpeed" : 2.5,
                "forwardEngineUpTime" : 20.0,
                "forwardSpeedOnFlood" : -0.3,
                "histEnginePower" : 50000.0
            }
        }
    },
    "shipAbilities" : {
        "AbilitySlot0" : {
            "abils" : [
                [
                    "PCY001_CrashCrew",
                    "D"
                ],
                [
                    "PCY009_CrashCrewPremium",
                    "D_Gold"
                ]
            ],
            "slot" : 0
        },
        "AbilitySlot1" : {
            "abils" : [
                [
                    "PCY006_SmokeGenerator",
                    "US_Lvl_7"
                ],
                [
                    "PCY014_SmokeGeneratorPremium",
                    "US_Lvl_7_Gold"
                ]
            ],
            "slot" : 1
        },
        "AbilitySlot2" : {
            "abils" : [
                [
                    "PCY007_SpeedBooster",
                    "Default"
                ],
                [
                    "PCY015_SpeedBoosterPremium",
                    "Default"
                ],
                [
                    "PCY003_AirDefenseDisp",
                    "US_DD"
                ],
                [
                    "PCY011_AirDefenseDispPremium",
                    "US_DD_Gold"
                ]
            ],
            "slot" : 2
        },
        "AbilitySlot3" : {
            "slot" : 3
        },
        "AbilitySlot4" : {
            "slot" : 4
        }
    },
    "shipUpgradeInfo" : {
        "components" : {
            "flightControl" : [ ],
            "artillery" : [
                {
                    "name" : "PAUA680_ART_BLACK_SIMS",
                    "ucType" : "_Artillery",
                    "ucTypeShort" : "artillery",
                    "position" : 1,
                    "elem" : 1,
                    "prevType" : "artillery",
                    "prevPosition" : 0,
                    "components" : {
                        "artillery" : [
                            "ArtilleryDefault"
                        ]
                    },
                    "image" : "https://cdn.wowsft.com/images/modules/artillery.png"
                }
            ],
            "hull" : [
                {
                    "name" : "PAUH680_HULL_BLACK_SIMS",
                    "ucType" : "_Hull",
                    "ucTypeShort" : "hull",
                    "position" : 1,
                    "elem" : 2,
                    "prevType" : "hull",
                    "prevPosition" : 0,
                    "components" : {
                        "airArmament" : [ ],
                        "airDefense" : [
                            "AirDefenseDefault"
                        ],
                        "artillery" : [
                            "ArtilleryDefault"
                        ],
                        "atba" : [ ],
                        "depthCharges" : [ ],
                        "hull" : [
                            "HullDefault"
                        ],
                        "torpedoes" : [
                            "A1_Torpedoes",
                            "A2_Torpedoes"
                        ]
                    },
                    "image" : "https://cdn.wowsft.com/images/modules/hull.png"
                }
            ],
            "torpedoes" : [
                {
                    "name" : "PAUT680_TORP_STOCK_BLACK_SIMS",
                    "ucType" : "_Torpedoes",
                    "ucTypeShort" : "torpedoes",
                    "position" : 1,
                    "elem" : 3,
                    "prevType" : "torpedoes",
                    "prevPosition" : 0,
                    "components" : {
                        "torpedoes" : [
                            "A1_Torpedoes"
                        ]
                    },
                    "image" : "https://cdn.wowsft.com/images/modules/torpedoes.png"
                },
                {
                    "name" : "PAUT681_TORP_TOP_BLACK_SIMS",
                    "prev" : "PAUT680_TORP_STOCK_BLACK_SIMS",
                    "ucType" : "_Torpedoes",
                    "ucTypeShort" : "torpedoes",
                    "position" : 2,
                    "elem" : 3,
                    "prevType" : "torpedoes",
                    "prevPosition" : 1,
                    "prevElem" : 3,
                    "components" : {
                        "torpedoes" : [
                            "A2_Torpedoes"
                        ]
                    },
                    "image" : "https://cdn.wowsft.com/images/modules/torpedoes.png"
                }
            ],
            "suo" : [
                {
                    "name" : "PAUS680_SUO_BLACK_SIMS",
                    "ucType" : "_Suo",
                    "ucTypeShort" : "suo",
                    "position" : 1,
                    "elem" : 4,
                    "prevType" : "suo",
                    "prevPosition" : 0,
                    "components" : {
                        "suo" : [
                            "FireControlDefault"
                        ]
                    },
                    "image" : "https://cdn.wowsft.com/images/modules/suo.png"
                }
            ],
            "fighter" : [ ],
            "torpedoBomber" : [ ],
            "diveBomber" : [ ],
            "engine" : [
                {
                    "name" : "PAUE680_ENG_BLACK_SIMS",
                    "ucType" : "_Engine",
                    "ucTypeShort" : "engine",
                    "position" : 1,
                    "elem" : 8,
                    "prevType" : "engine",
                    "prevPosition" : 0,
                    "components" : {
                        "engine" : [
                            "EngineDefault"
                        ]
                    },
                    "image" : "https://cdn.wowsft.com/images/modules/engine.png"
                }
            ]
        },
        "cols" : {
            "flightControl" : 0,
            "artillery" : 1,
            "hull" : 1,
            "torpedoes" : 1,
            "suo" : 1,
            "fighter" : 0,
            "torpedoBomber" : 0,
            "diveBomber" : 0,
            "engine" : 1
        },
        "maxRows" : 2,
        "costGold" : 5000,
        "value" : 1
    },
    "apDamageLimitCoeff" : 0.1,
    "battleLevels" : { },
    "canEquipCamouflage" : true,
    "group" : "special",
    "id" : 3668850672,
    "index" : "PASD597",
    "level" : 7,
    "maxEquippedFlags" : 8,
    "name" : "PASD597_Black_Sims",
    "navalFlag" : "usa",
    "needShowProjectYear" : true,
    "peculiarity" : "default",
    "steerAngle" : [
        0.2,
        0.7,
        1.0
    ],
    "typeinfo" : {
        "nation" : "USA",
        "species" : "Destroyer",
        "type" : "Ship"
    },
    "realShipType" : "Premium",
    "realShipTypeId" : "FILTER_PREMIUM",
    "typeImage" : "https://cdn.wowsft.com/images/vehicles/ship_classes/icon_destroyer_standard.png",
    "imageSmall" : "https://cdn.wowsft.com/images/vehicles/ship_previews/PASD597.png"
}