{
    "CautiousBehaviour" : { },
    "PlaneAbilities" : {
        "AbilitySlot0" : {
            "abils" : [
                [
                    "PCY034_ForsageBooster",
                    "Allplanes"
                ]
            ],
            "slot" : 0
        },
        "AbilitySlot1" : {
            "abils" : [
                [
                    "PCY035_CallFighters",
                    "BR_8"
                ]
            ],
            "slot" : 1
        },
        "AbilitySlot2" : {
            "abils" : [
                [
                    "PCY036_RegenerateHealth",
                    "AllPlanes"
                ]
            ],
            "slot" : 2
        },
        "AbilitySlot3" : {
            "abils" : [ ],
            "slot" : 3
        },
        "AbilitySlot4" : {
            "abils" : [ ],
            "slot" : 4
        }
    },
    "acceleratedFlightShake" : {
        "pitch" : [
            0.001,
            0.005,
            1.5,
            1.75
        ],
        "roll" : [
            0.0025,
            0.0075,
            2,
            2.25
        ],
        "x" : [
            0.01,
            0.02,
            0.1,
            0.2
        ],
        "y" : [
            0.01,
            0.02,
            0.1,
            0.2
        ],
        "yaw" : [
            0.001,
            0.005,
            1.5,
            1.75
        ],
        "z" : [
            0.0,
            0.0,
            0.0,
            0.0
        ]
    },
    "accelerationMaxFov" : 1.2625,
    "aimingAccelerationModifier" : 1.0,
    "aimingAccuracyDecreaseRate" : -0.125,
    "aimingAccuracyIncreaseRate" : 0.15,
    "aimingCameraDistance" : [
        -3,
        3
    ],
    "aimingCameraFovSettings" : [
        1,
        4.0
    ],
    "aimingCameraHeight" : [
        0.7,
        3
    ],
    "aimingCameraOffset" : [
        0,
        1
    ],
    "aimingCameraPitchSettings" : [
        0.05,
        -10,
        10,
        0.5
    ],
    "aimingCameraSensitivity" : [
        1,
        1
    ],
    "aimingCameraYawSettings" : [
        0.0,
        10,
        0.5
    ],
    "aimingFormation" : [
        [
            "Implacable_TB_aiming_top"
        ],
        0.1
    ],
    "aimingHeight" : 3,
    "aimingShakeMultiplier" : 0.25,
    "aimingSpeedLimits" : [
        0.8026,
        1.2632
    ],
    "aimingTime" : 10,
    "aimingTurnAccelerationModifier" : 0.5,
    "aimingTurnSpeedLimit" : 0.5,
    "airBrakesDeploymentTime" : 1.0,
    "airBreakEffect" : "particles/airplanes/Air_break.xml",
    "airBrokenPartsEffect" : "particles/airplanes/Air_brokenParts.xml",
    "airDeathEffects" : [
        "particles/airplanes/Air_death_1.xml",
        "particles/airplanes/Air_death_2.xml",
        "particles/airplanes/Air_death_3.xml"
    ],
    "airDestroyEffects" : [
        "particles/airplanes/Air_explosion_1.xml",
        "particles/airplanes/Air_explosion_2.xml"
    ],
    "airExplosionEffects" : [
        "particles/airplanes/Air_explosion_1.xml",
        "particles/airplanes/Air_explosion_3.xml"
    ],
    "airFireEffect" : "particles/airplanes/Air_state_4_fire.xml",
    "airGunfireEffect" : "particles/airplanes/Air_gunfire.xml",
    "airHitEffect" : "particles/airplanes/Air_hit_1.xml",
    "airSmokeEffects" : [
        "particles/airplanes/Air_state_1_smoke.xml",
        "particles/airplanes/Air_state_2_smoke.xml",
        "particles/airplanes/Air_state_3_smoke.xml"
    ],
    "angleOfClimb" : 60.0,
    "angleOfDive" : -75.0,
    "attackAngle" : null,
    "attackCameraSlowdownTime" : 0.0,
    "attackCooldown" : 5,
    "attackCount" : 1,
    "attackEndDelay" : 0.0,
    "attackInterval" : 1,
    "attackPreparationFormation" : [
        [
            "Implacable_TB_preparation_top"
        ],
        0.1
    ],
    "attackShakeMultiplier" : 1,
    "attackerDamageTakenMultiplier" : 0.5,
    "attackerSize" : 2,
    "bombFallingTime" : 0.3,
    "bombName" : "PBPT208_Implacable_top",
    "bombingDropPointTime" : 0.1,
    "climbSpeedCoef" : 0.8,
    "climbSpeedCoefAiming" : 1,
    "climbSpeedCoefPreparation" : 1,
    "costCR" : 900,
    "customProjRenderSets" : [
        [
            "stub",
            "pylon_bomb_custom_BlendBone"
        ],
        [
            "stub1",
            "pylon_torpedo_custom_BlendBone"
        ],
        [
            "stub2",
            "pylon_rocket_custom_BlendBone"
        ]
    ],
    "damageTakenMultiplier" : 1.0,
    "deathCameraJumpDelay" : 120.0,
    "deathCameraSlowdownTime" : 3.0,
    "deceleratedFlightShake" : {
        "pitch" : [
            0.001,
            0.005,
            1.0,
            1.25
        ],
        "roll" : [
            0.0025,
            0.0075,
            1.5,
            1.75
        ],
        "x" : [
            0.01,
            0.03,
            0.1,
            0.2
        ],
        "y" : [
            0.01,
            0.03,
            0.1,
            0.2
        ],
        "yaw" : [
            0.001,
            0.005,
            1.0,
            1.25
        ],
        "z" : [
            0.0,
            0.0,
            0.0,
            0.0
        ]
    },
    "decelerationMinFov" : 0.8,
    "defaultCameraDistance" : [
        0.5,
        3
    ],
    "defaultCameraFovSettings" : [
        1,
        4.0
    ],
    "defaultCameraHeight" : [
        1,
        1
    ],
    "defaultCameraOffset" : [
        2,
        1
    ],
    "defaultCameraPitchSettings" : [
        0.0,
        -10,
        10,
        0.5
    ],
    "defaultCameraSensitivity" : [
        1,
        1
    ],
    "defaultCameraYawSettings" : [
        0.0,
        3.5,
        0.5
    ],
    "depletedForsageThreshold" : 0.25,
    "diveBomberBrakesStrength" : 0.75,
    "diveCameraDistance" : [
        -10,
        2.5
    ],
    "diveCameraFovSettings" : [
        1.25,
        2.5
    ],
    "diveCameraHeight" : [
        -2,
        2.5
    ],
    "diveCameraOffset" : [
        0,
        1
    ],
    "diveCameraPitchSettings" : [
        0.0,
        -10,
        10,
        0.5
    ],
    "diveCameraSensitivity" : [
        1,
        1
    ],
    "diveCameraYawSettings" : [
        0.0,
        3.5,
        0.5
    ],
    "diveHeightDecrease" : 1,
    "diveSpeedCoef" : 1.2,
    "diveSpeedCoefAiming" : 0.66,
    "diveSpeedCoefPreparation" : 0.66,
    "emptyReturnSpeedMultiplier" : 1,
    "engineFireEffect" : "particles/airplanes/Air_state_3_fire.xml",
    "engineLightEffect" : "particles/airplanes/Air_enginelight.xml",
    "escapeHeightAttack" : 40.0,
    "escapeHeightLanding" : 85.0,
    "fighterTracerName" : "PCPP001_Default_Storming",
    "finalAttackCameraJumpDelay" : 120.0,
    "flightHeight" : 20.0,
    "flightRadius" : 33.0,
    "flyScreenEffect" : "particles/airplanes/Air_screen_fly.xml",
    "formationAttack" : [
        [
            "Implacable_TB_dive_top"
        ],
        0.1
    ],
    "formationMove" : [
        [
            "Implacable_TB_move_top"
        ],
        0.1
    ],
    "forsageAcceleration" : 1,
    "forsageDeceleration" : 0.75,
    "forsageEffect" : "particles/airplanes/Air_forsage.xml",
    "forsageRegeneration" : 0.5,
    "forsageRegenerationDelay" : 0.5,
    "forsageScreenEffect" : "particles/airplanes/Air_forsage_screen.xml",
    "fuelTime" : 180.0,
    "groundDestroyEffects" : [
        "particles/airplane_ground_destroy.xml",
        "particles/airplane_ground_destroy_2.xml"
    ],
    "hangarSettings" : {
        "maxValue" : 12,
        "restoreAmount" : 1,
        "startValue" : 12,
        "timeToRestore" : 98.0
    },
    "heavyDamageShake" : {
        "duration" : 1,
        "pitch" : [
            0.02,
            0.04,
            0.1,
            0.2
        ],
        "roll" : [
            0.1,
            0.125,
            1,
            1.05
        ],
        "x" : [
            0.025,
            0.03,
            0.1,
            0.15
        ],
        "y" : [
            0.025,
            0.03,
            0.1,
            0.15
        ],
        "yaw" : [
            0.02,
            0.04,
            0.1,
            0.2
        ],
        "z" : [
            0.025,
            0.03,
            0.1,
            0.15
        ]
    },
    "id" : 4076830672,
    "index" : "PBAB208",
    "isConsumablePlane" : false,
    "isJatoBoosterDetachable" : true,
    "jatoBoosterModel" : "",
    "jatoDuration" : 0.0,
    "jatoEffect" : "particles/airplanes/Air_jato_smoke.xml",
    "jatoFadeDuration" : 0.0,
    "jatoFallingEffect" : "particles/airplanes/Air_jato_falling.xml",
    "jatoGroundEffect" : "particles/airplanes/Air_torpedo_ground_1.xml",
    "jatoSpeedMultiplier" : 2.0,
    "jatoVehicleEffect" : "particles/airplanes/Air_torpedo_ground_1.xml",
    "jatoWaterEffect" : "particles/airplanes/Air_torpedo_drop.xml",
    "keyboardTurnStrength" : 0.5,
    "landingFormation" : [
        [
            "Landing_formation"
        ],
        0.1
    ],
    "launchCameraDistance" : [
        -4.0,
        1
    ],
    "launchCameraFovSettings" : [
        1,
        0.5
    ],
    "launchCameraHeight" : [
        0.3,
        1
    ],
    "launchCameraOffset" : [
        0,
        1
    ],
    "launchCameraPitchSettings" : [
        -0.2,
        -0.5,
        0.0,
        1
    ],
    "launchCameraSensitivity" : [
        1,
        1
    ],
    "launchCameraYawSettings" : [
        0.0,
        3.5,
        0.5
    ],
    "launchDelayStep" : -0.4,
    "launchPrepareTime" : 0.1,
    "level" : 8,
    "lightDamageShake" : {
        "duration" : 0.75,
        "pitch" : [
            0.02,
            0.04,
            0.1,
            0.2
        ],
        "roll" : [
            0.1,
            0.125,
            1,
            1.05
        ],
        "x" : [
            0.025,
            0.03,
            0.1,
            0.15
        ],
        "y" : [
            0.025,
            0.03,
            0.1,
            0.15
        ],
        "yaw" : [
            0.02,
            0.04,
            0.1,
            0.2
        ],
        "z" : [
            0.025,
            0.03,
            0.1,
            0.15
        ]
    },
    "lowLodDist" : 210,
    "maxAirBrakesPitch" : 1.4,
    "maxForsageAmount" : 20,
    "maxHealth" : 2150,
    "maxLaunchDelay" : 2,
    "maxRotateSpeed" : 0.56,
    "maxRudderYaw" : 1.0,
    "maxSpread" : 200,
    "maxVisibilityFactor" : 10.0,
    "maxVisibilityFactorByPlane" : 10.0,
    "minLaunchDelay" : 0.1,
    "minSpread" : 3,
    "minVisibilityFactor" : 10.0,
    "minVisibilityFactorByPlane" : 10.0,
    "model" : "content/gameplay/uk/aircraft/bomber/BAB710_Fairey_Spearfish_proto/BAB710_Fairey_Spearfish_proto.model",
    "mouseTurnStrength" : [
        [
            1,
            0.2
        ],
        [
            2,
            0.225
        ],
        [
            3,
            0.25
        ],
        [
            4,
            0.275
        ],
        [
            5,
            0.3
        ],
        [
            6,
            0.35
        ],
        [
            7,
            0.4
        ],
        [
            8,
            0.45
        ],
        [
            9,
            0.5
        ],
        [
            15,
            0.5
        ],
        [
            16,
            0.4
        ],
        [
            17,
            0.3
        ],
        [
            18,
            0.2
        ],
        [
            19,
            0.1
        ],
        [
            20,
            0
        ]
    ],
    "name" : "PBAB208_Implacable_top",
    "naturalAcceleration" : 0.041,
    "naturalDeceleration" : 0.041,
    "normalFlightShake" : {
        "pitch" : [
            0.005,
            0.01,
            0.25,
            0.5
        ],
        "roll" : [
            0.005,
            0.01,
            0.25,
            0.5
        ],
        "x" : [
            0.03,
            0.05,
            0.1,
            0.2
        ],
        "y" : [
            0.04,
            0.06,
            0.1,
            0.2
        ],
        "yaw" : [
            0.005,
            0.01,
            0.25,
            0.5
        ],
        "z" : [
            0.0,
            0.0,
            0.0,
            0.0
        ]
    },
    "normalLodDist" : 190,
    "numFloats" : 0,
    "numPlanesInSquadron" : 8,
    "overMaxThrottleMultiplier" : 5.0,
    "pitchChangeRate" : 200,
    "planePitchAccelerationTime" : 0.5,
    "planeSpeedupCoef" : 2,
    "planeYawAccelerationTime" : 1.0,
    "postAttackInvulnerabilityDuration" : 3.5,
    "preparationAccelerationModifier" : 1.0,
    "preparationAccuracyDecreaseRate" : -0.08,
    "preparationAccuracyIncreaseRate" : 0.2,
    "preparationCameraDistance" : [
        -2.5,
        3
    ],
    "preparationCameraFovSettings" : [
        1,
        4.0
    ],
    "preparationCameraHeight" : [
        1,
        3
    ],
    "preparationCameraOffset" : [
        0,
        1
    ],
    "preparationCameraPitchSettings" : [
        0.05,
        -10,
        10,
        0.5
    ],
    "preparationCameraSensitivity" : [
        1,
        1
    ],
    "preparationCameraYawSettings" : [
        0.0,
        10,
        0.5
    ],
    "preparationHeight" : 3,
    "preparationShakeMultiplier" : 1.25,
    "preparationSpeedLimits" : [
        0.8026,
        1.2632
    ],
    "preparationTime" : 4,
    "preparationTurnAccelerationModifier" : 0.5,
    "preparationTurnSpeedLimit" : 0.5,
    "projectilesPerAttack" : 1,
    "propellerRPM" : 9999999,
    "returnHeight" : 100.0,
    "rotateAcceleration" : 9999,
    "rotateDeceleration" : 9999,
    "rudderTurnTime" : 1.5,
    "shootdownAirFrictionRelativeDeceleration" : 0.25,
    "shootdownFallAcceleration" : 2.0,
    "shootdownFallAccelerationDelta" : 1.0,
    "shootdownMaxRollSpeed" : 1000.0,
    "shootdownMinHorizontalSpeed" : 0.1,
    "shootdownRollAcceleration" : 360.0,
    "shootdownSideRelativeAcceleration" : 0.5,
    "speedMax" : 1.2632,
    "speedMin" : 0.8026,
    "speedMoveWithBomb" : 133.0,
    "splitSpeedBoostDuration" : 4,
    "splitSpeedMultiplier" : 2.0,
    "squadronTurnRadius" : 1,
    "startAngle" : -11.0,
    "stormingFormation" : [
        [
            "WARD_formation_attack"
        ],
        1.0
    ],
    "throttleAcceleration" : 0.102,
    "throttleBrakesStrength" : 0.5,
    "throttleDeceleration" : 0.102,
    "torpedoAimDist" : 100,
    "turnSettings" : [
        [
            0.01,
            0.0,
            1.45
        ],
        [
            0.02,
            0.2,
            1.35
        ],
        [
            0.03,
            0.4,
            1.25
        ],
        [
            0.04,
            0.6,
            1.15
        ],
        [
            0.05,
            0.8,
            1.05
        ],
        [
            0.06,
            1.0,
            0.95
        ],
        [
            0.07,
            1.2,
            0.9
        ],
        [
            0.08,
            1.4,
            0.85
        ],
        [
            0.09,
            1.6,
            0.8
        ]
    ],
    "typeinfo" : {
        "nation" : "United_Kingdom",
        "species" : "Bomber",
        "type" : "Aircraft"
    },
    "underMinThrottleMultiplier" : 5.0,
    "visionRayToShip" : 0.0,
    "visionToPlane" : 15.0,
    "visionToShip" : 15.0,
    "visionToTorpedo" : 0,
    "waterDestroyEffects" : [
        "particles/airplanes/Air_water_explosion_1.xml",
        "particles/airplanes/Air_water_explosion_2.xml",
        "particles/airplanes/Air_water_explosion_3.xml"
    ],
    "waterEffect" : "particles/airplane_water_effect.xml",
    "waterstepEffect" : "particles/airplanes/Air_waterstep.xml"
}