{
    "CautiousBehaviour" : { },
    "PlaneAbilities" : {
        "AbilitySlot0" : {
            "abils" : [
                [
                    "PCY034_ForsageBooster",
                    "Allplanes"
                ]
            ],
            "slot" : 0
        },
        "AbilitySlot1" : {
            "abils" : [
                [
                    "PCY035_CallFighters",
                    "BR_10"
                ]
            ],
            "slot" : 1
        },
        "AbilitySlot2" : {
            "abils" : [ ],
            "slot" : 2
        },
        "AbilitySlot3" : {
            "abils" : [ ],
            "slot" : 3
        },
        "AbilitySlot4" : {
            "abils" : [ ],
            "slot" : 4
        }
    },
    "accelerationMaxFov" : 1.35,
    "activeAntiAirAura" : 0.0,
    "aimingAccelerationModifier" : 1,
    "aimingAccuracyDecreaseRate" : -0.175,
    "aimingAccuracyIncreaseRate" : 0.15,
    "aimingCameraDistance" : [
        -2.65,
        3
    ],
    "aimingCameraFovSettings" : [
        1,
        0.5
    ],
    "aimingCameraHeight" : [
        0.5,
        3
    ],
    "aimingCameraOffset" : [
        0,
        1
    ],
    "aimingCameraPitchSettings" : [
        -0.6,
        -10,
        10,
        0.5
    ],
    "aimingCameraSensitivity" : [
        0.5,
        0.5
    ],
    "aimingCameraYawSettings" : [
        0.0,
        10,
        0.5
    ],
    "aimingFormation" : [
        [
            "Audacious_DB_aiming_stock"
        ],
        0.1
    ],
    "aimingHeight" : 20,
    "aimingSpeedLimits" : [
        0.8041,
        1.2612
    ],
    "aimingTime" : 9,
    "aimingTurnAccelerationModifier" : 0.6,
    "aimingTurnSpeedLimit" : 0.6,
    "airBrakesDeploymentTime" : 1.0,
    "airBreakEffect" : "particles/airplanes/Air_break.xml",
    "airBrokenPartsEffect" : "particles/airplanes/Air_brokenParts.xml",
    "airDeathEffects" : [
        "particles/airplanes/Air_death_1.xml",
        "particles/airplanes/Air_death_2.xml",
        "particles/airplanes/Air_death_3.xml"
    ],
    "airDestroyEffects" : [
        "particles/airplanes/Air_explosion_1.xml",
        "particles/airplanes/Air_explosion_2.xml"
    ],
    "airExplosionEffects" : [
        "particles/airplanes/Air_explosion_1.xml",
        "particles/airplanes/Air_explosion_3.xml"
    ],
    "airFireEffect" : "particles/airplanes/Air_state_4_fire.xml",
    "airGunfireEffect" : "particles/airplanes/Air_gunfire.xml",
    "airHitEffect" : "particles/airplanes/Air_hit_1.xml",
    "airSmokeEffects" : [
        "particles/airplanes/Air_state_1_smoke.xml",
        "particles/airplanes/Air_state_2_smoke.xml",
        "particles/airplanes/Air_state_3_smoke.xml"
    ],
    "angleOfClimb" : 60.0,
    "angleOfDive" : -75.0,
    "attackAngle" : null,
    "attackCooldown" : 5,
    "attackCount" : 4,
    "attackInterval" : 0.175,
    "attackPreparationFormation" : [
        [
            "Audacious_DB_preparation_stock"
        ],
        0.1
    ],
    "attackerDamageTakenMultiplier" : 0.7,
    "attackerDisengageTime" : 10.0,
    "attackerHeight" : 20,
    "attackerSize" : 3,
    "bombFallingTime" : 0.3,
    "bombFallingTimeGround" : 0.3,
    "bombName" : "PBPB110_Audacious_stock",
    "bombSalvoCoef" : [
        1.0,
        1.0
    ],
    "bombSalvoCoefDefense" : [
        1,
        1
    ],
    "bombSalvoCoefGround" : [
        1,
        1
    ],
    "bombSalvoCoefGroundDefense" : [
        1,
        1
    ],
    "bombingAttackAngle" : 90.0,
    "bombingAttackAngleGround" : 90.0,
    "bombingAttackPointDistance" : 10,
    "bombingAttackPointDistanceGround" : 10,
    "bombingAttackPointHeight" : 15,
    "bombingAttackPointHeightGround" : 15,
    "bombingDelay" : 0.01,
    "bombingDelayGround" : 0.01,
    "bombingDeploymentDistance" : 5,
    "bombingDropPointTime" : 0.1,
    "bombingDropPointTimeGround" : 0.1,
    "bombingRunAwayDistance" : 0.1,
    "bombingRunAwayDistanceGround" : 0.1,
    "bombingRunAwayHeight" : 15,
    "bombingRunAwayHeightGround" : 15,
    "bombingStartPointDistance" : 20,
    "bombingStartPointDistanceGround" : 20,
    "bombingStartPointHeight" : 5,
    "bombingStartPointHeightGround" : 5,
    "bombingStartTime" : 0.1,
    "bombingStartTimeGround" : 0.1,
    "climbSpeedCoef" : 0.8,
    "costCR" : 1200,
    "customProjRenderSets" : [
        [
            "stub",
            "pylon_bomb_custom_BlendBone"
        ],
        [
            "stub1",
            "pylon_torpedo_custom_BlendBone"
        ],
        [
            "stub2",
            "pylon_rocket_custom_BlendBone"
        ]
    ],
    "deathCameraJumpDelay" : 120.0,
    "deathCameraSlowdownTime" : 3.0,
    "deathPenalty" : 2.5,
    "decelerationMinFov" : 0.8,
    "defaultCameraDistance" : [
        0.5,
        1
    ],
    "defaultCameraFovSettings" : [
        1,
        0.5
    ],
    "defaultCameraHeight" : [
        1,
        1
    ],
    "defaultCameraOffset" : [
        2,
        1
    ],
    "defaultCameraPitchSettings" : [
        0.0,
        -1.4,
        1.4,
        0.5
    ],
    "defaultCameraSensitivity" : [
        1,
        1
    ],
    "defaultCameraYawSettings" : [
        0.0,
        3.5,
        0.5
    ],
    "defaultLerpStep" : 10,
    "defenceTracerName" : "PCPP003_Default_Defence",
    "delayBeforeCamJumpAfterAttack" : 0,
    "depletedForsageThreshold" : 0.25,
    "disableAfterSplitTime" : 4,
    "disableHeightIncrease" : 99,
    "disableHeightTime" : 5,
    "disableSpeed" : 2.0,
    "diveBomberBrakesStrength" : 0.75,
    "diveCameraDistance" : [
        22.5,
        3
    ],
    "diveCameraFovSettings" : [
        1.5,
        0.5
    ],
    "diveCameraHeight" : [
        -15,
        3
    ],
    "diveCameraOffset" : [
        0,
        1
    ],
    "diveCameraPitchSettings" : [
        0,
        -1.4,
        1.4,
        0.5
    ],
    "diveCameraSensitivity" : [
        1,
        1
    ],
    "diveCameraYawSettings" : [
        0.0,
        3.5,
        0.5
    ],
    "diveHeightDecrease" : 1,
    "diveSpeedCoef" : 0.9,
    "diveTime" : 0.1,
    "drawAttackTimer" : false,
    "drawClientAttackPoint" : false,
    "drawClientPlanePos" : false,
    "drawClientPos" : false,
    "drawServerAttackPoint" : false,
    "drawServerPlanePos" : false,
    "drawServerPos" : false,
    "emptyReturnSpeedMultiplier" : 1,
    "engineFireEffect" : "particles/airplanes/Air_state_3_fire.xml",
    "engineLightEffect" : "particles/airplanes/Air_enginelight.xml",
    "engineSoundType" : "",
    "escortPlaneFollowDistance" : 0,
    "escortShipFollowDistance" : 0,
    "fightTracerName" : "",
    "fightingFormationDistance" : 1,
    "fightingStartDistance" : 1,
    "fightingStopDistance" : 1,
    "finalAttackCameraJumpDelay" : 120.0,
    "finalAttackCameraSlowdownTime" : 3.0,
    "flightHeight" : 10.0,
    "flightRadius" : 33.0,
    "flyScreenEffect" : "particles/airplanes/Air_screen_fly.xml",
    "formationAttack" : [
        [
            "Audacious_DB_dive_stock"
        ],
        0.1
    ],
    "formationAttackMove" : [
        [
            "WARD_formation"
        ],
        1.0
    ],
    "formationAvoidThreat" : [
        [
            "WARD_formation"
        ],
        1.0
    ],
    "formationEscortPlane" : [
        [
            "WARD_formation"
        ],
        1.0
    ],
    "formationEscortShip" : [
        [
            "WARD_formation"
        ],
        1.0
    ],
    "formationMove" : [
        [
            "Audacious_DB_move_stock"
        ],
        0.1
    ],
    "formationMoveToTarget" : [
        [
            "WARD_formation"
        ],
        1.0
    ],
    "formationSpinAround" : [
        [
            "WARD_formation"
        ],
        1.0
    ],
    "forsageAcceleration" : 1,
    "forsageDeceleration" : 0.75,
    "forsageEffect" : "particles/airplanes/Air_forsage.xml",
    "forsageRegeneration" : 0.5,
    "forsageRegenerationDelay" : 0.25,
    "forsageScreenEffect" : "particles/airplanes/Air_forsage_screen.xml",
    "fuelTime" : 180.0,
    "groundDestroyEffects" : [
        "particles/airplane_ground_destroy.xml",
        "particles/airplane_ground_destroy_2.xml"
    ],
    "hangarSettings" : {
        "maxValue" : 14,
        "restoreAmount" : 1,
        "startValue" : 14,
        "timeToRestore" : 84.0
    },
    "id" : 4179525584,
    "inLandingQueueFlightHeight" : 10.0,
    "inLandingQueueFlightRadius" : 19.0,
    "index" : "PBAD110",
    "isConsumablePlane" : false,
    "keyboardTurnStrength" : 0.5,
    "launchCameraDistance" : [
        -4.0,
        1
    ],
    "launchCameraFovSettings" : [
        1,
        0.5
    ],
    "launchCameraHeight" : [
        0.3,
        1
    ],
    "launchCameraOffset" : [
        0,
        1
    ],
    "launchCameraPitchSettings" : [
        -0.2,
        -0.5,
        0.0,
        1
    ],
    "launchCameraSensitivity" : [
        1,
        1
    ],
    "launchCameraYawSettings" : [
        0.0,
        3.5,
        0.5
    ],
    "launchDelayStep" : -0.4,
    "launchMeetingTime" : 0.1,
    "launchPrepareTime" : 0.1,
    "lerpThreshold" : 0.5,
    "level" : 9,
    "lowLodDist" : 210,
    "maneuverFormation" : [
        [
            "WARD_formation"
        ],
        1.0
    ],
    "maxAimAttackerDist" : 25,
    "maxAirBrakesPitch" : 1.4,
    "maxForsageAmount" : 20,
    "maxHealth" : 2320,
    "maxLaunchDelay" : 2,
    "maxRotateSpeed" : 0.52,
    "maxRudderYaw" : 1.0,
    "maxSpread" : [
        3,
        2
    ],
    "maxTorpedoTime" : 0,
    "maxVisibilityFactor" : 10.0,
    "maxVisibilityFactorByPlane" : 10.0,
    "minLaunchDelay" : 0.1,
    "minLerpStep" : 10,
    "minSpread" : [
        1,
        1
    ],
    "minTorpedoTime" : 0,
    "minVisibilityFactor" : 10.0,
    "minVisibilityFactorByPlane" : 10.0,
    "model" : "content/gameplay/uk/aircraft/bomber/BAB709_BB_Firebrand_MkV_proto/BAB709_BB_Firebrand_MkV_proto.model",
    "mouseTurnStrength" : [
        [
            1,
            0.2
        ],
        [
            2,
            0.225
        ],
        [
            3,
            0.25
        ],
        [
            4,
            0.275
        ],
        [
            5,
            0.3
        ],
        [
            6,
            0.35
        ],
        [
            7,
            0.4
        ],
        [
            8,
            0.45
        ],
        [
            9,
            0.5
        ],
        [
            15,
            0.5
        ],
        [
            16,
            0.4
        ],
        [
            17,
            0.3
        ],
        [
            18,
            0.2
        ],
        [
            19,
            0.1
        ],
        [
            20,
            0
        ]
    ],
    "movementAcknowledgeDelay" : 0.0,
    "name" : "PBAD110_Audacious_stock",
    "normalLodDist" : 190,
    "numFloats" : 0,
    "numPlanesInSquadron" : 9,
    "passiveAntiAirAura" : 0.0,
    "pitchChangeRate" : 300,
    "planeMaxPitchSpeed" : 1.5,
    "planePitchAccelerationTime" : 0.5,
    "planeSpeedupCoef" : 2,
    "planeTurnRadius" : 1.0,
    "planeYawAccelerationTime" : 1.0,
    "postAttackInvulnerabilityDuration" : 3.5,
    "preparationAccelerationModifier" : 1,
    "preparationAccuracyDecreaseRate" : -0.175,
    "preparationAccuracyIncreaseRate" : 0.3,
    "preparationCameraDistance" : [
        -2.5,
        3
    ],
    "preparationCameraFovSettings" : [
        1,
        0.5
    ],
    "preparationCameraHeight" : [
        1,
        3
    ],
    "preparationCameraOffset" : [
        0,
        1
    ],
    "preparationCameraPitchSettings" : [
        -0.6,
        -10,
        10,
        0.5
    ],
    "preparationCameraSensitivity" : [
        0.75,
        0.75
    ],
    "preparationCameraYawSettings" : [
        0.0,
        10,
        0.5
    ],
    "preparationHeight" : 20,
    "preparationSpeedLimits" : [
        0.8041,
        1.2612
    ],
    "preparationTime" : 3,
    "preparationTurnAccelerationModifier" : 0.6,
    "preparationTurnSpeedLimit" : 0.6,
    "prepareTime" : 0.1,
    "propellerRPM" : 9999999,
    "renversementLeft" : [
        [
            0,
            10,
            20
        ],
        [
            -40,
            10,
            20
        ],
        [
            -20,
            0,
            0
        ]
    ],
    "renversementRight" : [
        [
            0,
            10,
            20
        ],
        [
            40,
            10,
            20
        ],
        [
            20,
            0,
            0
        ]
    ],
    "rotateAcceleration" : 9999,
    "rotateDeceleration" : 9999,
    "rudderTurnTime" : 1.5,
    "shootdownAirFrictionRelativeDeceleration" : 0.25,
    "shootdownFallAcceleration" : 2.0,
    "shootdownFallAccelerationDelta" : 1.0,
    "shootdownMaxRollSpeed" : 1000.0,
    "shootdownMinHorizontalSpeed" : 0.1,
    "shootdownRollAcceleration" : 360.0,
    "shootdownSideRelativeAcceleration" : 0.5,
    "speedAttack" : 1,
    "speedAttackMove" : 1,
    "speedFastAcceleration" : 0.109,
    "speedFastDeceleration" : 0.044,
    "speedLanding" : 80.0,
    "speedMax" : 1.2612,
    "speedMin" : 0.8041,
    "speedMove" : 150,
    "speedMoveWithBomb" : 134.0,
    "speedSlowAcceleration" : 0.109,
    "speedSlowDeceleration" : 0.044,
    "speedSpinAround" : 1.0,
    "squadronTurnRadius" : 1,
    "startAngle" : -12.0,
    "stormingFormation" : [
        [
            "WARD_formation_attack"
        ],
        1.0
    ],
    "stormingMoveAttackFormation" : [
        [
            "WARD_formation_attack"
        ],
        0.1
    ],
    "stormingTracerName" : "PCPP001_Default_Storming",
    "throttleBrakesStrength" : 0.5,
    "torpedoAimDist" : 100,
    "torpedoSpreading" : 10,
    "torpedoSpreadingDefense" : 10,
    "torpedoSpreadingGround" : 10,
    "torpedoSpreadingGroundDefense" : 10,
    "turnSettings" : [
        [
            0.01,
            0.0,
            1.45
        ],
        [
            0.02,
            0.2,
            1.35
        ],
        [
            0.03,
            0.4,
            1.25
        ],
        [
            0.04,
            0.6,
            1.15
        ],
        [
            0.05,
            0.8,
            1.05
        ],
        [
            0.06,
            1.0,
            0.95
        ],
        [
            0.07,
            1.2,
            0.9
        ],
        [
            0.08,
            1.4,
            0.85
        ],
        [
            0.09,
            1.6,
            0.8
        ]
    ],
    "typeinfo" : {
        "nation" : "United_Kingdom",
        "species" : "Dive",
        "type" : "Aircraft"
    },
    "visionRayToShip" : 0.0,
    "visionToPlane" : 20.0,
    "visionToShip" : 20.0,
    "visionToTorpedo" : 0,
    "waterDestroyEffects" : [
        "particles/airplanes/Air_water_explosion_1.xml",
        "particles/airplanes/Air_water_explosion_2.xml",
        "particles/airplanes/Air_water_explosion_3.xml"
    ],
    "waterEffect" : "particles/airplane_water_effect.xml",
    "waterstepEffect" : "particles/airplanes/Air_waterstep.xml"
}