{
  "alphaDamage" : 1500.0,
  "alphaPiercingCS" : 0,
  "alphaPiercingHE" : 17.0,
  "ammoType" : "HE",
  "bulletAirDrag" : 0.4211,
  "bulletAlwaysRicochetAt" : 60.0,
  "bulletCap" : true,
  "bulletCapNormalizeMaxAngle" : 68.0,
  "bulletDetonator" : 0.001,
  "bulletDetonatorSpread" : 0.0,
  "bulletDetonatorThreshold" : 2.0,
  "bulletDiametr" : 0.102,
  "bulletKrupp" : 1.0,
  "bulletMass" : 14.06,
  "bulletPenetrationSpread" : 0.0,
  "bulletRicochetAt" : 91.0,
  "bulletSpeed" : 873.0,
  "bulletUnderwaterDistFactor" : 0.8,
  "bulletUnderwaterPenetrationFactor" : 0.9,
  "bulletWaterDrag" : 10.0,
  "burnProb" : 0.06,
  "costCR" : 5,
  "createDepthCharge" : false,
  "customTrails" : {
    "PAW404_Ovechkin" : "particles/trails/Trail_smoke_commander_B.dds",
    "PAW405_OvechkinPrem" : "particles/trails/Trail_smoke_commander_B.dds",
    "PAW406_OvechkinPremHell" : "particles/trails/Trail_smoke_commander_B.dds",
    "PFW405_Auboyneau" : "particles/trails/Trail_smoke_commander_LB.dds",
    "PGW103_Lutjens" : "particles/trails/Trail_smoke_commander_R.dds",
    "PIW101_Sansonetti" : "particles/trails/Trail_smoke_commander_R.dds",
    "PRW404_Ovechkin" : "particles/trails/Trail_smoke_commander_B.dds",
    "PRW406_Kuznetsov" : "particles/trails/Trail_smoke_commander_Kuznetsov.dds",
    "default" : "particles/trails/Trail_smoke_commander_R.dds"
  },
  "damage" : 350.0,
  "depthChargeName" : "PCPD010",
  "directDamage" : 0.0,
  "ground" : "particles/onGroundExplosion127mm.xml",
  "hatTracerTexture" : "particles/trails/Trail_Shell_Hat_Enemy.dds",
  "hitDecalSize" : 0.2,
  "id" : 4263494608,
  "index" : "PBPA030",
  "name" : "PBPA030_102MM_MVII_HE",
  "ownHatTracerTexture" : "particles/trails/Trail_Shell_Hat.dds",
  "ownTracerEffect" : "",
  "ownTracerTexture" : "particles/trails/Trail_Pmk.dds",
  "projDestroyedEffect" : "particles/Explosion_127_HE_void.xml",
  "shellGlow" : 5.0,
  "shellLength" : 1.05,
  "shellModelScale" : 0.06,
  "shipDestroyEffect" : "particles/onWaterExplosion127mm.xml",
  "shotSound" : "GameLogic.Shot.GK.IncomingShell",
  "smokeAlphaFalloff" : 20.0,
  "smokeOpacity" : 0.65,
  "smokeTexture" : "particles/trails/Trail_smoke_R.dds",
  "smokeThickness" : 0.1,
  "smokeTileLength" : 22.0,
  "splashArmorCoeff" : -0.35,
  "splashCubeSize" : 0.31,
  "tracerEffect" : "",
  "tracerLength" : 22.0,
  "tracerOpacity" : 0.8,
  "tracerTexture" : "particles/trails/Trail_Pmk_Enemy.dds",
  "tracerThickness" : 0.035,
  "typeinfo" : {
    "nation" : "United_Kingdom",
    "species" : "Artillery",
    "type" : "Projectile"
  },
  "useSpecialShellModel" : false,
  "uwAbility" : false,
  "uwCritical" : 0.0,
  "volume" : 0.5,
  "water" : "particles/onWaterExplosion127mm.xml",
  "waterRefractionReflectDeltaAngleInterval" : [ 2.0, 6.0 ]
}