{
    "additionalShips" : [ ],
    "alertDist" : 100,
    "alphaDamage" : 47000.0,
    "alphaPiercingHE" : 1000.0,
    "ammoType" : "torpedo",
    "armingTime" : 1,
    "bulletDiametr" : 0.533,
    "burnProb" : 0.0,
    "costCR" : 275,
    "damage" : 1100.0,
    "damageUW" : 43900.0,
    "depth" : 0.14,
    "directDamage" : 0.0,
    "dropToTheGroundEffect" : "particles/airplanes/Air_torpedo_ground_1.xml",
    "fallingTimeCoef" : 1,
    "fallingTracerEffect" : "particles/airplanes/Air_state_3_fire.xml",
    "ground" : "particles/onGroundExplosionTorpedo.xml",
    "hitDecalSize" : 0.0,
    "id" : 4281746384,
    "ignoreClasses" : [ ],
    "index" : "PBPT012",
    "isDeepWater" : false,
    "maxDist" : 333.0,
    "model" : "content/gameplay/uk/projectile/torpedo/BPT005_Sea_Torpedo_21in_MK_IX/BPT005_Sea_Torpedo_21in_MK_IX.model",
    "name" : "PBPT012_533_COSSACK",
    "ownTracerEffect" : "particles/tracerTorpedo_avatar.xml",
    "planeAmmoType" : "torpedo",
    "projDestroyedEffect" : "particles/onShipHitTorpedo_J.xml",
    "shipDestroyEffect" : "particles/onWaterExplosion127mm.xml",
    "speed" : 62.0,
    "splashArmorCoeff" : 0.4,
    "splashCubeSize" : 1.2,
    "tracerEffect" : "particles/tracerTorpedo.xml",
    "typeinfo" : {
        "nation" : "United_Kingdom",
        "species" : "Torpedo",
        "type" : "Projectile"
    },
    "uwAbility" : true,
    "uwCritical" : 2.82,
    "visibilityFactor" : 1.3,
    "volume" : 0.9,
    "water" : "particles/onShipHitTorpedo.xml"
}